2026-07-20 10:00:08,238 WARNING [warmup] E*TRADE not authenticated — option chains will fall back to yfinance
2026-07-20 10:00:08,249 INFO [prefetch] step 1 — batch daily history for 102 tickers
2026-07-20 10:00:29,102 INFO [prefetch] daily history done: 102 ok, 0 fail  (20.9s)
2026-07-20 10:00:29,102 INFO [prefetch] step 2 — batch weekly history for 101 tickers
2026-07-20 10:00:46,342 INFO [prefetch] weekly history done: 101 ok, 0 fail  (38.1s)
2026-07-20 10:00:46,345 INFO [prefetch] step 3+4 — expirations + chains for 101 tickers (serial)
2026-07-20 10:02:25,198 INFO [prefetch] done in 137s — hist 102/102, weekly 101/101, exps 101/101, chains 213 (fail 0)
2026-07-20 10:02:25,200 INFO [scan] cache ready — 517 total keys, 213 chain keys
2026-07-20 10:02:25,715 ERROR HTTP Error 404: {"quoteSummary":{"result":null,"error":{"code":"Not Found","description":"No fundamentals data found for symbol: TQQQ"}}}
2026-07-20 10:02:25,718 ERROR HTTP Error 404: {"quoteSummary":{"result":null,"error":{"code":"Not Found","description":"No fundamentals data found for symbol: SPY"}}}
2026-07-20 10:02:25,722 ERROR HTTP Error 404: {"quoteSummary":{"result":null,"error":{"code":"Not Found","description":"No fundamentals data found for symbol: QQQ"}}}
2026-07-20 10:02:26,174 ERROR HTTP Error 404: {"quoteSummary":{"result":null,"error":{"code":"Not Found","description":"No fundamentals data found for symbol: SPY"}}}
2026-07-20 10:02:26,202 ERROR HTTP Error 404: {"quoteSummary":{"result":null,"error":{"code":"Not Found","description":"No fundamentals data found for symbol: QQQ"}}}
2026-07-20 10:02:26,752 ERROR HTTP Error 404: {"quoteSummary":{"result":null,"error":{"code":"Not Found","description":"No fundamentals data found for symbol: TQQQ"}}}
2026-07-20 10:02:27,476 ERROR HTTP Error 401: {"finance":{"result":null,"error":{"code":"Unauthorized","description":"User is unable to access this feature - https://bit.ly/yahoo-finance-api-feedback"}}}
2026-07-20 10:02:37,206 ERROR HTTP Error 401: {"finance":{"result":null,"error":{"code":"Unauthorized","description":"Invalid Crumb"}}}
2026-07-20 10:02:38,497 ERROR HTTP Error 401: {"finance":{"result":null,"error":{"code":"Unauthorized","description":"Invalid Crumb"}}}
2026-07-20 10:02:39,728 ERROR HTTP Error 404: {"quoteSummary":{"result":null,"error":{"code":"Not Found","description":"No fundamentals data found for symbol: TQQQ"}}}
2026-07-20 10:02:40,532 ERROR HTTP Error 404: {"quoteSummary":{"result":null,"error":{"code":"Not Found","description":"No fundamentals data found for symbol: TQQQ"}}}
2026-07-20 10:02:40,825 ERROR HTTP Error 404: {"quoteSummary":{"result":null,"error":{"code":"Not Found","description":"No fundamentals data found for symbol: SPY"}}}
2026-07-20 10:02:41,728 ERROR HTTP Error 404: {"quoteSummary":{"result":null,"error":{"code":"Not Found","description":"No fundamentals data found for symbol: SPY"}}}
2026-07-20 10:02:51,102 ERROR HTTP Error 401: {"finance":{"result":null,"error":{"code":"Unauthorized","description":"Invalid Crumb"}}}
2026-07-20 10:02:51,216 ERROR HTTP Error 401: {"finance":{"result":null,"error":{"code":"Unauthorized","description":"Invalid Crumb"}}}
2026-07-20 10:02:55,614 ERROR HTTP Error 401: {"finance":{"result":null,"error":{"code":"Unauthorized","description":"Invalid Crumb"}}}
2026-07-20 10:02:55,722 ERROR HTTP Error 401: {"finance":{"result":null,"error":{"code":"Unauthorized","description":"Invalid Crumb"}}}
2026-07-20 10:03:11,534 ERROR HTTP Error 404: {"quoteSummary":{"result":null,"error":{"code":"Not Found","description":"No fundamentals data found for symbol: QQQ"}}}
2026-07-20 10:03:11,733 WARNING analyze_ticker(LRCX, short_dte) failed: 'NoneType' object has no attribute 'copy'
2026-07-20 10:03:16,429 ERROR HTTP Error 401: {"finance":{"result":null,"error":{"code":"Unauthorized","description":"Invalid Crumb"}}}
2026-07-20 10:03:23,285 ERROR HTTP Error 401: {"finance":{"result":null,"error":{"code":"Unauthorized","description":"Invalid Crumb"}}}
2026-07-20 10:03:28,470 ERROR HTTP Error 401: {"finance":{"result":null,"error":{"code":"Unauthorized","description":"Invalid Crumb"}}}
2026-07-20 10:03:30,657 WARNING analyze_ticker(SNOW, short_dte) failed: Expiration `2026-09-18` cannot be found. Available expirations are: []
2026-07-20 10:03:32,943 ERROR HTTP Error 401: {"finance":{"result":null,"error":{"code":"Unauthorized","description":"User is unable to access this feature - https://bit.ly/yahoo-finance-api-feedback"}}}
2026-07-20 10:03:37,635 ERROR HTTP Error 401: {"finance":{"result":null,"error":{"code":"Unauthorized","description":"Invalid Crumb"}}}
2026-07-20 10:03:38,367 ERROR HTTP Error 401: {"finance":{"result":null,"error":{"code":"Unauthorized","description":"User is unable to access this feature - https://bit.ly/yahoo-finance-api-feedback"}}}
2026-07-20 10:03:40,463 ERROR HTTP Error 401: {"finance":{"result":null,"error":{"code":"Unauthorized","description":"User is unable to access this feature - https://bit.ly/yahoo-finance-api-feedback"}}}
2026-07-20 10:03:40,553 ERROR HTTP Error 401: {"finance":{"result":null,"error":{"code":"Unauthorized","description":"User is unable to access this feature - https://bit.ly/yahoo-finance-api-feedback"}}}
2026-07-20 10:03:48,592 ERROR HTTP Error 401: {"finance":{"result":null,"error":{"code":"Unauthorized","description":"Invalid Crumb"}}}
2026-07-20 10:03:52,988 WARNING analyze_ticker(RGTI, short_dte) failed: Expiration `2026-09-18` cannot be found. Available expirations are: []
2026-07-20 10:03:53,377 WARNING analyze_ticker(TEAM, short_dte) failed: 'NoneType' object has no attribute 'copy'
2026-07-20 10:03:54,140 ERROR HTTP Error 401: {"finance":{"result":null,"error":{"code":"Unauthorized","description":"Invalid Crumb"}}}
2026-07-20 10:03:56,719 ERROR HTTP Error 401: {"finance":{"result":null,"error":{"code":"Unauthorized","description":"Invalid Crumb"}}}
2026-07-20 10:03:56,763 WARNING analyze_ticker(INTU, short_dte) failed: 'NoneType' object has no attribute 'copy'
2026-07-20 10:03:56,767 ERROR HTTP Error 401: {"finance":{"result":null,"error":{"code":"Unauthorized","description":"Invalid Crumb"}}}
2026-07-20 10:03:56,924 ERROR HTTP Error 401: {"finance":{"result":null,"error":{"code":"Unauthorized","description":"Invalid Crumb"}}}
2026-07-20 10:03:58,146 ERROR HTTP Error 401: {"finance":{"result":null,"error":{"code":"Unauthorized","description":"User is unable to access this feature - https://bit.ly/yahoo-finance-api-feedback"}}}
2026-07-20 10:03:59,589 WARNING analyze_ticker(NFLX, short_dte) failed: 'NoneType' object has no attribute 'copy'
2026-07-20 10:03:59,639 ERROR HTTP Error 401: {"finance":{"result":null,"error":{"code":"Unauthorized","description":"Invalid Crumb"}}}
2026-07-20 10:04:09,703 WARNING analyze_ticker(MELI, short_dte) failed: 'NoneType' object has no attribute 'copy'
2026-07-20 10:04:11,872 WARNING analyze_ticker(UBER, short_dte) failed: 'NoneType' object has no attribute 'copy'
2026-07-20 10:04:18,507 ERROR HTTP Error 401: {"finance":{"result":null,"error":{"code":"Unauthorized","description":"Invalid Crumb"}}}
2026-07-20 10:04:18,537 ERROR HTTP Error 401: {"finance":{"result":null,"error":{"code":"Unauthorized","description":"Invalid Crumb"}}}
2026-07-20 10:04:18,543 ERROR HTTP Error 401: {"finance":{"result":null,"error":{"code":"Unauthorized","description":"User is unable to access this feature - https://bit.ly/yahoo-finance-api-feedback"}}}
2026-07-20 10:04:20,724 WARNING analyze_ticker(NKE, short_dte) failed: 'NoneType' object has no attribute 'copy'
2026-07-20 10:04:20,864 WARNING analyze_ticker(APP, short_dte) failed: 'NoneType' object has no attribute 'copy'
2026-07-20 10:04:43,801 ERROR HTTP Error 401: {"finance":{"result":null,"error":{"code":"Unauthorized","description":"Invalid Crumb"}}}
2026-07-20 10:04:44,042 ERROR HTTP Error 401: {"finance":{"result":null,"error":{"code":"Unauthorized","description":"Invalid Crumb"}}}
2026-07-20 10:04:46,495 ERROR HTTP Error 401: {"finance":{"result":null,"error":{"code":"Unauthorized","description":"Invalid Crumb"}}}
2026-07-20 10:04:46,497 ERROR HTTP Error 401: {"finance":{"result":null,"error":{"code":"Unauthorized","description":"Invalid Crumb"}}}
2026-07-20 10:04:46,499 ERROR HTTP Error 401: {"finance":{"result":null,"error":{"code":"Unauthorized","description":"Invalid Crumb"}}}
2026-07-20 10:04:46,517 ERROR HTTP Error 401: {"finance":{"result":null,"error":{"code":"Unauthorized","description":"Invalid Crumb"}}}
2026-07-20 10:04:58,077 ERROR HTTP Error 401: {"finance":{"result":null,"error":{"code":"Unauthorized","description":"Invalid Crumb"}}}
2026-07-20 10:04:58,170 ERROR HTTP Error 401: {"finance":{"result":null,"error":{"code":"Unauthorized","description":"Invalid Crumb"}}}
2026-07-20 10:05:04,618 ERROR HTTP Error 503: upstream connect error or disconnect/reset before headers. retried and the latest reset reason: connection timeout
2026-07-20 10:05:05,936 ERROR HTTP Error 401: {"finance":{"result":null,"error":{"code":"Unauthorized","description":"Invalid Crumb"}}}
2026-07-20 10:05:05,988 ERROR HTTP Error 401: {"finance":{"result":null,"error":{"code":"Unauthorized","description":"Invalid Crumb"}}}
2026-07-20 10:05:06,249 WARNING analyze_ticker(BSX, short_dte) failed: Expiration `2026-09-18` cannot be found. Available expirations are: []
2026-07-20 10:05:07,114 WARNING analyze_ticker(WMT, short_dte) failed: Expiration `2026-09-18` cannot be found. Available expirations are: []
2026-07-20 10:05:20,160 ERROR HTTP Error 401: {"finance":{"result":null,"error":{"code":"Unauthorized","description":"Invalid Crumb"}}}
2026-07-20 10:05:23,278 ERROR HTTP Error 401: {"finance":{"result":null,"error":{"code":"Unauthorized","description":"Invalid Crumb"}}}
2026-07-20 10:05:23,771 WARNING analyze_ticker(BAC, short_dte) failed: 'NoneType' object has no attribute 'copy'
2026-07-20 10:05:31,107 WARNING analyze_ticker(CAT, short_dte) failed: Expiration `2026-09-18` cannot be found. Available expirations are: []
2026-07-20 10:05:31,156 ERROR HTTP Error 401: {"finance":{"result":null,"error":{"code":"Unauthorized","description":"Invalid Crumb"}}}
2026-07-20 10:05:31,193 ERROR HTTP Error 401: {"finance":{"result":null,"error":{"code":"Unauthorized","description":"Invalid Crumb"}}}
2026-07-20 10:05:31,257 ERROR HTTP Error 401: {"finance":{"result":null,"error":{"code":"Unauthorized","description":"User is unable to access this feature - https://bit.ly/yahoo-finance-api-feedback"}}}
2026-07-20 10:05:31,713 WARNING analyze_ticker(DE, short_dte) failed: Expiration `2026-09-18` cannot be found. Available expirations are: []
2026-07-20 10:05:32,163 ERROR HTTP Error 401: {"finance":{"result":null,"error":{"code":"Unauthorized","description":"User is unable to access this feature - https://bit.ly/yahoo-finance-api-feedback"}}}
2026-07-20 10:05:37,664 ERROR HTTP Error 401: {"finance":{"result":null,"error":{"code":"Unauthorized","description":"Invalid Crumb"}}}
2026-07-20 10:05:39,669 WARNING analyze_ticker(OXY, short_dte) failed: Expiration `2026-09-18` cannot be found. Available expirations are: []
2026-07-20 10:05:41,092 ERROR HTTP Error 401: {"finance":{"result":null,"error":{"code":"Unauthorized","description":"Invalid Crumb"}}}
2026-07-20 10:05:52,328 ERROR HTTP Error 401: {"finance":{"result":null,"error":{"code":"Unauthorized","description":"Invalid Crumb"}}}
2026-07-20 10:05:52,369 ERROR HTTP Error 404: {"quoteSummary":{"result":null,"error":{"code":"Not Found","description":"No fundamentals data found for symbol: GLD"}}}
2026-07-20 10:05:52,680 ERROR HTTP Error 404: {"quoteSummary":{"result":null,"error":{"code":"Not Found","description":"No fundamentals data found for symbol: IWM"}}}
2026-07-20 10:05:54,148 ERROR HTTP Error 404: {"quoteSummary":{"result":null,"error":{"code":"Not Found","description":"No fundamentals data found for symbol: XLE"}}}
2026-07-20 10:05:54,319 ERROR HTTP Error 404: {"quoteSummary":{"result":null,"error":{"code":"Not Found","description":"No fundamentals data found for symbol: GLD"}}}
2026-07-20 10:05:54,420 ERROR HTTP Error 404: {"quoteSummary":{"result":null,"error":{"code":"Not Found","description":"No fundamentals data found for symbol: IWM"}}}
2026-07-20 10:05:55,027 ERROR HTTP Error 404: {"quoteSummary":{"result":null,"error":{"code":"Not Found","description":"No fundamentals data found for symbol: XLE"}}}
2026-07-20 10:05:57,037 WARNING analyze_ticker(VST, short_dte) failed: 'NoneType' object has no attribute 'copy'
2026-07-20 10:05:58,796 ERROR HTTP Error 401: {"finance":{"result":null,"error":{"code":"Unauthorized","description":"Invalid Crumb"}}}
2026-07-20 10:06:00,262 ERROR HTTP Error 401: {"finance":{"result":null,"error":{"code":"Unauthorized","description":"Invalid Crumb"}}}
2026-07-20 10:06:00,476 ERROR HTTP Error 401: {"finance":{"result":null,"error":{"code":"Unauthorized","description":"Invalid Crumb"}}}
2026-07-20 10:06:00,884 ERROR HTTP Error 401: {"finance":{"result":null,"error":{"code":"Unauthorized","description":"Invalid Crumb"}}}
2026-07-20 10:06:02,068 ERROR HTTP Error 404: {"quoteSummary":{"result":null,"error":{"code":"Not Found","description":"No fundamentals data found for symbol: XLE"}}}
2026-07-20 10:06:03,465 ERROR HTTP Error 404: {"quoteSummary":{"result":null,"error":{"code":"Not Found","description":"No fundamentals data found for symbol: XLE"}}}
2026-07-20 10:06:06,783 ERROR HTTP Error 401: {"finance":{"result":null,"error":{"code":"Unauthorized","description":"Invalid Crumb"}}}
2026-07-20 10:06:07,580 ERROR HTTP Error 404: {"quoteSummary":{"result":null,"error":{"code":"Not Found","description":"No fundamentals data found for symbol: IWM"}}}
2026-07-20 10:06:08,284 ERROR HTTP Error 401: {"finance":{"result":null,"error":{"code":"Unauthorized","description":"Invalid Crumb"}}}
2026-07-20 10:06:08,935 ERROR HTTP Error 404: {"quoteSummary":{"result":null,"error":{"code":"Not Found","description":"No fundamentals data found for symbol: GLD"}}}
2026-07-20 10:06:16,557 WARNING analyze_ticker(WFC, short_dte) failed: 'NoneType' object has no attribute 'copy'
2026-07-20 10:06:22,031 ERROR HTTP Error 404: {"quoteSummary":{"result":null,"error":{"code":"Not Found","description":"No fundamentals data found for symbol: LOW"}}}
2026-07-20 10:06:23,188 ERROR HTTP Error 401: {"finance":{"result":null,"error":{"code":"Unauthorized","description":"Invalid Crumb"}}}
2026-07-20 10:06:23,190 ERROR HTTP Error 401: {"finance":{"result":null,"error":{"code":"Unauthorized","description":"Invalid Crumb"}}}
2026-07-20 10:06:23,330 ERROR HTTP Error 503: upstream connect error or disconnect/reset before headers. retried and the latest reset reason: remote connection failure, transport failure reason: delayed connect error: Connection refused
2026-07-20 10:06:24,166 ERROR HTTP Error 401: {"finance":{"result":null,"error":{"code":"Unauthorized","description":"Invalid Crumb"}}}
2026-07-20 10:06:27,731 WARNING analyze_ticker(MRNA, short_dte) failed: 'NoneType' object has no attribute 'copy'
2026-07-20 10:06:28,858 WARNING analyze_ticker(JNJ, short_dte) failed: Expiration `2026-09-18` cannot be found. Available expirations are: []
2026-07-20 10:06:31,755 ERROR HTTP Error 503: upstream connect error or disconnect/reset before headers. retried and the latest reset reason: remote connection failure, transport failure reason: delayed connect error: Connection refused
2026-07-20 10:06:54,080 ERROR HTTP Error 404: {"quoteSummary":{"result":null,"error":{"code":"Not Found","description":"No fundamentals data found for symbol: LOW"}}}
2026-07-20 10:06:57,830 INFO ml_cache disk file is stale (238006s) — trying DuckDB
2026-07-20 10:06:59,827 INFO ml_cache loaded from DuckDB fallback: 83 tickers
2026-07-20 10:06:59,903 INFO [filter] 333 rejected, 156 survived — gate breakdown: {'expected_roi': 125, 'strikes_incomplete': 139, 'iv_edge': 30, 'min_profit': 23, 'ml_confidence': 16}
2026-07-20 10:07:00,511 WARNING [capital] Skipping MSFT Call Debit Spread — needs $83500.00 but only $1000.00 buying power available.
2026-07-20 10:07:01,459 WARNING [capital] Skipping META Put Debit Spread — needs $200000.00 but only $1000.00 buying power available.
2026-07-20 10:07:02,054 WARNING [capital] Skipping SPY Put Debit Spread — needs $46200.00 but only $1000.00 buying power available.
2026-07-20 10:08:12,445 INFO [scan_morning] scan snapshots: 116 saved, 0 skipped (opened), 0 errors
2026-07-20 10:08:12,456 INFO Scan snapshots: 116 saved, 0 skipped
2026-07-21 10:00:03,967 WARNING [warmup] E*TRADE not authenticated — option chains will fall back to yfinance
2026-07-21 10:00:03,992 INFO [prefetch] step 1 — batch daily history for 102 tickers
2026-07-21 10:00:20,030 INFO [prefetch] daily history done: 102 ok, 0 fail  (16.0s)
2026-07-21 10:00:20,030 INFO [prefetch] step 2 — batch weekly history for 101 tickers
2026-07-21 10:00:36,414 INFO [prefetch] weekly history done: 101 ok, 0 fail  (32.4s)
2026-07-21 10:00:36,418 INFO [prefetch] step 3+4 — expirations + chains for 101 tickers (serial)
2026-07-21 10:02:24,782 INFO [prefetch] done in 141s — hist 102/102, weekly 101/101, exps 101/101, chains 394 (fail 0)
2026-07-21 10:02:24,783 INFO [scan] cache ready — 698 total keys, 394 chain keys
2026-07-21 10:02:25,255 ERROR HTTP Error 404: {"quoteSummary":{"result":null,"error":{"code":"Not Found","description":"No fundamentals data found for symbol: TQQQ"}}}
2026-07-21 10:02:25,273 ERROR HTTP Error 404: {"quoteSummary":{"result":null,"error":{"code":"Not Found","description":"No fundamentals data found for symbol: SPY"}}}
2026-07-21 10:02:25,416 ERROR HTTP Error 404: {"quoteSummary":{"result":null,"error":{"code":"Not Found","description":"No fundamentals data found for symbol: QQQ"}}}
2026-07-21 10:02:25,893 ERROR HTTP Error 404: {"quoteSummary":{"result":null,"error":{"code":"Not Found","description":"No fundamentals data found for symbol: SPY"}}}
2026-07-21 10:02:26,081 ERROR HTTP Error 404: {"quoteSummary":{"result":null,"error":{"code":"Not Found","description":"No fundamentals data found for symbol: TQQQ"}}}
2026-07-21 10:02:26,127 ERROR HTTP Error 404: {"quoteSummary":{"result":null,"error":{"code":"Not Found","description":"No fundamentals data found for symbol: QQQ"}}}
2026-07-21 10:02:27,103 ERROR HTTP Error 401: {"finance":{"result":null,"error":{"code":"Unauthorized","description":"User is unable to access this feature - https://bit.ly/yahoo-finance-api-feedback"}}}
2026-07-21 10:02:32,161 ERROR HTTP Error 401: {"finance":{"result":null,"error":{"code":"Unauthorized","description":"Invalid Crumb"}}}
2026-07-21 10:02:32,179 ERROR HTTP Error 404: {"quoteSummary":{"result":null,"error":{"code":"Not Found","description":"No fundamentals data found for symbol: TQQQ"}}}
2026-07-21 10:02:32,266 ERROR HTTP Error 401: {"finance":{"result":null,"error":{"code":"Unauthorized","description":"Invalid Crumb"}}}
2026-07-21 10:02:33,200 ERROR HTTP Error 404: {"quoteSummary":{"result":null,"error":{"code":"Not Found","description":"No fundamentals data found for symbol: TQQQ"}}}
2026-07-21 10:02:33,208 ERROR HTTP Error 404: {"quoteSummary":{"result":null,"error":{"code":"Not Found","description":"No fundamentals data found for symbol: SPY"}}}
2026-07-21 10:02:34,161 ERROR HTTP Error 404: {"quoteSummary":{"result":null,"error":{"code":"Not Found","description":"No fundamentals data found for symbol: QQQ"}}}
2026-07-21 10:02:34,722 ERROR HTTP Error 404: {"quoteSummary":{"result":null,"error":{"code":"Not Found","description":"No fundamentals data found for symbol: SPY"}}}
2026-07-21 10:02:35,506 ERROR HTTP Error 404: {"quoteSummary":{"result":null,"error":{"code":"Not Found","description":"No fundamentals data found for symbol: QQQ"}}}
2026-07-21 10:02:35,567 ERROR HTTP Error 401: {"finance":{"result":null,"error":{"code":"Unauthorized","description":"Invalid Crumb"}}}
2026-07-21 10:02:43,553 ERROR HTTP Error 401: {"finance":{"result":null,"error":{"code":"Unauthorized","description":"Invalid Crumb"}}}
2026-07-21 10:02:53,153 ERROR HTTP Error 401: {"finance":{"result":null,"error":{"code":"Unauthorized","description":"Invalid Crumb"}}}
2026-07-21 10:02:53,242 ERROR HTTP Error 401: {"finance":{"result":null,"error":{"code":"Unauthorized","description":"Invalid Crumb"}}}
2026-07-21 10:03:01,937 ERROR HTTP Error 401: {"finance":{"result":null,"error":{"code":"Unauthorized","description":"Invalid Crumb"}}}
2026-07-21 10:03:02,120 ERROR HTTP Error 401: {"finance":{"result":null,"error":{"code":"Unauthorized","description":"Invalid Crumb"}}}
2026-07-21 10:03:09,475 ERROR HTTP Error 401: {"finance":{"result":null,"error":{"code":"Unauthorized","description":"Invalid Crumb"}}}
2026-07-21 10:03:09,583 ERROR HTTP Error 401: {"finance":{"result":null,"error":{"code":"Unauthorized","description":"Invalid Crumb"}}}
2026-07-21 10:03:15,161 ERROR HTTP Error 401: {"finance":{"result":null,"error":{"code":"Unauthorized","description":"Invalid Crumb"}}}
2026-07-21 10:03:15,592 ERROR HTTP Error 401: {"finance":{"result":null,"error":{"code":"Unauthorized","description":"User is unable to access this feature - https://bit.ly/yahoo-finance-api-feedback"}}}
2026-07-21 10:03:24,073 ERROR HTTP Error 401: {"finance":{"result":null,"error":{"code":"Unauthorized","description":"Invalid Crumb"}}}
2026-07-21 10:03:24,085 ERROR HTTP Error 401: {"finance":{"result":null,"error":{"code":"Unauthorized","description":"Invalid Crumb"}}}
2026-07-21 10:03:24,161 ERROR HTTP Error 401: {"finance":{"result":null,"error":{"code":"Unauthorized","description":"Invalid Crumb"}}}
2026-07-21 10:03:27,400 ERROR HTTP Error 401: {"finance":{"result":null,"error":{"code":"Unauthorized","description":"Invalid Crumb"}}}
2026-07-21 10:03:27,422 ERROR HTTP Error 401: {"finance":{"result":null,"error":{"code":"Unauthorized","description":"Invalid Crumb"}}}
2026-07-21 10:03:33,350 ERROR HTTP Error 401: {"finance":{"result":null,"error":{"code":"Unauthorized","description":"User is unable to access this feature - https://bit.ly/yahoo-finance-api-feedback"}}}
2026-07-21 10:03:33,354 ERROR HTTP Error 401: {"finance":{"result":null,"error":{"code":"Unauthorized","description":"Invalid Crumb"}}}
2026-07-21 10:03:33,859 ERROR HTTP Error 401: {"finance":{"result":null,"error":{"code":"Unauthorized","description":"User is unable to access this feature - https://bit.ly/yahoo-finance-api-feedback"}}}
2026-07-21 10:03:33,860 ERROR HTTP Error 401: {"finance":{"result":null,"error":{"code":"Unauthorized","description":"Invalid Crumb"}}}
2026-07-21 10:03:33,881 ERROR HTTP Error 401: {"finance":{"result":null,"error":{"code":"Unauthorized","description":"User is unable to access this feature - https://bit.ly/yahoo-finance-api-feedback"}}}
2026-07-21 10:03:34,492 ERROR HTTP Error 401: {"finance":{"result":null,"error":{"code":"Unauthorized","description":"User is unable to access this feature - https://bit.ly/yahoo-finance-api-feedback"}}}
2026-07-21 10:03:41,410 ERROR HTTP Error 401: {"finance":{"result":null,"error":{"code":"Unauthorized","description":"Invalid Crumb"}}}
2026-07-21 10:03:42,366 ERROR HTTP Error 401: {"finance":{"result":null,"error":{"code":"Unauthorized","description":"User is unable to access this feature - https://bit.ly/yahoo-finance-api-feedback"}}}
2026-07-21 10:03:46,769 ERROR HTTP Error 401: {"finance":{"result":null,"error":{"code":"Unauthorized","description":"Invalid Crumb"}}}
2026-07-21 10:03:51,586 ERROR HTTP Error 401: {"finance":{"result":null,"error":{"code":"Unauthorized","description":"User is unable to access this feature - https://bit.ly/yahoo-finance-api-feedback"}}}
2026-07-21 10:03:51,804 ERROR HTTP Error 401: {"finance":{"result":null,"error":{"code":"Unauthorized","description":"Invalid Crumb"}}}
2026-07-21 10:03:53,528 ERROR HTTP Error 401: {"finance":{"result":null,"error":{"code":"Unauthorized","description":"User is unable to access this feature - https://bit.ly/yahoo-finance-api-feedback"}}}
2026-07-21 10:03:53,673 ERROR HTTP Error 401: {"finance":{"result":null,"error":{"code":"Unauthorized","description":"Invalid Crumb"}}}
2026-07-21 10:03:53,894 ERROR HTTP Error 401: {"finance":{"result":null,"error":{"code":"Unauthorized","description":"Invalid Crumb"}}}
2026-07-21 10:03:56,525 ERROR HTTP Error 401: {"finance":{"result":null,"error":{"code":"Unauthorized","description":"User is unable to access this feature - https://bit.ly/yahoo-finance-api-feedback"}}}
2026-07-21 10:03:58,063 ERROR HTTP Error 401: {"finance":{"result":null,"error":{"code":"Unauthorized","description":"Invalid Crumb"}}}
2026-07-21 10:04:03,355 ERROR HTTP Error 401: {"finance":{"result":null,"error":{"code":"Unauthorized","description":"User is unable to access this feature - https://bit.ly/yahoo-finance-api-feedback"}}}
2026-07-21 10:04:09,013 ERROR HTTP Error 401: {"finance":{"result":null,"error":{"code":"Unauthorized","description":"Invalid Crumb"}}}
2026-07-21 10:04:10,474 ERROR HTTP Error 401: {"finance":{"result":null,"error":{"code":"Unauthorized","description":"User is unable to access this feature - https://bit.ly/yahoo-finance-api-feedback"}}}
2026-07-21 10:04:13,807 ERROR HTTP Error 401: {"finance":{"result":null,"error":{"code":"Unauthorized","description":"Invalid Crumb"}}}
2026-07-21 10:04:13,840 ERROR HTTP Error 401: {"finance":{"result":null,"error":{"code":"Unauthorized","description":"User is unable to access this feature - https://bit.ly/yahoo-finance-api-feedback"}}}
2026-07-21 10:04:13,946 ERROR HTTP Error 401: {"finance":{"result":null,"error":{"code":"Unauthorized","description":"Invalid Crumb"}}}
2026-07-21 10:04:17,377 ERROR HTTP Error 401: {"finance":{"result":null,"error":{"code":"Unauthorized","description":"Invalid Crumb"}}}
2026-07-21 10:04:17,484 ERROR HTTP Error 401: {"finance":{"result":null,"error":{"code":"Unauthorized","description":"Invalid Crumb"}}}
2026-07-21 10:04:21,092 ERROR HTTP Error 401: {"finance":{"result":null,"error":{"code":"Unauthorized","description":"Invalid Crumb"}}}
2026-07-21 10:04:26,561 ERROR HTTP Error 401: {"finance":{"result":null,"error":{"code":"Unauthorized","description":"Invalid Crumb"}}}
2026-07-21 10:04:28,291 ERROR HTTP Error 401: {"finance":{"result":null,"error":{"code":"Unauthorized","description":"Invalid Crumb"}}}
2026-07-21 10:04:31,728 ERROR HTTP Error 401: {"finance":{"result":null,"error":{"code":"Unauthorized","description":"Invalid Crumb"}}}
2026-07-21 10:04:37,592 ERROR HTTP Error 401: {"finance":{"result":null,"error":{"code":"Unauthorized","description":"Invalid Crumb"}}}
2026-07-21 10:04:37,979 ERROR HTTP Error 401: {"finance":{"result":null,"error":{"code":"Unauthorized","description":"User is unable to access this feature - https://bit.ly/yahoo-finance-api-feedback"}}}
2026-07-21 10:04:38,042 ERROR HTTP Error 401: {"finance":{"result":null,"error":{"code":"Unauthorized","description":"User is unable to access this feature - https://bit.ly/yahoo-finance-api-feedback"}}}
2026-07-21 10:04:38,048 ERROR HTTP Error 401: {"finance":{"result":null,"error":{"code":"Unauthorized","description":"User is unable to access this feature - https://bit.ly/yahoo-finance-api-feedback"}}}
2026-07-21 10:04:41,591 ERROR HTTP Error 401: {"finance":{"result":null,"error":{"code":"Unauthorized","description":"Invalid Crumb"}}}
2026-07-21 10:04:41,596 ERROR HTTP Error 401: {"finance":{"result":null,"error":{"code":"Unauthorized","description":"Invalid Crumb"}}}
2026-07-21 10:04:42,269 ERROR HTTP Error 401: {"finance":{"result":null,"error":{"code":"Unauthorized","description":"Invalid Crumb"}}}
2026-07-21 10:04:42,362 ERROR HTTP Error 401: {"finance":{"result":null,"error":{"code":"Unauthorized","description":"Invalid Crumb"}}}
2026-07-21 10:04:42,386 ERROR HTTP Error 401: {"finance":{"result":null,"error":{"code":"Unauthorized","description":"Invalid Crumb"}}}
2026-07-21 10:04:52,759 ERROR HTTP Error 401: {"finance":{"result":null,"error":{"code":"Unauthorized","description":"User is unable to access this feature - https://bit.ly/yahoo-finance-api-feedback"}}}
2026-07-21 10:04:52,849 ERROR HTTP Error 401: {"finance":{"result":null,"error":{"code":"Unauthorized","description":"Invalid Crumb"}}}
2026-07-21 10:04:53,130 ERROR HTTP Error 401: {"finance":{"result":null,"error":{"code":"Unauthorized","description":"Invalid Crumb"}}}
2026-07-21 10:04:53,799 ERROR HTTP Error 401: {"finance":{"result":null,"error":{"code":"Unauthorized","description":"User is unable to access this feature - https://bit.ly/yahoo-finance-api-feedback"}}}
2026-07-21 10:04:54,961 ERROR HTTP Error 401: {"finance":{"result":null,"error":{"code":"Unauthorized","description":"Invalid Crumb"}}}
2026-07-21 10:04:55,128 ERROR HTTP Error 401: {"finance":{"result":null,"error":{"code":"Unauthorized","description":"Invalid Crumb"}}}
2026-07-21 10:04:57,283 ERROR HTTP Error 401: {"finance":{"result":null,"error":{"code":"Unauthorized","description":"Invalid Crumb"}}}
2026-07-21 10:04:57,285 ERROR HTTP Error 401: {"finance":{"result":null,"error":{"code":"Unauthorized","description":"Invalid Crumb"}}}
2026-07-21 10:05:00,176 ERROR HTTP Error 401: {"finance":{"result":null,"error":{"code":"Unauthorized","description":"Invalid Crumb"}}}
2026-07-21 10:05:01,002 ERROR HTTP Error 401: {"finance":{"result":null,"error":{"code":"Unauthorized","description":"User is unable to access this feature - https://bit.ly/yahoo-finance-api-feedback"}}}
2026-07-21 10:05:01,034 ERROR HTTP Error 401: {"finance":{"result":null,"error":{"code":"Unauthorized","description":"User is unable to access this feature - https://bit.ly/yahoo-finance-api-feedback"}}}
2026-07-21 10:05:01,949 ERROR HTTP Error 401: {"finance":{"result":null,"error":{"code":"Unauthorized","description":"Invalid Crumb"}}}
2026-07-21 10:05:09,000 ERROR HTTP Error 401: {"finance":{"result":null,"error":{"code":"Unauthorized","description":"User is unable to access this feature - https://bit.ly/yahoo-finance-api-feedback"}}}
2026-07-21 10:05:09,060 ERROR HTTP Error 401: {"finance":{"result":null,"error":{"code":"Unauthorized","description":"Invalid Crumb"}}}
2026-07-21 10:05:10,868 ERROR HTTP Error 401: {"finance":{"result":null,"error":{"code":"Unauthorized","description":"User is unable to access this feature - https://bit.ly/yahoo-finance-api-feedback"}}}
2026-07-21 10:05:12,981 ERROR HTTP Error 401: {"finance":{"result":null,"error":{"code":"Unauthorized","description":"Invalid Crumb"}}}
2026-07-21 10:05:13,759 ERROR HTTP Error 404: {"quoteSummary":{"result":null,"error":{"code":"Not Found","description":"No fundamentals data found for symbol: IWM"}}}
2026-07-21 10:05:14,664 ERROR HTTP Error 401: {"finance":{"result":null,"error":{"code":"Unauthorized","description":"Invalid Crumb"}}}
2026-07-21 10:05:14,688 ERROR HTTP Error 401: {"finance":{"result":null,"error":{"code":"Unauthorized","description":"Invalid Crumb"}}}
2026-07-21 10:05:14,724 ERROR HTTP Error 404: {"quoteSummary":{"result":null,"error":{"code":"Not Found","description":"No fundamentals data found for symbol: GLD"}}}
2026-07-21 10:05:16,151 ERROR HTTP Error 401: {"finance":{"result":null,"error":{"code":"Unauthorized","description":"Invalid Crumb"}}}
2026-07-21 10:05:16,152 ERROR HTTP Error 404: {"quoteSummary":{"result":null,"error":{"code":"Not Found","description":"No fundamentals data found for symbol: XLE"}}}
2026-07-21 10:05:16,177 ERROR HTTP Error 401: {"finance":{"result":null,"error":{"code":"Unauthorized","description":"Invalid Crumb"}}}
2026-07-21 10:05:16,802 ERROR HTTP Error 404: {"quoteSummary":{"result":null,"error":{"code":"Not Found","description":"No fundamentals data found for symbol: XLE"}}}
2026-07-21 10:05:21,767 ERROR HTTP Error 401: {"finance":{"result":null,"error":{"code":"Unauthorized","description":"Invalid Crumb"}}}
2026-07-21 10:05:21,810 ERROR HTTP Error 401: {"finance":{"result":null,"error":{"code":"Unauthorized","description":"Invalid Crumb"}}}
2026-07-21 10:05:22,345 ERROR HTTP Error 404: {"quoteSummary":{"result":null,"error":{"code":"Not Found","description":"No fundamentals data found for symbol: IWM"}}}
2026-07-21 10:05:25,607 ERROR HTTP Error 404: {"quoteSummary":{"result":null,"error":{"code":"Not Found","description":"No fundamentals data found for symbol: GLD"}}}
2026-07-21 10:05:25,854 ERROR HTTP Error 404: {"quoteSummary":{"result":null,"error":{"code":"Not Found","description":"No fundamentals data found for symbol: XLE"}}}
2026-07-21 10:05:26,599 ERROR HTTP Error 404: {"quoteSummary":{"result":null,"error":{"code":"Not Found","description":"No fundamentals data found for symbol: GLD"}}}
2026-07-21 10:05:26,625 ERROR HTTP Error 404: {"quoteSummary":{"result":null,"error":{"code":"Not Found","description":"No fundamentals data found for symbol: XLE"}}}
2026-07-21 10:06:06,381 ERROR HTTP Error 404: {"quoteSummary":{"result":null,"error":{"code":"Not Found","description":"No fundamentals data found for symbol: LOW"}}}
2026-07-21 10:06:09,270 INFO ml_cache loaded from DuckDB fallback: 83 tickers
2026-07-21 10:06:09,342 INFO [gate:capital] MSFT Call Debit Spread rejected — required $1765.00 > buying_power $1000.00 × 100% = $1000.00
2026-07-21 10:06:09,343 INFO [gate:capital] MSFT Put Debit Spread rejected — required $2720.00 > buying_power $1000.00 × 100% = $1000.00
2026-07-21 10:06:09,345 INFO [gate:capital] MSFT Call Debit Spread rejected — required $1525.00 > buying_power $1000.00 × 100% = $1000.00
2026-07-21 10:06:09,347 INFO [gate:capital] MSFT Put Debit Spread rejected — required $1510.00 > buying_power $1000.00 × 100% = $1000.00
2026-07-21 10:06:09,349 INFO [gate:capital] AVGO Call Debit Spread rejected — required $2290.00 > buying_power $1000.00 × 100% = $1000.00
2026-07-21 10:06:09,350 INFO [gate:capital] AVGO Put Debit Spread rejected — required $2490.00 > buying_power $1000.00 × 100% = $1000.00
2026-07-21 10:06:09,351 INFO [gate:capital] AVGO Call Debit Spread rejected — required $1340.00 > buying_power $1000.00 × 100% = $1000.00
2026-07-21 10:06:09,352 INFO [gate:capital] AVGO Put Debit Spread rejected — required $1495.00 > buying_power $1000.00 × 100% = $1000.00
2026-07-21 10:06:09,353 INFO [gate:capital] SPY Bear Combo rejected — required $1098.00 > buying_power $1000.00 × 100% = $1000.00
2026-07-21 10:06:09,355 INFO [gate:capital] AMD Call Credit Spread rejected — required $3620.00 > buying_power $1000.00 × 100% = $1000.00
2026-07-21 10:06:09,356 INFO [gate:capital] AMD Call Debit Spread rejected — required $3780.00 > buying_power $1000.00 × 100% = $1000.00
2026-07-21 10:06:09,357 INFO [gate:capital] AMD Put Debit Spread rejected — required $4200.00 > buying_power $1000.00 × 100% = $1000.00
2026-07-21 10:06:09,358 INFO [gate:capital] AMD Bear Combo rejected — required $8040.00 > buying_power $1000.00 × 100% = $1000.00
2026-07-21 10:06:09,359 INFO [gate:capital] AMD Call Debit Spread rejected — required $2820.00 > buying_power $1000.00 × 100% = $1000.00
2026-07-21 10:06:09,360 INFO [gate:capital] AMD Put Debit Spread rejected — required $4040.00 > buying_power $1000.00 × 100% = $1000.00
2026-07-21 10:06:09,361 INFO [gate:capital] AMD Bear Combo rejected — required $5025.00 > buying_power $1000.00 × 100% = $1000.00
2026-07-21 10:06:09,362 INFO [gate:capital] TSM Call Debit Spread rejected — required $1645.00 > buying_power $1000.00 × 100% = $1000.00
2026-07-21 10:06:09,362 INFO [gate:capital] TSM Put Debit Spread rejected — required $2080.00 > buying_power $1000.00 × 100% = $1000.00
2026-07-21 10:06:09,363 INFO [gate:capital] TSM Call Debit Spread rejected — required $1710.00 > buying_power $1000.00 × 100% = $1000.00
2026-07-21 10:06:09,364 INFO [gate:capital] TSM Put Debit Spread rejected — required $1535.00 > buying_power $1000.00 × 100% = $1000.00
2026-07-21 10:06:09,366 INFO [gate:capital] QCOM Call Debit Spread rejected — required $1039.00 > buying_power $1000.00 × 100% = $1000.00
2026-07-21 10:06:09,366 INFO [gate:capital] QCOM Put Debit Spread rejected — required $2339.00 > buying_power $1000.00 × 100% = $1000.00
2026-07-21 10:06:09,371 INFO [gate:capital] QCOM Bear Combo rejected — required $2487.00 > buying_power $1000.00 × 100% = $1000.00
2026-07-21 10:06:09,372 INFO [gate:capital] QCOM Put Debit Spread rejected — required $1199.00 > buying_power $1000.00 × 100% = $1000.00
2026-07-21 10:06:09,373 INFO [gate:capital] QCOM Bear Combo rejected — required $1780.00 > buying_power $1000.00 × 100% = $1000.00
2026-07-21 10:06:09,374 INFO [gate:capital] ARM Put Credit Spread rejected — required $2550.00 > buying_power $1000.00 × 100% = $1000.00
2026-07-21 10:06:09,375 INFO [gate:capital] ARM Call Debit Spread rejected — required $2810.00 > buying_power $1000.00 × 100% = $1000.00
2026-07-21 10:06:09,375 INFO [gate:capital] ARM Put Debit Spread rejected — required $3500.00 > buying_power $1000.00 × 100% = $1000.00
2026-07-21 10:06:09,376 INFO [gate:capital] ARM Bear Combo rejected — required $6950.00 > buying_power $1000.00 × 100% = $1000.00
2026-07-21 10:06:09,377 INFO [gate:capital] ARM Call Debit Spread rejected — required $1955.00 > buying_power $1000.00 × 100% = $1000.00
2026-07-21 10:06:09,378 INFO [gate:capital] ARM Risk Reversal rejected — required $1607.20 > buying_power $1000.00 × 100% = $1000.00
2026-07-21 10:06:09,379 INFO [gate:capital] ARM Bear Combo rejected — required $6120.00 > buying_power $1000.00 × 100% = $1000.00
2026-07-21 10:06:09,380 INFO [gate:capital] LRCX Put Debit Spread rejected — required $2440.00 > buying_power $1000.00 × 100% = $1000.00
2026-07-21 10:06:09,381 INFO [gate:capital] LRCX Bear Combo rejected — required $6410.00 > buying_power $1000.00 × 100% = $1000.00
2026-07-21 10:06:09,382 INFO [gate:capital] LRCX Call Debit Spread rejected — required $2750.00 > buying_power $1000.00 × 100% = $1000.00
2026-07-21 10:06:09,386 INFO [gate:capital] LRCX Put Debit Spread rejected — required $2445.00 > buying_power $1000.00 × 100% = $1000.00
2026-07-21 10:06:09,387 INFO [gate:capital] LRCX Bear Combo rejected — required $6655.00 > buying_power $1000.00 × 100% = $1000.00
2026-07-21 10:06:09,388 INFO [gate:capital] ASML Call Debit Spread rejected — required $8700.00 > buying_power $1000.00 × 100% = $1000.00
2026-07-21 10:06:09,389 INFO [gate:capital] ASML Put Debit Spread rejected — required $7070.00 > buying_power $1000.00 × 100% = $1000.00
2026-07-21 10:06:09,390 INFO [gate:capital] MU Call Debit Spread rejected — required $6525.00 > buying_power $1000.00 × 100% = $1000.00
2026-07-21 10:06:09,391 INFO [gate:capital] MU Put Debit Spread rejected — required $6575.00 > buying_power $1000.00 × 100% = $1000.00
2026-07-21 10:06:09,392 INFO [gate:capital] MU Risk Reversal rejected — required $4446.20 > buying_power $1000.00 × 100% = $1000.00
2026-07-21 10:06:09,392 INFO [gate:capital] MU Bear Combo rejected — required $16260.00 > buying_power $1000.00 × 100% = $1000.00
2026-07-21 10:06:09,394 INFO [gate:capital] MU Call Debit Spread rejected — required $6030.00 > buying_power $1000.00 × 100% = $1000.00
2026-07-21 10:06:09,394 INFO [gate:capital] MU Bear Combo rejected — required $12880.00 > buying_power $1000.00 × 100% = $1000.00
2026-07-21 10:06:09,396 INFO [gate:capital] KLAC Call Debit Spread rejected — required $2000.00 > buying_power $1000.00 × 100% = $1000.00
2026-07-21 10:06:09,397 INFO [gate:capital] KLAC Put Debit Spread rejected — required $2570.00 > buying_power $1000.00 × 100% = $1000.00
2026-07-21 10:06:09,398 INFO [gate:capital] KLAC Bear Combo rejected — required $4480.00 > buying_power $1000.00 × 100% = $1000.00
2026-07-21 10:06:09,399 INFO [gate:capital] SNPS Put Debit Spread rejected — required $1965.00 > buying_power $1000.00 × 100% = $1000.00
2026-07-21 10:06:09,403 INFO [gate:capital] PLTR Put Debit Spread rejected — required $1011.00 > buying_power $1000.00 × 100% = $1000.00
2026-07-21 10:06:09,404 INFO [gate:capital] SNOW Call Debit Spread rejected — required $1603.00 > buying_power $1000.00 × 100% = $1000.00
2026-07-21 10:06:09,405 INFO [gate:capital] SNOW Put Debit Spread rejected — required $1285.00 > buying_power $1000.00 × 100% = $1000.00
2026-07-21 10:06:09,406 INFO [gate:capital] ORCL Bear Combo rejected — required $1153.00 > buying_power $1000.00 × 100% = $1000.00
2026-07-21 10:06:09,407 INFO [gate:capital] ORCL Bear Combo rejected — required $1036.00 > buying_power $1000.00 × 100% = $1000.00
2026-07-21 10:06:09,407 INFO [gate:capital] MDB Put Debit Spread rejected — required $3220.00 > buying_power $1000.00 × 100% = $1000.00
2026-07-21 10:06:09,408 INFO [gate:capital] MDB Bear Combo rejected — required $4050.00 > buying_power $1000.00 × 100% = $1000.00
2026-07-21 10:06:09,409 INFO [gate:capital] MDB Call Debit Spread rejected — required $1632.00 > buying_power $1000.00 × 100% = $1000.00
2026-07-21 10:06:09,409 INFO [gate:capital] MDB Bear Combo rejected — required $4543.00 > buying_power $1000.00 × 100% = $1000.00
2026-07-21 10:06:09,410 INFO [gate:capital] NET Call Debit Spread rejected — required $1442.00 > buying_power $1000.00 × 100% = $1000.00
2026-07-21 10:06:09,411 INFO [gate:capital] NET Put Debit Spread rejected — required $1028.00 > buying_power $1000.00 × 100% = $1000.00
2026-07-21 10:06:09,412 INFO [gate:capital] TEAM Call Debit Spread rejected — required $1085.00 > buying_power $1000.00 × 100% = $1000.00
2026-07-21 10:06:09,415 INFO [gate:capital] INTU Call Debit Spread rejected — required $1340.00 > buying_power $1000.00 × 100% = $1000.00
2026-07-21 10:06:09,419 INFO [gate:capital] INTU Put Debit Spread rejected — required $1360.00 > buying_power $1000.00 × 100% = $1000.00
2026-07-21 10:06:09,419 INFO [gate:capital] ADBE Call Debit Spread rejected — required $1215.00 > buying_power $1000.00 × 100% = $1000.00
2026-07-21 10:06:09,420 INFO [gate:capital] ADBE Put Debit Spread rejected — required $1185.00 > buying_power $1000.00 × 100% = $1000.00
2026-07-21 10:06:09,422 INFO [gate:capital] META Call Debit Spread rejected — required $3290.00 > buying_power $1000.00 × 100% = $1000.00
2026-07-21 10:06:09,423 INFO [gate:capital] META Put Debit Spread rejected — required $2560.00 > buying_power $1000.00 × 100% = $1000.00
2026-07-21 10:06:09,424 INFO [gate:capital] META Call Debit Spread rejected — required $2750.00 > buying_power $1000.00 × 100% = $1000.00
2026-07-21 10:06:09,425 INFO [gate:capital] META Put Debit Spread rejected — required $3410.00 > buying_power $1000.00 × 100% = $1000.00
2026-07-21 10:06:09,426 INFO [gate:capital] AMZN Call Debit Spread rejected — required $1007.00 > buying_power $1000.00 × 100% = $1000.00
2026-07-21 10:06:09,428 INFO [gate:capital] APP Put Debit Spread rejected — required $2980.00 > buying_power $1000.00 × 100% = $1000.00
2026-07-21 10:06:09,431 INFO [gate:capital] APP Bear Combo rejected — required $7290.00 > buying_power $1000.00 × 100% = $1000.00
2026-07-21 10:06:09,435 INFO [gate:capital] APP Call Debit Spread rejected — required $1860.00 > buying_power $1000.00 × 100% = $1000.00
2026-07-21 10:06:09,436 INFO [gate:capital] APP Put Debit Spread rejected — required $2500.00 > buying_power $1000.00 × 100% = $1000.00
2026-07-21 10:06:09,437 INFO [gate:capital] APP Bear Combo rejected — required $4110.00 > buying_power $1000.00 × 100% = $1000.00
2026-07-21 10:06:09,440 INFO [gate:capital] LLY Iron Condor rejected — required $2345.00 > buying_power $1000.00 × 100% = $1000.00
2026-07-21 10:06:09,441 INFO [gate:capital] LLY Put Debit Spread rejected — required $6000.00 > buying_power $1000.00 × 100% = $1000.00
2026-07-21 10:06:09,442 INFO [gate:capital] LLY Call Debit Spread rejected — required $2600.00 > buying_power $1000.00 × 100% = $1000.00
2026-07-21 10:06:09,442 INFO [gate:capital] LLY Put Debit Spread rejected — required $3665.00 > buying_power $1000.00 × 100% = $1000.00
2026-07-21 10:06:09,443 INFO [gate:capital] ABBV Call Debit Spread rejected — required $1135.00 > buying_power $1000.00 × 100% = $1000.00
2026-07-21 10:06:09,444 INFO [gate:capital] ISRG Call Debit Spread rejected — required $1120.00 > buying_power $1000.00 × 100% = $1000.00
2026-07-21 10:06:09,445 INFO [gate:capital] ISRG Put Debit Spread rejected — required $1705.00 > buying_power $1000.00 × 100% = $1000.00
2026-07-21 10:06:09,450 INFO [gate:capital] UNH Call Debit Spread rejected — required $1133.00 > buying_power $1000.00 × 100% = $1000.00
2026-07-21 10:06:09,451 INFO [gate:capital] UNH Put Debit Spread rejected — required $1394.00 > buying_power $1000.00 × 100% = $1000.00
2026-07-21 10:06:09,452 INFO [gate:capital] BRK-B Put Debit Spread rejected — required $1024.00 > buying_power $1000.00 × 100% = $1000.00
2026-07-21 10:06:09,454 INFO [gate:capital] JPM Put Debit Spread rejected — required $1118.00 > buying_power $1000.00 × 100% = $1000.00
2026-07-21 10:06:09,454 INFO [gate:capital] GS Call Debit Spread rejected — required $4260.00 > buying_power $1000.00 × 100% = $1000.00
2026-07-21 10:06:09,455 INFO [gate:capital] GS Call Debit Spread rejected — required $2295.00 > buying_power $1000.00 × 100% = $1000.00
2026-07-21 10:06:09,456 INFO [gate:capital] GS Put Debit Spread rejected — required $2535.00 > buying_power $1000.00 × 100% = $1000.00
2026-07-21 10:06:09,457 INFO [gate:capital] GE Put Debit Spread rejected — required $1570.00 > buying_power $1000.00 × 100% = $1000.00
2026-07-21 10:06:09,458 INFO [gate:capital] MS Put Debit Spread rejected — required $1031.00 > buying_power $1000.00 × 100% = $1000.00
2026-07-21 10:06:09,459 INFO [gate:capital] DE Put Debit Spread rejected — required $2475.00 > buying_power $1000.00 × 100% = $1000.00
2026-07-21 10:06:09,460 INFO [gate:capital] CAT Put Debit Spread rejected — required $4870.00 > buying_power $1000.00 × 100% = $1000.00
2026-07-21 10:06:09,461 INFO [gate:capital] CAT Call Debit Spread rejected — required $4530.00 > buying_power $1000.00 × 100% = $1000.00
2026-07-21 10:06:09,461 INFO [gate:capital] CAT Put Debit Spread rejected — required $3730.00 > buying_power $1000.00 × 100% = $1000.00
2026-07-21 10:06:09,468 INFO [gate:capital] VRT Put Credit Spread rejected — required $1665.00 > buying_power $1000.00 × 100% = $1000.00
2026-07-21 10:06:09,469 INFO [gate:capital] VRT Iron Condor rejected — required $1595.00 > buying_power $1000.00 × 100% = $1000.00
2026-07-21 10:06:09,470 INFO [gate:capital] VRT Call Debit Spread rejected — required $1600.00 > buying_power $1000.00 × 100% = $1000.00
2026-07-21 10:06:09,471 INFO [gate:capital] VRT Put Debit Spread rejected — required $2125.00 > buying_power $1000.00 × 100% = $1000.00
2026-07-21 10:06:09,471 INFO [gate:capital] VRT Bear Combo rejected — required $1770.00 > buying_power $1000.00 × 100% = $1000.00
2026-07-21 10:06:09,473 INFO [gate:capital] OXY Risk Reversal rejected — required $1036.00 > buying_power $1000.00 × 100% = $1000.00
2026-07-21 10:06:09,475 INFO [gate:capital] CEG Put Debit Spread rejected — required $1280.00 > buying_power $1000.00 × 100% = $1000.00
2026-07-21 10:06:09,479 INFO [gate:capital] JNJ Put Debit Spread rejected — required $1122.00 > buying_power $1000.00 × 100% = $1000.00
2026-07-21 10:06:09,482 INFO [gate:capital] LOW Put Debit Spread rejected — required $1130.00 > buying_power $1000.00 × 100% = $1000.00
2026-07-21 10:06:09,483 INFO [filter] 687 rejected, 148 survived — gate breakdown: {'expected_roi': 226, 'strikes_incomplete': 242, 'capital_feasibility': 104, 'iv_edge': 36, 'min_profit': 49, 'ml_confidence': 30}
2026-07-21 10:06:09,499 INFO [capital_rejected] 104 entries persisted to capital_rejected.jsonl
2026-07-21 10:06:15,171 INFO Paper trade #1: 20260721AM_SPY_PUT_1  credit=21.940  expiry=2026-08-07
2026-07-21 10:06:17,331 INFO Training snapshot written for paper trade 20260721AM_SPY_PUT_1
2026-07-21 10:06:17,619 WARNING [capital] Skipping PLTR Call Debit Spread — needs $823.00 but only $194.00 buying power available.
2026-07-21 10:06:17,892 WARNING [capital] Skipping CEG Call Debit Spread — needs $960.00 but only $194.00 buying power available.
2026-07-21 10:06:18,354 WARNING [capital] Skipping UNH Call Debit Spread — needs $598.00 but only $194.00 buying power available.
2026-07-21 10:06:18,616 WARNING [capital] Skipping JPM Call Debit Spread — needs $575.00 but only $194.00 buying power available.
2026-07-21 10:06:18,899 WARNING [capital] Skipping AMZN Call Debit Spread — needs $937.00 but only $194.00 buying power available.
2026-07-21 10:06:19,201 WARNING [capital] Skipping V Call Debit Spread — needs $809.00 but only $194.00 buying power available.
2026-07-21 10:06:19,470 WARNING [capital] Skipping BRK-B Call Debit Spread — needs $679.00 but only $194.00 buying power available.
2026-07-21 10:06:19,830 WARNING [capital] Skipping NVDA Put Debit Spread — needs $674.00 but only $194.00 buying power available.
2026-07-21 10:06:20,222 WARNING [capital] Skipping QCOM Call Debit Spread — needs $911.00 but only $194.00 buying power available.
2026-07-21 10:06:20,549 WARNING [capital] Skipping ORCL Put Debit Spread — needs $887.00 but only $194.00 buying power available.
2026-07-21 10:06:20,815 WARNING [capital] Skipping CRM Call Debit Spread — needs $707.00 but only $194.00 buying power available.
2026-07-21 10:06:21,177 WARNING [capital] Skipping WMT Call Debit Spread — needs $249.00 but only $194.00 buying power available.
2026-07-21 10:06:21,468 WARNING [capital] Skipping TQQQ Put Debit Spread — needs $453.00 but only $194.00 buying power available.
2026-07-21 10:06:21,778 INFO Paper trade #2: 20260721AM_VRT_COV_2  credit=4.100  expiry=2026-07-31
2026-07-21 10:06:22,362 INFO Training snapshot written for paper trade 20260721AM_VRT_COV_2
2026-07-21 10:08:31,425 INFO [scan_morning] scan snapshots: 195 saved, 4 skipped (opened), 0 errors
2026-07-21 10:08:31,426 INFO Scan snapshots: 195 saved, 4 skipped
2026-07-22 10:00:06,840 WARNING [warmup] E*TRADE not authenticated — option chains will fall back to yfinance
2026-07-22 10:00:06,967 INFO [prefetch] step 1 — batch daily history for 102 tickers
2026-07-22 10:00:27,264 INFO [prefetch] daily history done: 102 ok, 0 fail  (20.3s)
2026-07-22 10:00:27,264 INFO [prefetch] step 2 — batch weekly history for 101 tickers
2026-07-22 10:00:48,991 INFO [prefetch] weekly history done: 101 ok, 0 fail  (42.0s)
2026-07-22 10:00:48,991 INFO [prefetch] step 3+4 — expirations + chains for 101 tickers (serial)
2026-07-22 10:04:25,227 INFO [prefetch] done in 258s — hist 102/102, weekly 101/101, exps 101/101, chains 405 (fail 0)
2026-07-22 10:04:25,235 INFO [scan] cache ready — 709 total keys, 405 chain keys
2026-07-22 10:04:25,675 ERROR HTTP Error 404: {"quoteSummary":{"result":null,"error":{"code":"Not Found","description":"No fundamentals data found for symbol: SPY"}}}
2026-07-22 10:04:25,681 ERROR HTTP Error 404: {"quoteSummary":{"result":null,"error":{"code":"Not Found","description":"No fundamentals data found for symbol: QQQ"}}}
2026-07-22 10:04:25,681 ERROR HTTP Error 404: {"quoteSummary":{"result":null,"error":{"code":"Not Found","description":"No fundamentals data found for symbol: TQQQ"}}}
2026-07-22 10:04:26,228 ERROR HTTP Error 404: {"quoteSummary":{"result":null,"error":{"code":"Not Found","description":"No fundamentals data found for symbol: SPY"}}}
2026-07-22 10:04:26,299 ERROR HTTP Error 404: {"quoteSummary":{"result":null,"error":{"code":"Not Found","description":"No fundamentals data found for symbol: TQQQ"}}}
2026-07-22 10:04:26,299 ERROR HTTP Error 404: {"quoteSummary":{"result":null,"error":{"code":"Not Found","description":"No fundamentals data found for symbol: QQQ"}}}
2026-07-22 10:04:34,014 ERROR HTTP Error 404: {"quoteSummary":{"result":null,"error":{"code":"Not Found","description":"No fundamentals data found for symbol: TQQQ"}}}
2026-07-22 10:04:34,031 ERROR HTTP Error 404: {"quoteSummary":{"result":null,"error":{"code":"Not Found","description":"No fundamentals data found for symbol: SPY"}}}
2026-07-22 10:04:34,087 ERROR HTTP Error 404: {"quoteSummary":{"result":null,"error":{"code":"Not Found","description":"No fundamentals data found for symbol: QQQ"}}}
2026-07-22 10:04:34,124 ERROR HTTP Error 401: {"finance":{"result":null,"error":{"code":"Unauthorized","description":"Invalid Crumb"}}}
2026-07-22 10:04:34,219 ERROR HTTP Error 401: {"finance":{"result":null,"error":{"code":"Unauthorized","description":"Invalid Crumb"}}}
2026-07-22 10:04:34,680 ERROR HTTP Error 404: {"quoteSummary":{"result":null,"error":{"code":"Not Found","description":"No fundamentals data found for symbol: SPY"}}}
2026-07-22 10:04:34,976 ERROR HTTP Error 404: {"quoteSummary":{"result":null,"error":{"code":"Not Found","description":"No fundamentals data found for symbol: TQQQ"}}}
2026-07-22 10:04:35,180 ERROR HTTP Error 404: {"quoteSummary":{"result":null,"error":{"code":"Not Found","description":"No fundamentals data found for symbol: QQQ"}}}
2026-07-22 10:04:35,750 ERROR HTTP Error 401: {"finance":{"result":null,"error":{"code":"Unauthorized","description":"User is unable to access this feature - https://bit.ly/yahoo-finance-api-feedback"}}}
2026-07-22 10:04:45,402 ERROR HTTP Error 401: {"finance":{"result":null,"error":{"code":"Unauthorized","description":"User is unable to access this feature - https://bit.ly/yahoo-finance-api-feedback"}}}
2026-07-22 10:04:47,305 ERROR HTTP Error 401: {"finance":{"result":null,"error":{"code":"Unauthorized","description":"Invalid Crumb"}}}
2026-07-22 10:04:53,089 ERROR HTTP Error 401: {"finance":{"result":null,"error":{"code":"Unauthorized","description":"Invalid Crumb"}}}
2026-07-22 10:04:55,138 ERROR HTTP Error 401: {"finance":{"result":null,"error":{"code":"Unauthorized","description":"User is unable to access this feature - https://bit.ly/yahoo-finance-api-feedback"}}}
2026-07-22 10:05:03,039 ERROR HTTP Error 401: {"finance":{"result":null,"error":{"code":"Unauthorized","description":"User is unable to access this feature - https://bit.ly/yahoo-finance-api-feedback"}}}
2026-07-22 10:05:11,623 ERROR HTTP Error 401: {"finance":{"result":null,"error":{"code":"Unauthorized","description":"Invalid Crumb"}}}
2026-07-22 10:05:11,623 ERROR HTTP Error 401: {"finance":{"result":null,"error":{"code":"Unauthorized","description":"Invalid Crumb"}}}
2026-07-22 10:05:11,634 ERROR HTTP Error 401: {"finance":{"result":null,"error":{"code":"Unauthorized","description":"Invalid Crumb"}}}
2026-07-22 10:05:11,821 ERROR HTTP Error 401: {"finance":{"result":null,"error":{"code":"Unauthorized","description":"Invalid Crumb"}}}
2026-07-22 10:05:18,109 ERROR HTTP Error 401: {"finance":{"result":null,"error":{"code":"Unauthorized","description":"Invalid Crumb"}}}
2026-07-22 10:05:18,115 ERROR HTTP Error 401: {"finance":{"result":null,"error":{"code":"Unauthorized","description":"Invalid Crumb"}}}
2026-07-22 10:05:27,322 ERROR HTTP Error 401: {"finance":{"result":null,"error":{"code":"Unauthorized","description":"User is unable to access this feature - https://bit.ly/yahoo-finance-api-feedback"}}}
2026-07-22 10:05:27,350 ERROR HTTP Error 401: {"finance":{"result":null,"error":{"code":"Unauthorized","description":"Invalid Crumb"}}}
2026-07-22 10:05:27,693 ERROR HTTP Error 401: {"finance":{"result":null,"error":{"code":"Unauthorized","description":"Invalid Crumb"}}}
2026-07-22 10:05:30,762 ERROR HTTP Error 401: {"finance":{"result":null,"error":{"code":"Unauthorized","description":"Invalid Crumb"}}}
2026-07-22 10:05:30,785 ERROR HTTP Error 401: {"finance":{"result":null,"error":{"code":"Unauthorized","description":"Invalid Crumb"}}}
2026-07-22 10:05:30,926 ERROR HTTP Error 401: {"finance":{"result":null,"error":{"code":"Unauthorized","description":"Invalid Crumb"}}}
2026-07-22 10:05:34,071 WARNING analyze_ticker(SHOP, short_dte) failed: 'NoneType' object has no attribute 'copy'
2026-07-22 10:05:34,831 ERROR HTTP Error 401: {"finance":{"result":null,"error":{"code":"Unauthorized","description":"User is unable to access this feature - https://bit.ly/yahoo-finance-api-feedback"}}}
2026-07-22 10:05:40,027 ERROR HTTP Error 401: {"finance":{"result":null,"error":{"code":"Unauthorized","description":"Invalid Crumb"}}}
2026-07-22 10:05:40,038 ERROR HTTP Error 401: {"finance":{"result":null,"error":{"code":"Unauthorized","description":"Invalid Crumb"}}}
2026-07-22 10:05:40,038 ERROR HTTP Error 401: {"finance":{"result":null,"error":{"code":"Unauthorized","description":"Invalid Crumb"}}}
2026-07-22 10:05:40,059 ERROR HTTP Error 401: {"finance":{"result":null,"error":{"code":"Unauthorized","description":"Invalid Crumb"}}}
2026-07-22 10:05:40,059 ERROR HTTP Error 401: {"finance":{"result":null,"error":{"code":"Unauthorized","description":"Invalid Crumb"}}}
2026-07-22 10:05:40,304 ERROR HTTP Error 401: {"finance":{"result":null,"error":{"code":"Unauthorized","description":"User is unable to access this feature - https://bit.ly/yahoo-finance-api-feedback"}}}
2026-07-22 10:05:40,365 ERROR HTTP Error 401: {"finance":{"result":null,"error":{"code":"Unauthorized","description":"User is unable to access this feature - https://bit.ly/yahoo-finance-api-feedback"}}}
2026-07-22 10:05:43,447 ERROR HTTP Error 401: {"finance":{"result":null,"error":{"code":"Unauthorized","description":"Invalid Crumb"}}}
2026-07-22 10:05:43,505 ERROR HTTP Error 401: {"finance":{"result":null,"error":{"code":"Unauthorized","description":"Invalid Crumb"}}}
2026-07-22 10:05:45,463 ERROR HTTP Error 401: {"finance":{"result":null,"error":{"code":"Unauthorized","description":"User is unable to access this feature - https://bit.ly/yahoo-finance-api-feedback"}}}
2026-07-22 10:05:51,794 ERROR HTTP Error 401: {"finance":{"result":null,"error":{"code":"Unauthorized","description":"User is unable to access this feature - https://bit.ly/yahoo-finance-api-feedback"}}}
2026-07-22 10:05:52,596 ERROR HTTP Error 401: {"finance":{"result":null,"error":{"code":"Unauthorized","description":"User is unable to access this feature - https://bit.ly/yahoo-finance-api-feedback"}}}
2026-07-22 10:05:54,351 ERROR HTTP Error 401: {"finance":{"result":null,"error":{"code":"Unauthorized","description":"Invalid Crumb"}}}
2026-07-22 10:05:54,388 ERROR HTTP Error 401: {"finance":{"result":null,"error":{"code":"Unauthorized","description":"Invalid Crumb"}}}
2026-07-22 10:05:56,496 ERROR HTTP Error 401: {"finance":{"result":null,"error":{"code":"Unauthorized","description":"Invalid Crumb"}}}
2026-07-22 10:05:56,514 ERROR HTTP Error 401: {"finance":{"result":null,"error":{"code":"Unauthorized","description":"Invalid Crumb"}}}
2026-07-22 10:05:57,028 ERROR HTTP Error 401: {"finance":{"result":null,"error":{"code":"Unauthorized","description":"User is unable to access this feature - https://bit.ly/yahoo-finance-api-feedback"}}}
2026-07-22 10:05:57,028 ERROR HTTP Error 401: {"finance":{"result":null,"error":{"code":"Unauthorized","description":"User is unable to access this feature - https://bit.ly/yahoo-finance-api-feedback"}}}
2026-07-22 10:06:01,418 ERROR HTTP Error 401: {"finance":{"result":null,"error":{"code":"Unauthorized","description":"User is unable to access this feature - https://bit.ly/yahoo-finance-api-feedback"}}}
2026-07-22 10:06:05,723 ERROR HTTP Error 401: {"finance":{"result":null,"error":{"code":"Unauthorized","description":"Invalid Crumb"}}}
2026-07-22 10:06:06,819 ERROR HTTP Error 401: {"finance":{"result":null,"error":{"code":"Unauthorized","description":"Invalid Crumb"}}}
2026-07-22 10:06:06,855 ERROR HTTP Error 401: {"finance":{"result":null,"error":{"code":"Unauthorized","description":"User is unable to access this feature - https://bit.ly/yahoo-finance-api-feedback"}}}
2026-07-22 10:06:07,302 ERROR HTTP Error 401: {"finance":{"result":null,"error":{"code":"Unauthorized","description":"Invalid Crumb"}}}
2026-07-22 10:06:07,601 ERROR HTTP Error 401: {"finance":{"result":null,"error":{"code":"Unauthorized","description":"User is unable to access this feature - https://bit.ly/yahoo-finance-api-feedback"}}}
2026-07-22 10:06:09,011 ERROR HTTP Error 401: {"finance":{"result":null,"error":{"code":"Unauthorized","description":"User is unable to access this feature - https://bit.ly/yahoo-finance-api-feedback"}}}
2026-07-22 10:06:13,541 ERROR HTTP Error 401: {"finance":{"result":null,"error":{"code":"Unauthorized","description":"Invalid Crumb"}}}
2026-07-22 10:06:13,541 ERROR HTTP Error 401: {"finance":{"result":null,"error":{"code":"Unauthorized","description":"Invalid Crumb"}}}
2026-07-22 10:06:13,568 ERROR HTTP Error 401: {"finance":{"result":null,"error":{"code":"Unauthorized","description":"Invalid Crumb"}}}
2026-07-22 10:06:13,588 ERROR HTTP Error 401: {"finance":{"result":null,"error":{"code":"Unauthorized","description":"Invalid Crumb"}}}
2026-07-22 10:06:13,632 ERROR HTTP Error 401: {"finance":{"result":null,"error":{"code":"Unauthorized","description":"Invalid Crumb"}}}
2026-07-22 10:06:17,949 ERROR HTTP Error 401: {"finance":{"result":null,"error":{"code":"Unauthorized","description":"Invalid Crumb"}}}
2026-07-22 10:06:19,999 ERROR HTTP Error 401: {"finance":{"result":null,"error":{"code":"Unauthorized","description":"Invalid Crumb"}}}
2026-07-22 10:06:21,964 ERROR HTTP Error 401: {"finance":{"result":null,"error":{"code":"Unauthorized","description":"Invalid Crumb"}}}
2026-07-22 10:06:22,093 ERROR HTTP Error 401: {"finance":{"result":null,"error":{"code":"Unauthorized","description":"Invalid Crumb"}}}
2026-07-22 10:06:25,761 ERROR HTTP Error 401: {"finance":{"result":null,"error":{"code":"Unauthorized","description":"Invalid Crumb"}}}
2026-07-22 10:06:25,761 ERROR HTTP Error 401: {"finance":{"result":null,"error":{"code":"Unauthorized","description":"Invalid Crumb"}}}
2026-07-22 10:06:29,015 ERROR HTTP Error 404: {"quoteSummary":{"result":null,"error":{"code":"Not Found","description":"No fundamentals data found for symbol: IWM"}}}
2026-07-22 10:06:30,277 ERROR HTTP Error 404: {"quoteSummary":{"result":null,"error":{"code":"Not Found","description":"No fundamentals data found for symbol: IWM"}}}
2026-07-22 10:06:31,253 ERROR HTTP Error 404: {"quoteSummary":{"result":null,"error":{"code":"Not Found","description":"No fundamentals data found for symbol: GLD"}}}
2026-07-22 10:06:31,807 ERROR HTTP Error 404: {"quoteSummary":{"result":null,"error":{"code":"Not Found","description":"No fundamentals data found for symbol: GLD"}}}
2026-07-22 10:06:31,807 ERROR HTTP Error 404: {"quoteSummary":{"result":null,"error":{"code":"Not Found","description":"No fundamentals data found for symbol: XLE"}}}
2026-07-22 10:06:33,502 ERROR HTTP Error 401: {"finance":{"result":null,"error":{"code":"Unauthorized","description":"User is unable to access this feature - https://bit.ly/yahoo-finance-api-feedback"}}}
2026-07-22 10:06:33,523 ERROR HTTP Error 401: {"finance":{"result":null,"error":{"code":"Unauthorized","description":"Invalid Crumb"}}}
2026-07-22 10:06:33,558 ERROR HTTP Error 401: {"finance":{"result":null,"error":{"code":"Unauthorized","description":"User is unable to access this feature - https://bit.ly/yahoo-finance-api-feedback"}}}
2026-07-22 10:06:33,594 ERROR HTTP Error 401: {"finance":{"result":null,"error":{"code":"Unauthorized","description":"Invalid Crumb"}}}
2026-07-22 10:06:34,002 ERROR HTTP Error 401: {"finance":{"result":null,"error":{"code":"Unauthorized","description":"Invalid Crumb"}}}
2026-07-22 10:06:34,026 ERROR HTTP Error 401: {"finance":{"result":null,"error":{"code":"Unauthorized","description":"Invalid Crumb"}}}
2026-07-22 10:06:34,043 ERROR HTTP Error 401: {"finance":{"result":null,"error":{"code":"Unauthorized","description":"Invalid Crumb"}}}
2026-07-22 10:06:34,063 ERROR HTTP Error 401: {"finance":{"result":null,"error":{"code":"Unauthorized","description":"Invalid Crumb"}}}
2026-07-22 10:06:34,444 ERROR HTTP Error 401: {"finance":{"result":null,"error":{"code":"Unauthorized","description":"User is unable to access this feature - https://bit.ly/yahoo-finance-api-feedback"}}}
2026-07-22 10:06:34,463 ERROR HTTP Error 401: {"finance":{"result":null,"error":{"code":"Unauthorized","description":"User is unable to access this feature - https://bit.ly/yahoo-finance-api-feedback"}}}
2026-07-22 10:06:36,324 ERROR HTTP Error 404: {"quoteSummary":{"result":null,"error":{"code":"Not Found","description":"No fundamentals data found for symbol: IWM"}}}
2026-07-22 10:06:36,594 WARNING analyze_ticker(SCHW) failed: 'NoneType' object has no attribute 'copy'
2026-07-22 10:06:37,177 ERROR HTTP Error 404: {"quoteSummary":{"result":null,"error":{"code":"Not Found","description":"No fundamentals data found for symbol: IWM"}}}
2026-07-22 10:06:40,118 ERROR HTTP Error 401: {"finance":{"result":null,"error":{"code":"Unauthorized","description":"Invalid Crumb"}}}
2026-07-22 10:06:40,375 ERROR HTTP Error 404: {"quoteSummary":{"result":null,"error":{"code":"Not Found","description":"No fundamentals data found for symbol: XLE"}}}
2026-07-22 10:06:40,406 ERROR HTTP Error 404: {"quoteSummary":{"result":null,"error":{"code":"Not Found","description":"No fundamentals data found for symbol: GLD"}}}
2026-07-22 10:06:41,263 ERROR HTTP Error 404: {"quoteSummary":{"result":null,"error":{"code":"Not Found","description":"No fundamentals data found for symbol: XLE"}}}
2026-07-22 10:06:43,390 ERROR HTTP Error 401: {"finance":{"result":null,"error":{"code":"Unauthorized","description":"Invalid Crumb"}}}
2026-07-22 10:06:43,750 ERROR HTTP Error 401: {"finance":{"result":null,"error":{"code":"Unauthorized","description":"Invalid Crumb"}}}
2026-07-22 10:06:44,246 ERROR HTTP Error 401: {"finance":{"result":null,"error":{"code":"Unauthorized","description":"User is unable to access this feature - https://bit.ly/yahoo-finance-api-feedback"}}}
2026-07-22 10:06:45,971 ERROR HTTP Error 401: {"finance":{"result":null,"error":{"code":"Unauthorized","description":"User is unable to access this feature - https://bit.ly/yahoo-finance-api-feedback"}}}
2026-07-22 10:06:47,769 ERROR HTTP Error 401: {"finance":{"result":null,"error":{"code":"Unauthorized","description":"User is unable to access this feature - https://bit.ly/yahoo-finance-api-feedback"}}}
2026-07-22 10:06:49,673 ERROR HTTP Error 401: {"finance":{"result":null,"error":{"code":"Unauthorized","description":"Invalid Crumb"}}}
2026-07-22 10:06:49,677 ERROR HTTP Error 401: {"finance":{"result":null,"error":{"code":"Unauthorized","description":"Invalid Crumb"}}}
2026-07-22 10:06:50,590 ERROR HTTP Error 401: {"finance":{"result":null,"error":{"code":"Unauthorized","description":"User is unable to access this feature - https://bit.ly/yahoo-finance-api-feedback"}}}
2026-07-22 10:06:52,294 ERROR HTTP Error 401: {"finance":{"result":null,"error":{"code":"Unauthorized","description":"User is unable to access this feature - https://bit.ly/yahoo-finance-api-feedback"}}}
2026-07-22 10:06:52,346 ERROR HTTP Error 401: {"finance":{"result":null,"error":{"code":"Unauthorized","description":"Invalid Crumb"}}}
2026-07-22 10:06:52,346 ERROR HTTP Error 401: {"finance":{"result":null,"error":{"code":"Unauthorized","description":"Invalid Crumb"}}}
2026-07-22 10:06:52,690 ERROR HTTP Error 401: {"finance":{"result":null,"error":{"code":"Unauthorized","description":"User is unable to access this feature - https://bit.ly/yahoo-finance-api-feedback"}}}
2026-07-22 10:06:54,040 ERROR HTTP Error 401: {"finance":{"result":null,"error":{"code":"Unauthorized","description":"Invalid Crumb"}}}
2026-07-22 10:07:12,095 INFO ml_cache loaded from DuckDB fallback: 83 tickers
2026-07-22 10:07:12,173 INFO [gate:capital] AVGO Call Debit Spread rejected — required $2870.00 > buying_power $1500.00 × 100% = $1500.00
2026-07-22 10:07:12,173 INFO [gate:capital] AVGO Put Debit Spread rejected — required $2435.00 > buying_power $1500.00 × 100% = $1500.00
2026-07-22 10:07:12,175 INFO [gate:capital] AMD Call Debit Spread rejected — required $4135.00 > buying_power $1500.00 × 100% = $1500.00
2026-07-22 10:07:12,177 INFO [gate:capital] AMD Put Debit Spread rejected — required $6330.00 > buying_power $1500.00 × 100% = $1500.00
2026-07-22 10:07:12,178 INFO [gate:capital] AMD Risk Reversal rejected — required $2196.60 > buying_power $1500.00 × 100% = $1500.00
2026-07-22 10:07:12,178 INFO [gate:capital] AMD Bear Combo rejected — required $10445.00 > buying_power $1500.00 × 100% = $1500.00
2026-07-22 10:07:12,179 INFO [gate:capital] AMD Diagonal Spread rejected — required $3770.00 > buying_power $1500.00 × 100% = $1500.00
2026-07-22 10:07:12,180 INFO [gate:capital] AMD Call Debit Spread rejected — required $2525.00 > buying_power $1500.00 × 100% = $1500.00
2026-07-22 10:07:12,180 INFO [gate:capital] AMD Put Debit Spread rejected — required $3300.00 > buying_power $1500.00 × 100% = $1500.00
2026-07-22 10:07:12,181 INFO [gate:capital] AMD Bear Combo rejected — required $4885.00 > buying_power $1500.00 × 100% = $1500.00
2026-07-22 10:07:12,181 INFO [gate:capital] AMD Diagonal Spread rejected — required $3880.00 > buying_power $1500.00 × 100% = $1500.00
2026-07-22 10:07:12,182 INFO [gate:capital] MSFT Call Debit Spread rejected — required $1780.00 > buying_power $1500.00 × 100% = $1500.00
2026-07-22 10:07:12,183 INFO [gate:capital] MSFT Put Debit Spread rejected — required $2280.00 > buying_power $1500.00 × 100% = $1500.00
2026-07-22 10:07:12,184 INFO [gate:capital] MSFT Put Debit Spread rejected — required $1610.00 > buying_power $1500.00 × 100% = $1500.00
2026-07-22 10:07:12,185 INFO [gate:capital] TSM Call Debit Spread rejected — required $2045.00 > buying_power $1500.00 × 100% = $1500.00
2026-07-22 10:07:12,186 INFO [gate:capital] TSM Put Debit Spread rejected — required $2380.00 > buying_power $1500.00 × 100% = $1500.00
2026-07-22 10:07:12,187 INFO [gate:capital] TSM Put Debit Spread rejected — required $1685.00 > buying_power $1500.00 × 100% = $1500.00
2026-07-22 10:07:12,187 INFO [gate:capital] MU Put Credit Spread rejected — required $2380.00 > buying_power $1500.00 × 100% = $1500.00
2026-07-22 10:07:12,187 INFO [gate:capital] MU Call Debit Spread rejected — required $8375.00 > buying_power $1500.00 × 100% = $1500.00
2026-07-22 10:07:12,188 INFO [gate:capital] MU Put Debit Spread rejected — required $14165.00 > buying_power $1500.00 × 100% = $1500.00
2026-07-22 10:07:12,188 INFO [gate:capital] MU Risk Reversal rejected — required $3997.60 > buying_power $1500.00 × 100% = $1500.00
2026-07-22 10:07:12,191 INFO [gate:capital] MU Bear Combo rejected — required $21255.00 > buying_power $1500.00 × 100% = $1500.00
2026-07-22 10:07:12,192 INFO [gate:capital] MU Call Debit Spread rejected — required $5595.00 > buying_power $1500.00 × 100% = $1500.00
2026-07-22 10:07:12,193 INFO [gate:capital] MU Risk Reversal rejected — required $5422.60 > buying_power $1500.00 × 100% = $1500.00
2026-07-22 10:07:12,193 INFO [gate:capital] MU Bear Combo rejected — required $11365.00 > buying_power $1500.00 × 100% = $1500.00
2026-07-22 10:07:12,194 INFO [gate:capital] QCOM Put Debit Spread rejected — required $1590.00 > buying_power $1500.00 × 100% = $1500.00
2026-07-22 10:07:12,194 INFO [gate:capital] QCOM Bear Combo rejected — required $3819.00 > buying_power $1500.00 × 100% = $1500.00
2026-07-22 10:07:12,195 INFO [gate:capital] QCOM Diagonal Spread rejected — required $1710.00 > buying_power $1500.00 × 100% = $1500.00
2026-07-22 10:07:12,195 INFO [gate:capital] QCOM Bear Combo rejected — required $1583.00 > buying_power $1500.00 × 100% = $1500.00
2026-07-22 10:07:12,195 INFO [gate:capital] ASML Call Debit Spread rejected — required $9330.00 > buying_power $1500.00 × 100% = $1500.00
2026-07-22 10:07:12,195 INFO [gate:capital] ASML Put Debit Spread rejected — required $10310.00 > buying_power $1500.00 × 100% = $1500.00
2026-07-22 10:07:12,195 INFO [gate:capital] ASML Put Debit Spread rejected — required $7770.00 > buying_power $1500.00 × 100% = $1500.00
2026-07-22 10:07:12,195 INFO [gate:capital] LRCX Put Credit Spread rejected — required $1675.00 > buying_power $1500.00 × 100% = $1500.00
2026-07-22 10:07:12,195 INFO [gate:capital] LRCX Iron Condor rejected — required $1510.00 > buying_power $1500.00 × 100% = $1500.00
2026-07-22 10:07:12,195 INFO [gate:capital] LRCX Call Debit Spread rejected — required $3585.00 > buying_power $1500.00 × 100% = $1500.00
2026-07-22 10:07:12,195 INFO [gate:capital] LRCX Put Debit Spread rejected — required $4620.00 > buying_power $1500.00 × 100% = $1500.00
2026-07-22 10:07:12,195 INFO [gate:capital] LRCX Bear Combo rejected — required $9935.00 > buying_power $1500.00 × 100% = $1500.00
2026-07-22 10:07:12,195 INFO [gate:capital] LRCX Call Debit Spread rejected — required $2050.00 > buying_power $1500.00 × 100% = $1500.00
2026-07-22 10:07:12,195 INFO [gate:capital] LRCX Put Debit Spread rejected — required $2530.00 > buying_power $1500.00 × 100% = $1500.00
2026-07-22 10:07:12,195 INFO [gate:capital] LRCX Bear Combo rejected — required $4440.00 > buying_power $1500.00 × 100% = $1500.00
2026-07-22 10:07:12,195 INFO [gate:capital] KLAC Call Debit Spread rejected — required $2140.00 > buying_power $1500.00 × 100% = $1500.00
2026-07-22 10:07:12,195 INFO [gate:capital] KLAC Put Debit Spread rejected — required $3240.00 > buying_power $1500.00 × 100% = $1500.00
2026-07-22 10:07:12,195 INFO [gate:capital] KLAC Bear Combo rejected — required $3740.00 > buying_power $1500.00 × 100% = $1500.00
2026-07-22 10:07:12,195 INFO [gate:capital] SNPS Call Debit Spread rejected — required $2220.00 > buying_power $1500.00 × 100% = $1500.00
2026-07-22 10:07:12,195 INFO [gate:capital] SNPS Put Debit Spread rejected — required $3000.00 > buying_power $1500.00 × 100% = $1500.00
2026-07-22 10:07:12,195 INFO [gate:capital] SNOW Call Debit Spread rejected — required $1920.00 > buying_power $1500.00 × 100% = $1500.00
2026-07-22 10:07:12,195 INFO [gate:capital] MDB Call Debit Spread rejected — required $1765.00 > buying_power $1500.00 × 100% = $1500.00
2026-07-22 10:07:12,195 INFO [gate:capital] MDB Put Debit Spread rejected — required $3335.00 > buying_power $1500.00 × 100% = $1500.00
2026-07-22 10:07:12,195 INFO [gate:capital] MDB Bear Combo rejected — required $6200.00 > buying_power $1500.00 × 100% = $1500.00
2026-07-22 10:07:12,195 INFO [gate:capital] MDB Diagonal Spread rejected — required $4290.00 > buying_power $1500.00 × 100% = $1500.00
2026-07-22 10:07:12,195 INFO [gate:capital] MDB Bear Combo rejected — required $3817.00 > buying_power $1500.00 × 100% = $1500.00
2026-07-22 10:07:12,195 INFO [gate:capital] ORCL Bear Combo rejected — required $1975.00 > buying_power $1500.00 × 100% = $1500.00
2026-07-22 10:07:12,215 INFO [gate:capital] TEAM Bear Combo rejected — required $1950.00 > buying_power $1500.00 × 100% = $1500.00
2026-07-22 10:07:12,215 INFO [gate:capital] INTU Call Debit Spread rejected — required $2400.00 > buying_power $1500.00 × 100% = $1500.00
2026-07-22 10:07:12,216 INFO [gate:capital] INTU Put Debit Spread rejected — required $3170.00 > buying_power $1500.00 × 100% = $1500.00
2026-07-22 10:07:12,217 INFO [gate:capital] NET Call Debit Spread rejected — required $1880.00 > buying_power $1500.00 × 100% = $1500.00
2026-07-22 10:07:12,218 INFO [gate:capital] NET Put Debit Spread rejected — required $2660.00 > buying_power $1500.00 × 100% = $1500.00
2026-07-22 10:07:12,219 INFO [gate:capital] ARM Put Credit Spread rejected — required $1560.00 > buying_power $1500.00 × 100% = $1500.00
2026-07-22 10:07:12,219 INFO [gate:capital] ARM Iron Condor rejected — required $1535.00 > buying_power $1500.00 × 100% = $1500.00
2026-07-22 10:07:12,219 INFO [gate:capital] ARM Call Debit Spread rejected — required $2870.00 > buying_power $1500.00 × 100% = $1500.00
2026-07-22 10:07:12,220 INFO [gate:capital] ARM Put Debit Spread rejected — required $5530.00 > buying_power $1500.00 × 100% = $1500.00
2026-07-22 10:07:12,220 INFO [gate:capital] ARM Risk Reversal rejected — required $1533.80 > buying_power $1500.00 × 100% = $1500.00
2026-07-22 10:07:12,221 INFO [gate:capital] ARM Bear Combo rejected — required $6090.00 > buying_power $1500.00 × 100% = $1500.00
2026-07-22 10:07:12,223 INFO [gate:capital] ARM Call Debit Spread rejected — required $1985.00 > buying_power $1500.00 × 100% = $1500.00
2026-07-22 10:07:12,224 INFO [gate:capital] ARM Put Debit Spread rejected — required $2805.00 > buying_power $1500.00 × 100% = $1500.00
2026-07-22 10:07:12,224 INFO [gate:capital] ARM Bear Combo rejected — required $5830.00 > buying_power $1500.00 × 100% = $1500.00
2026-07-22 10:07:12,224 INFO [gate:capital] ARM Diagonal Spread rejected — required $3265.00 > buying_power $1500.00 × 100% = $1500.00
2026-07-22 10:07:12,225 INFO [gate:capital] META Call Debit Spread rejected — required $5025.00 > buying_power $1500.00 × 100% = $1500.00
2026-07-22 10:07:12,226 INFO [gate:capital] META Put Debit Spread rejected — required $3475.00 > buying_power $1500.00 × 100% = $1500.00
2026-07-22 10:07:12,230 INFO [gate:capital] META Diagonal Spread rejected — required $2705.00 > buying_power $1500.00 × 100% = $1500.00
2026-07-22 10:07:12,231 INFO [gate:capital] META Call Debit Spread rejected — required $2545.00 > buying_power $1500.00 × 100% = $1500.00
2026-07-22 10:07:12,232 INFO [gate:capital] META Put Debit Spread rejected — required $3010.00 > buying_power $1500.00 × 100% = $1500.00
2026-07-22 10:07:12,232 INFO [gate:capital] META Diagonal Spread rejected — required $2760.00 > buying_power $1500.00 × 100% = $1500.00
2026-07-22 10:07:12,233 INFO [gate:capital] SPOT Call Debit Spread rejected — required $3130.00 > buying_power $1500.00 × 100% = $1500.00
2026-07-22 10:07:12,234 INFO [gate:capital] SPOT Put Debit Spread rejected — required $2790.00 > buying_power $1500.00 × 100% = $1500.00
2026-07-22 10:07:12,235 INFO [gate:capital] SPOT Diagonal Spread rejected — required $2845.00 > buying_power $1500.00 × 100% = $1500.00
2026-07-22 10:07:12,236 INFO [gate:capital] AMZN Put Debit Spread rejected — required $1810.00 > buying_power $1500.00 × 100% = $1500.00
2026-07-22 10:07:12,236 INFO [gate:capital] APP Call Debit Spread rejected — required $2860.00 > buying_power $1500.00 × 100% = $1500.00
2026-07-22 10:07:12,237 INFO [gate:capital] APP Put Debit Spread rejected — required $4750.00 > buying_power $1500.00 × 100% = $1500.00
2026-07-22 10:07:12,239 INFO [gate:capital] APP Bear Combo rejected — required $9830.00 > buying_power $1500.00 × 100% = $1500.00
2026-07-22 10:07:12,240 INFO [gate:capital] APP Diagonal Spread rejected — required $4580.00 > buying_power $1500.00 × 100% = $1500.00
2026-07-22 10:07:12,241 INFO [gate:capital] APP Call Debit Spread rejected — required $2560.00 > buying_power $1500.00 × 100% = $1500.00
2026-07-22 10:07:12,241 INFO [gate:capital] APP Put Debit Spread rejected — required $2100.00 > buying_power $1500.00 × 100% = $1500.00
2026-07-22 10:07:12,242 INFO [gate:capital] APP Bear Combo rejected — required $2820.00 > buying_power $1500.00 × 100% = $1500.00
2026-07-22 10:07:12,244 INFO [gate:capital] APP Diagonal Spread rejected — required $4720.00 > buying_power $1500.00 × 100% = $1500.00
2026-07-22 10:07:12,244 INFO [gate:capital] UNH Diagonal Spread rejected — required $1850.00 > buying_power $1500.00 × 100% = $1500.00
2026-07-22 10:07:12,244 INFO [gate:capital] MELI Call Debit Spread rejected — required $10120.00 > buying_power $1500.00 × 100% = $1500.00
2026-07-22 10:07:12,244 INFO [gate:capital] MELI Put Debit Spread rejected — required $13560.00 > buying_power $1500.00 × 100% = $1500.00
2026-07-22 10:07:12,244 INFO [gate:capital] MELI Diagonal Spread rejected — required $9240.00 > buying_power $1500.00 × 100% = $1500.00
2026-07-22 10:07:12,244 INFO [gate:capital] GS Call Debit Spread rejected — required $3090.00 > buying_power $1500.00 × 100% = $1500.00
2026-07-22 10:07:12,244 INFO [gate:capital] GS Put Debit Spread rejected — required $4540.00 > buying_power $1500.00 × 100% = $1500.00
2026-07-22 10:07:12,244 INFO [gate:capital] GS Call Debit Spread rejected — required $2299.00 > buying_power $1500.00 × 100% = $1500.00
2026-07-22 10:07:12,244 INFO [gate:capital] ETN Call Debit Spread rejected — required $2285.00 > buying_power $1500.00 × 100% = $1500.00
2026-07-22 10:07:12,244 INFO [gate:capital] ETN Put Debit Spread rejected — required $2130.00 > buying_power $1500.00 × 100% = $1500.00
2026-07-22 10:07:12,244 INFO [gate:capital] GE Put Debit Spread rejected — required $1515.00 > buying_power $1500.00 × 100% = $1500.00
2026-07-22 10:07:12,244 INFO [gate:capital] CAT Call Debit Spread rejected — required $4855.00 > buying_power $1500.00 × 100% = $1500.00
2026-07-22 10:07:12,244 INFO [gate:capital] CAT Put Debit Spread rejected — required $6580.00 > buying_power $1500.00 × 100% = $1500.00
2026-07-22 10:07:12,244 INFO [gate:capital] CAT Call Debit Spread rejected — required $2813.00 > buying_power $1500.00 × 100% = $1500.00
2026-07-22 10:07:12,244 INFO [gate:capital] CAT Put Debit Spread rejected — required $3310.00 > buying_power $1500.00 × 100% = $1500.00
2026-07-22 10:07:12,263 INFO [gate:capital] DE Call Debit Spread rejected — required $3495.00 > buying_power $1500.00 × 100% = $1500.00
2026-07-22 10:07:12,263 INFO [gate:capital] DE Put Debit Spread rejected — required $2770.00 > buying_power $1500.00 × 100% = $1500.00
2026-07-22 10:07:12,264 INFO [gate:capital] DE Call Debit Spread rejected — required $2110.00 > buying_power $1500.00 × 100% = $1500.00
2026-07-22 10:07:12,264 INFO [gate:capital] DE Put Debit Spread rejected — required $2070.00 > buying_power $1500.00 × 100% = $1500.00
2026-07-22 10:07:12,265 INFO [gate:capital] LLY Call Debit Spread rejected — required $5820.00 > buying_power $1500.00 × 100% = $1500.00
2026-07-22 10:07:12,267 INFO [gate:capital] LLY Put Debit Spread rejected — required $6405.00 > buying_power $1500.00 × 100% = $1500.00
2026-07-22 10:07:12,268 INFO [gate:capital] LLY Put Debit Spread rejected — required $2868.00 > buying_power $1500.00 × 100% = $1500.00
2026-07-22 10:07:12,268 INFO [gate:capital] VRT Put Credit Spread rejected — required $2500.00 > buying_power $1500.00 × 100% = $1500.00
2026-07-22 10:07:12,269 INFO [gate:capital] VRT Iron Condor rejected — required $2495.00 > buying_power $1500.00 × 100% = $1500.00
2026-07-22 10:07:12,269 INFO [gate:capital] VRT Call Debit Spread rejected — required $2305.00 > buying_power $1500.00 × 100% = $1500.00
2026-07-22 10:07:12,270 INFO [gate:capital] VRT Put Debit Spread rejected — required $3330.00 > buying_power $1500.00 × 100% = $1500.00
2026-07-22 10:07:12,270 INFO [gate:capital] VRT Bear Combo rejected — required $5835.00 > buying_power $1500.00 × 100% = $1500.00
2026-07-22 10:07:12,271 INFO [gate:capital] VRT Diagonal Spread rejected — required $3785.00 > buying_power $1500.00 × 100% = $1500.00
2026-07-22 10:07:12,271 INFO [gate:capital] VRT Call Debit Spread rejected — required $1650.00 > buying_power $1500.00 × 100% = $1500.00
2026-07-22 10:07:12,272 INFO [gate:capital] VRT Put Debit Spread rejected — required $2215.00 > buying_power $1500.00 × 100% = $1500.00
2026-07-22 10:07:12,273 INFO [gate:capital] VRT Bear Combo rejected — required $3262.00 > buying_power $1500.00 × 100% = $1500.00
2026-07-22 10:07:12,275 INFO [gate:capital] CEG Call Debit Spread rejected — required $1775.00 > buying_power $1500.00 × 100% = $1500.00
2026-07-22 10:07:12,280 INFO [gate:capital] FDX Put Debit Spread rejected — required $1679.00 > buying_power $1500.00 × 100% = $1500.00
2026-07-22 10:07:12,281 INFO [filter] 662 rejected, 202 survived — gate breakdown: {'capital_feasibility': 117, 'expected_roi': 239, 'no_ev_or_pop': 81, 'iv_edge': 49, 'strikes_incomplete': 97, 'min_profit': 39, 'ml_confidence': 40}
2026-07-22 10:07:12,282 INFO [filter] strikes_incomplete by structure: {'Jade Lizard': 29, 'Iron Condor': 17, 'Call Credit Spread': 15, 'Diagonal Spread': 10, 'Put Credit Spread': 10, 'Calendar Spread': 5, 'Put Debit Spread': 3, 'Call Debit Spread': 3, 'Bear Combo': 2, 'Covered Call': 1, 'Financed Long Call': 1, 'Ratio Put Backspread': 1}
2026-07-22 10:07:12,322 INFO [capital_rejected] 117 entries persisted to capital_rejected.jsonl
2026-07-22 10:07:17,768 INFO Paper trade #1: 20260722AM_NET_CDS_1  credit=18.720  expiry=2026-07-31
2026-07-22 10:07:18,846 INFO Training snapshot written for paper trade 20260722AM_NET_CDS_1
2026-07-22 10:07:19,723 WARNING [capital] Skipping PLTR Call Debit Spread — needs $794.00 but only $372.00 buying power available.
2026-07-22 10:07:20,696 WARNING [capital] Skipping JPM Put Debit Spread — needs $1296.00 but only $372.00 buying power available.
2026-07-22 10:07:21,944 WARNING [capital] Skipping SNOW Call Debit Spread — needs $1042.00 but only $372.00 buying power available.
2026-07-22 10:07:22,377 WARNING [capital] Skipping GE Call Debit Spread — needs $1055.00 but only $372.00 buying power available.
2026-07-22 10:07:24,804 WARNING [capital] Skipping UNH Call Debit Spread — needs $682.00 but only $372.00 buying power available.
2026-07-22 10:07:27,593 WARNING [capital] Skipping SPY Put Debit Spread — needs $607.00 but only $372.00 buying power available.
2026-07-22 10:07:28,384 WARNING [capital] Skipping CRM Call Debit Spread — needs $604.00 but only $372.00 buying power available.
2026-07-22 10:07:28,993 WARNING [capital] Skipping ORCL Call Debit Spread — needs $499.00 but only $372.00 buying power available.
2026-07-22 10:07:29,395 WARNING [capital] Skipping TSM Call Debit Spread — needs $1345.00 but only $372.00 buying power available.
2026-07-22 10:07:30,025 WARNING [capital] Skipping AMZN Put Debit Spread — needs $1323.00 but only $372.00 buying power available.
2026-07-22 10:07:30,678 WARNING [capital] Skipping V Call Debit Spread — needs $1113.00 but only $372.00 buying power available.
2026-07-22 10:07:31,387 WARNING [capital] Skipping VST Call Debit Spread — needs $650.00 but only $372.00 buying power available.
2026-07-22 10:07:32,014 INFO Paper trade #2: 20260722AM_NFLX_CDS_2  credit=3.590  expiry=2026-07-31
2026-07-22 10:07:32,636 INFO Training snapshot written for paper trade 20260722AM_NFLX_CDS_2
2026-07-22 10:07:33,207 WARNING [capital] Skipping AVGO Call Debit Spread — needs $1385.00 but only $231.00 buying power available.
2026-07-22 10:09:25,430 INFO [scan_morning] scan snapshots: 193 saved, 4 skipped (opened), 0 errors
2026-07-22 10:09:25,430 INFO Scan snapshots: 193 saved, 4 skipped
2026-07-23 10:00:04,051 WARNING [warmup] E*TRADE not authenticated — option chains will fall back to yfinance
2026-07-23 10:00:04,051 INFO [prefetch] step 1 — batch daily history for 102 tickers
2026-07-23 10:00:25,253 INFO [prefetch] daily history done: 102 ok, 0 fail  (21.2s)
2026-07-23 10:00:25,253 INFO [prefetch] step 2 — batch weekly history for 101 tickers
2026-07-23 10:00:44,660 INFO [prefetch] weekly history done: 101 ok, 0 fail  (40.6s)
2026-07-23 10:00:44,660 INFO [prefetch] step 3+4 — expirations + chains for 101 tickers (serial)
2026-07-23 10:03:49,052 INFO [prefetch] done in 225s — hist 102/102, weekly 101/101, exps 101/101, chains 400 (fail 0)
2026-07-23 10:03:49,052 INFO [scan] cache ready — 704 total keys, 400 chain keys
2026-07-23 10:03:49,652 ERROR HTTP Error 404: {"quoteSummary":{"result":null,"error":{"code":"Not Found","description":"No fundamentals data found for symbol: QQQ"}}}
2026-07-23 10:03:49,667 ERROR HTTP Error 404: {"quoteSummary":{"result":null,"error":{"code":"Not Found","description":"No fundamentals data found for symbol: TQQQ"}}}
2026-07-23 10:03:49,667 ERROR HTTP Error 404: {"quoteSummary":{"result":null,"error":{"code":"Not Found","description":"No fundamentals data found for symbol: SPY"}}}
2026-07-23 10:03:50,152 ERROR HTTP Error 404: {"quoteSummary":{"result":null,"error":{"code":"Not Found","description":"No fundamentals data found for symbol: QQQ"}}}
2026-07-23 10:03:50,180 ERROR HTTP Error 404: {"quoteSummary":{"result":null,"error":{"code":"Not Found","description":"No fundamentals data found for symbol: TQQQ"}}}
2026-07-23 10:03:50,235 ERROR HTTP Error 404: {"quoteSummary":{"result":null,"error":{"code":"Not Found","description":"No fundamentals data found for symbol: SPY"}}}
2026-07-23 10:03:58,545 ERROR HTTP Error 404: {"quoteSummary":{"result":null,"error":{"code":"Not Found","description":"No fundamentals data found for symbol: QQQ"}}}
2026-07-23 10:03:59,000 ERROR HTTP Error 404: {"quoteSummary":{"result":null,"error":{"code":"Not Found","description":"No fundamentals data found for symbol: QQQ"}}}
2026-07-23 10:03:59,159 ERROR HTTP Error 401: {"finance":{"result":null,"error":{"code":"Unauthorized","description":"Invalid Crumb"}}}
2026-07-23 10:03:59,189 ERROR HTTP Error 404: {"quoteSummary":{"result":null,"error":{"code":"Not Found","description":"No fundamentals data found for symbol: SPY"}}}
2026-07-23 10:03:59,505 ERROR HTTP Error 404: {"quoteSummary":{"result":null,"error":{"code":"Not Found","description":"No fundamentals data found for symbol: SPY"}}}
2026-07-23 10:04:09,221 ERROR HTTP Error 404: {"quoteSummary":{"result":null,"error":{"code":"Not Found","description":"No fundamentals data found for symbol: TQQQ"}}}
2026-07-23 10:04:09,240 ERROR HTTP Error 401: {"finance":{"result":null,"error":{"code":"Unauthorized","description":"Invalid Crumb"}}}
2026-07-23 10:04:09,706 ERROR HTTP Error 404: {"quoteSummary":{"result":null,"error":{"code":"Not Found","description":"No fundamentals data found for symbol: TQQQ"}}}
2026-07-23 10:04:29,475 ERROR HTTP Error 401: {"finance":{"result":null,"error":{"code":"Unauthorized","description":"Invalid Crumb"}}}
2026-07-23 10:05:10,945 WARNING analyze_ticker(MDB, short_dte) failed: cannot convert float NaN to integer
2026-07-23 10:05:23,076 ERROR HTTP Error 401: {"finance":{"result":null,"error":{"code":"Unauthorized","description":"Invalid Crumb"}}}
2026-07-23 10:05:23,105 ERROR HTTP Error 401: {"finance":{"result":null,"error":{"code":"Unauthorized","description":"Invalid Crumb"}}}
2026-07-23 10:05:23,121 ERROR HTTP Error 401: {"finance":{"result":null,"error":{"code":"Unauthorized","description":"Invalid Crumb"}}}
2026-07-23 10:05:33,119 ERROR HTTP Error 401: {"finance":{"result":null,"error":{"code":"Unauthorized","description":"Invalid Crumb"}}}
2026-07-23 10:05:33,491 ERROR HTTP Error 401: {"finance":{"result":null,"error":{"code":"Unauthorized","description":"Invalid Crumb"}}}
2026-07-23 10:05:33,599 ERROR HTTP Error 401: {"finance":{"result":null,"error":{"code":"Unauthorized","description":"Invalid Crumb"}}}
2026-07-23 10:05:36,275 ERROR HTTP Error 401: {"finance":{"result":null,"error":{"code":"Unauthorized","description":"User is unable to access this feature - https://bit.ly/yahoo-finance-api-feedback"}}}
2026-07-23 10:05:46,367 ERROR HTTP Error 401: {"finance":{"result":null,"error":{"code":"Unauthorized","description":"User is unable to access this feature - https://bit.ly/yahoo-finance-api-feedback"}}}
2026-07-23 10:05:46,387 ERROR HTTP Error 401: {"finance":{"result":null,"error":{"code":"Unauthorized","description":"Invalid Crumb"}}}
2026-07-23 10:05:46,390 ERROR HTTP Error 401: {"finance":{"result":null,"error":{"code":"Unauthorized","description":"Invalid Crumb"}}}
2026-07-23 10:05:46,396 ERROR HTTP Error 401: {"finance":{"result":null,"error":{"code":"Unauthorized","description":"Invalid Crumb"}}}
2026-07-23 10:05:46,400 ERROR HTTP Error 401: {"finance":{"result":null,"error":{"code":"Unauthorized","description":"Invalid Crumb"}}}
2026-07-23 10:05:48,724 ERROR HTTP Error 401: {"finance":{"result":null,"error":{"code":"Unauthorized","description":"Invalid Crumb"}}}
2026-07-23 10:05:50,126 ERROR HTTP Error 401: {"finance":{"result":null,"error":{"code":"Unauthorized","description":"Invalid Crumb"}}}
2026-07-23 10:05:50,136 ERROR HTTP Error 401: {"finance":{"result":null,"error":{"code":"Unauthorized","description":"Invalid Crumb"}}}
2026-07-23 10:05:52,456 ERROR HTTP Error 401: {"finance":{"result":null,"error":{"code":"Unauthorized","description":"Invalid Crumb"}}}
2026-07-23 10:05:52,457 ERROR HTTP Error 401: {"finance":{"result":null,"error":{"code":"Unauthorized","description":"User is unable to access this feature - https://bit.ly/yahoo-finance-api-feedback"}}}
2026-07-23 10:05:52,497 ERROR HTTP Error 401: {"finance":{"result":null,"error":{"code":"Unauthorized","description":"Invalid Crumb"}}}
2026-07-23 10:05:53,806 WARNING analyze_ticker(CVNA, short_dte) failed: cannot convert float NaN to integer
2026-07-23 10:05:54,234 ERROR HTTP Error 401: {"finance":{"result":null,"error":{"code":"Unauthorized","description":"Invalid Crumb"}}}
2026-07-23 10:05:54,234 ERROR HTTP Error 401: {"finance":{"result":null,"error":{"code":"Unauthorized","description":"Invalid Crumb"}}}
2026-07-23 10:05:54,337 ERROR HTTP Error 401: {"finance":{"result":null,"error":{"code":"Unauthorized","description":"Invalid Crumb"}}}
2026-07-23 10:05:54,343 ERROR HTTP Error 401: {"finance":{"result":null,"error":{"code":"Unauthorized","description":"Invalid Crumb"}}}
2026-07-23 10:05:54,959 ERROR HTTP Error 401: {"finance":{"result":null,"error":{"code":"Unauthorized","description":"User is unable to access this feature - https://bit.ly/yahoo-finance-api-feedback"}}}
2026-07-23 10:05:54,968 ERROR HTTP Error 401: {"finance":{"result":null,"error":{"code":"Unauthorized","description":"User is unable to access this feature - https://bit.ly/yahoo-finance-api-feedback"}}}
2026-07-23 10:06:04,202 ERROR HTTP Error 401: {"finance":{"result":null,"error":{"code":"Unauthorized","description":"Invalid Crumb"}}}
2026-07-23 10:06:08,607 ERROR HTTP Error 401: {"finance":{"result":null,"error":{"code":"Unauthorized","description":"Invalid Crumb"}}}
2026-07-23 10:06:08,616 ERROR HTTP Error 401: {"finance":{"result":null,"error":{"code":"Unauthorized","description":"Invalid Crumb"}}}
2026-07-23 10:06:08,857 ERROR HTTP Error 401: {"finance":{"result":null,"error":{"code":"Unauthorized","description":"Invalid Crumb"}}}
2026-07-23 10:06:08,957 ERROR HTTP Error 401: {"finance":{"result":null,"error":{"code":"Unauthorized","description":"Invalid Crumb"}}}
2026-07-23 10:06:09,073 ERROR HTTP Error 401: {"finance":{"result":null,"error":{"code":"Unauthorized","description":"Invalid Crumb"}}}
2026-07-23 10:06:18,712 WARNING analyze_ticker(ISRG) failed: cannot convert float NaN to integer
2026-07-23 10:06:21,305 WARNING analyze_ticker(PG, short_dte) failed: cannot convert float NaN to integer
2026-07-23 10:06:23,823 ERROR HTTP Error 401: {"finance":{"result":null,"error":{"code":"Unauthorized","description":"Invalid Crumb"}}}
2026-07-23 10:06:23,823 ERROR HTTP Error 401: {"finance":{"result":null,"error":{"code":"Unauthorized","description":"Invalid Crumb"}}}
2026-07-23 10:06:23,833 ERROR HTTP Error 401: {"finance":{"result":null,"error":{"code":"Unauthorized","description":"Invalid Crumb"}}}
2026-07-23 10:06:24,246 ERROR HTTP Error 401: {"finance":{"result":null,"error":{"code":"Unauthorized","description":"Invalid Crumb"}}}
2026-07-23 10:06:25,227 ERROR HTTP Error 401: {"finance":{"result":null,"error":{"code":"Unauthorized","description":"User is unable to access this feature - https://bit.ly/yahoo-finance-api-feedback"}}}
2026-07-23 10:06:31,684 ERROR HTTP Error 401: {"finance":{"result":null,"error":{"code":"Unauthorized","description":"Invalid Crumb"}}}
2026-07-23 10:06:39,031 ERROR HTTP Error 401: {"finance":{"result":null,"error":{"code":"Unauthorized","description":"User is unable to access this feature - https://bit.ly/yahoo-finance-api-feedback"}}}
2026-07-23 10:06:39,086 ERROR HTTP Error 401: {"finance":{"result":null,"error":{"code":"Unauthorized","description":"User is unable to access this feature - https://bit.ly/yahoo-finance-api-feedback"}}}
2026-07-23 10:06:46,734 ERROR HTTP Error 401: {"finance":{"result":null,"error":{"code":"Unauthorized","description":"User is unable to access this feature - https://bit.ly/yahoo-finance-api-feedback"}}}
2026-07-23 10:06:46,737 ERROR HTTP Error 401: {"finance":{"result":null,"error":{"code":"Unauthorized","description":"Invalid Crumb"}}}
2026-07-23 10:06:46,738 ERROR HTTP Error 401: {"finance":{"result":null,"error":{"code":"Unauthorized","description":"Invalid Crumb"}}}
2026-07-23 10:06:51,787 ERROR HTTP Error 401: {"finance":{"result":null,"error":{"code":"Unauthorized","description":"User is unable to access this feature - https://bit.ly/yahoo-finance-api-feedback"}}}
2026-07-23 10:06:51,827 ERROR HTTP Error 401: {"finance":{"result":null,"error":{"code":"Unauthorized","description":"User is unable to access this feature - https://bit.ly/yahoo-finance-api-feedback"}}}
2026-07-23 10:06:53,881 ERROR HTTP Error 401: {"finance":{"result":null,"error":{"code":"Unauthorized","description":"User is unable to access this feature - https://bit.ly/yahoo-finance-api-feedback"}}}
2026-07-23 10:06:53,903 ERROR HTTP Error 401: {"finance":{"result":null,"error":{"code":"Unauthorized","description":"User is unable to access this feature - https://bit.ly/yahoo-finance-api-feedback"}}}
2026-07-23 10:06:55,583 ERROR HTTP Error 401: {"finance":{"result":null,"error":{"code":"Unauthorized","description":"Invalid Crumb"}}}
2026-07-23 10:06:55,949 ERROR HTTP Error 401: {"finance":{"result":null,"error":{"code":"Unauthorized","description":"User is unable to access this feature - https://bit.ly/yahoo-finance-api-feedback"}}}
2026-07-23 10:06:56,127 ERROR HTTP Error 404: {"quoteSummary":{"result":null,"error":{"code":"Not Found","description":"No fundamentals data found for symbol: IWM"}}}
2026-07-23 10:06:56,646 ERROR HTTP Error 401: {"finance":{"result":null,"error":{"code":"Unauthorized","description":"Invalid Crumb"}}}
2026-07-23 10:06:56,646 ERROR HTTP Error 401: {"finance":{"result":null,"error":{"code":"Unauthorized","description":"Invalid Crumb"}}}
2026-07-23 10:06:56,736 ERROR HTTP Error 401: {"finance":{"result":null,"error":{"code":"Unauthorized","description":"User is unable to access this feature - https://bit.ly/yahoo-finance-api-feedback"}}}
2026-07-23 10:06:57,046 ERROR HTTP Error 401: {"finance":{"result":null,"error":{"code":"Unauthorized","description":"User is unable to access this feature - https://bit.ly/yahoo-finance-api-feedback"}}}
2026-07-23 10:07:00,120 ERROR HTTP Error 401: {"finance":{"result":null,"error":{"code":"Unauthorized","description":"Invalid Crumb"}}}
2026-07-23 10:07:01,120 ERROR HTTP Error 404: {"quoteSummary":{"result":null,"error":{"code":"Not Found","description":"No fundamentals data found for symbol: GLD"}}}
2026-07-23 10:07:01,131 ERROR HTTP Error 404: {"quoteSummary":{"result":null,"error":{"code":"Not Found","description":"No fundamentals data found for symbol: XLE"}}}
2026-07-23 10:07:02,019 ERROR HTTP Error 404: {"quoteSummary":{"result":null,"error":{"code":"Not Found","description":"No fundamentals data found for symbol: XLE"}}}
2026-07-23 10:07:03,250 ERROR HTTP Error 401: {"finance":{"result":null,"error":{"code":"Unauthorized","description":"Invalid Crumb"}}}
2026-07-23 10:07:03,656 ERROR HTTP Error 404: {"quoteSummary":{"result":null,"error":{"code":"Not Found","description":"No fundamentals data found for symbol: IWM"}}}
2026-07-23 10:07:04,129 ERROR HTTP Error 401: {"finance":{"result":null,"error":{"code":"Unauthorized","description":"User is unable to access this feature - https://bit.ly/yahoo-finance-api-feedback"}}}
2026-07-23 10:07:08,413 ERROR HTTP Error 404: {"quoteSummary":{"result":null,"error":{"code":"Not Found","description":"No fundamentals data found for symbol: GLD"}}}
2026-07-23 10:07:09,087 ERROR HTTP Error 404: {"quoteSummary":{"result":null,"error":{"code":"Not Found","description":"No fundamentals data found for symbol: GLD"}}}
2026-07-23 10:07:09,088 ERROR HTTP Error 401: {"finance":{"result":null,"error":{"code":"Unauthorized","description":"Invalid Crumb"}}}
2026-07-23 10:07:09,798 ERROR HTTP Error 404: {"quoteSummary":{"result":null,"error":{"code":"Not Found","description":"No fundamentals data found for symbol: XLE"}}}
2026-07-23 10:07:11,375 ERROR HTTP Error 401: {"finance":{"result":null,"error":{"code":"Unauthorized","description":"User is unable to access this feature - https://bit.ly/yahoo-finance-api-feedback"}}}
2026-07-23 10:07:15,535 ERROR HTTP Error 401: {"finance":{"result":null,"error":{"code":"Unauthorized","description":"Invalid Crumb"}}}
2026-07-23 10:07:15,763 ERROR HTTP Error 401: {"finance":{"result":null,"error":{"code":"Unauthorized","description":"User is unable to access this feature - https://bit.ly/yahoo-finance-api-feedback"}}}
2026-07-23 10:07:15,845 ERROR HTTP Error 401: {"finance":{"result":null,"error":{"code":"Unauthorized","description":"Invalid Crumb"}}}
2026-07-23 10:07:16,097 ERROR HTTP Error 401: {"finance":{"result":null,"error":{"code":"Unauthorized","description":"Invalid Crumb"}}}
2026-07-23 10:07:16,097 ERROR HTTP Error 401: {"finance":{"result":null,"error":{"code":"Unauthorized","description":"Invalid Crumb"}}}
2026-07-23 10:07:16,113 ERROR HTTP Error 401: {"finance":{"result":null,"error":{"code":"Unauthorized","description":"Invalid Crumb"}}}
2026-07-23 10:07:16,113 ERROR HTTP Error 401: {"finance":{"result":null,"error":{"code":"Unauthorized","description":"Invalid Crumb"}}}
2026-07-23 10:07:16,134 ERROR HTTP Error 401: {"finance":{"result":null,"error":{"code":"Unauthorized","description":"Invalid Crumb"}}}
2026-07-23 10:07:16,185 ERROR HTTP Error 401: {"finance":{"result":null,"error":{"code":"Unauthorized","description":"Invalid Crumb"}}}
2026-07-23 10:07:16,651 ERROR HTTP Error 401: {"finance":{"result":null,"error":{"code":"Unauthorized","description":"Invalid Crumb"}}}
2026-07-23 10:07:16,775 ERROR HTTP Error 401: {"finance":{"result":null,"error":{"code":"Unauthorized","description":"Invalid Crumb"}}}
2026-07-23 10:07:16,851 ERROR HTTP Error 401: {"finance":{"result":null,"error":{"code":"Unauthorized","description":"User is unable to access this feature - https://bit.ly/yahoo-finance-api-feedback"}}}
2026-07-23 10:07:16,920 WARNING analyze_ticker(TGT) failed: 'NoneType' object has no attribute 'copy'
2026-07-23 10:07:17,656 ERROR HTTP Error 401: {"finance":{"result":null,"error":{"code":"Unauthorized","description":"User is unable to access this feature - https://bit.ly/yahoo-finance-api-feedback"}}}
2026-07-23 10:07:18,263 ERROR HTTP Error 401: {"finance":{"result":null,"error":{"code":"Unauthorized","description":"Invalid Crumb"}}}
2026-07-23 10:07:18,553 ERROR HTTP Error 401: {"finance":{"result":null,"error":{"code":"Unauthorized","description":"User is unable to access this feature - https://bit.ly/yahoo-finance-api-feedback"}}}
2026-07-23 10:07:18,669 ERROR HTTP Error 401: {"finance":{"result":null,"error":{"code":"Unauthorized","description":"Invalid Crumb"}}}
2026-07-23 10:07:19,770 WARNING analyze_ticker(LOW) failed: cannot convert float NaN to integer
2026-07-23 10:07:20,190 ERROR HTTP Error 401: {"finance":{"result":null,"error":{"code":"Unauthorized","description":"Invalid Crumb"}}}
2026-07-23 10:07:20,238 ERROR HTTP Error 401: {"finance":{"result":null,"error":{"code":"Unauthorized","description":"Invalid Crumb"}}}
2026-07-23 10:07:21,324 ERROR HTTP Error 401: {"finance":{"result":null,"error":{"code":"Unauthorized","description":"Invalid Crumb"}}}
2026-07-23 10:07:25,281 ERROR HTTP Error 401: {"finance":{"result":null,"error":{"code":"Unauthorized","description":"Invalid Crumb"}}}
2026-07-23 10:07:25,290 ERROR HTTP Error 401: {"finance":{"result":null,"error":{"code":"Unauthorized","description":"Invalid Crumb"}}}
2026-07-23 10:07:29,537 INFO ml_cache loaded from DuckDB fallback: 83 tickers
2026-07-23 10:07:29,594 INFO [gate:capital] AVGO Call Debit Spread rejected — required $1560.00 > buying_power $1500.00 × 100% = $1500.00
2026-07-23 10:07:29,594 INFO [gate:capital] AVGO Put Debit Spread rejected — required $1515.00 > buying_power $1500.00 × 100% = $1500.00
2026-07-23 10:07:29,597 INFO [gate:capital] TSM Call Debit Spread rejected — required $2485.00 > buying_power $1500.00 × 100% = $1500.00
2026-07-23 10:07:29,598 INFO [gate:capital] TSM Put Debit Spread rejected — required $1685.00 > buying_power $1500.00 × 100% = $1500.00
2026-07-23 10:07:29,601 INFO [gate:capital] MSFT Call Debit Spread rejected — required $1610.00 > buying_power $1500.00 × 100% = $1500.00
2026-07-23 10:07:29,602 INFO [gate:capital] MSFT Put Debit Spread rejected — required $1685.00 > buying_power $1500.00 × 100% = $1500.00
2026-07-23 10:07:29,603 INFO [gate:capital] QCOM Bear Combo rejected — required $1795.00 > buying_power $1500.00 × 100% = $1500.00
2026-07-23 10:07:29,604 INFO [gate:capital] QCOM Bear Combo rejected — required $2251.00 > buying_power $1500.00 × 100% = $1500.00
2026-07-23 10:07:29,604 INFO [gate:capital] ASML Put Debit Spread rejected — required $6750.00 > buying_power $1500.00 × 100% = $1500.00
2026-07-23 10:07:29,604 INFO [gate:capital] ASML Call Debit Spread rejected — required $5970.00 > buying_power $1500.00 × 100% = $1500.00
2026-07-23 10:07:29,604 INFO [gate:capital] AMD Call Debit Spread rejected — required $3645.00 > buying_power $1500.00 × 100% = $1500.00
2026-07-23 10:07:29,604 INFO [gate:capital] AMD Put Debit Spread rejected — required $3570.00 > buying_power $1500.00 × 100% = $1500.00
2026-07-23 10:07:29,604 INFO [gate:capital] AMD Bear Combo rejected — required $5465.00 > buying_power $1500.00 × 100% = $1500.00
2026-07-23 10:07:29,604 INFO [gate:capital] AMD Diagonal Spread rejected — required $3385.00 > buying_power $1500.00 × 100% = $1500.00
2026-07-23 10:07:29,604 INFO [gate:capital] AMD Call Debit Spread rejected — required $2865.00 > buying_power $1500.00 × 100% = $1500.00
2026-07-23 10:07:29,604 INFO [gate:capital] AMD Put Debit Spread rejected — required $2705.00 > buying_power $1500.00 × 100% = $1500.00
2026-07-23 10:07:29,604 INFO [gate:capital] AMD Bear Combo rejected — required $5305.00 > buying_power $1500.00 × 100% = $1500.00
2026-07-23 10:07:29,604 INFO [gate:capital] ARM Call Debit Spread rejected — required $2360.00 > buying_power $1500.00 × 100% = $1500.00
2026-07-23 10:07:29,604 INFO [gate:capital] ARM Put Debit Spread rejected — required $2345.00 > buying_power $1500.00 × 100% = $1500.00
2026-07-23 10:07:29,604 INFO [gate:capital] ARM Bear Combo rejected — required $6295.00 > buying_power $1500.00 × 100% = $1500.00
2026-07-23 10:07:29,604 INFO [gate:capital] ARM Diagonal Spread rejected — required $3405.00 > buying_power $1500.00 × 100% = $1500.00
2026-07-23 10:07:29,604 INFO [gate:capital] ARM Call Credit Spread rejected — required $2245.00 > buying_power $1500.00 × 100% = $1500.00
2026-07-23 10:07:29,604 INFO [gate:capital] ARM Iron Condor rejected — required $2065.00 > buying_power $1500.00 × 100% = $1500.00
2026-07-23 10:07:29,604 INFO [gate:capital] ARM Call Debit Spread rejected — required $2165.00 > buying_power $1500.00 × 100% = $1500.00
2026-07-23 10:07:29,604 INFO [gate:capital] ARM Put Debit Spread rejected — required $2210.00 > buying_power $1500.00 × 100% = $1500.00
2026-07-23 10:07:29,623 INFO [gate:capital] ARM Bear Combo rejected — required $4905.00 > buying_power $1500.00 × 100% = $1500.00
2026-07-23 10:07:29,626 INFO [gate:capital] ARM Diagonal Spread rejected — required $3615.00 > buying_power $1500.00 × 100% = $1500.00
2026-07-23 10:07:29,628 INFO [gate:capital] MDB Bear Combo rejected — required $4169.00 > buying_power $1500.00 × 100% = $1500.00
2026-07-23 10:07:29,629 INFO [gate:capital] MDB Diagonal Spread rejected — required $3210.00 > buying_power $1500.00 × 100% = $1500.00
2026-07-23 10:07:29,630 INFO [gate:capital] LRCX Call Debit Spread rejected — required $2570.00 > buying_power $1500.00 × 100% = $1500.00
2026-07-23 10:07:29,631 INFO [gate:capital] LRCX Put Debit Spread rejected — required $2470.00 > buying_power $1500.00 × 100% = $1500.00
2026-07-23 10:07:29,631 INFO [gate:capital] LRCX Bear Combo rejected — required $6375.00 > buying_power $1500.00 × 100% = $1500.00
2026-07-23 10:07:29,632 INFO [gate:capital] LRCX Call Debit Spread rejected — required $2045.00 > buying_power $1500.00 × 100% = $1500.00
2026-07-23 10:07:29,633 INFO [gate:capital] LRCX Put Debit Spread rejected — required $2425.00 > buying_power $1500.00 × 100% = $1500.00
2026-07-23 10:07:29,634 INFO [gate:capital] LRCX Bear Combo rejected — required $4200.00 > buying_power $1500.00 × 100% = $1500.00
2026-07-23 10:07:29,637 INFO [gate:capital] MU Call Credit Spread rejected — required $2695.00 > buying_power $1500.00 × 100% = $1500.00
2026-07-23 10:07:29,640 INFO [gate:capital] MU Iron Condor rejected — required $2520.00 > buying_power $1500.00 × 100% = $1500.00
2026-07-23 10:07:29,641 INFO [gate:capital] MU Call Debit Spread rejected — required $7110.00 > buying_power $1500.00 × 100% = $1500.00
2026-07-23 10:07:29,642 INFO [gate:capital] MU Bear Combo rejected — required $15000.00 > buying_power $1500.00 × 100% = $1500.00
2026-07-23 10:07:29,642 INFO [gate:capital] MU Iron Condor rejected — required $3350.00 > buying_power $1500.00 × 100% = $1500.00
2026-07-23 10:07:29,643 INFO [gate:capital] MU Call Debit Spread rejected — required $6050.00 > buying_power $1500.00 × 100% = $1500.00
2026-07-23 10:07:29,644 INFO [gate:capital] MU Put Debit Spread rejected — required $6045.00 > buying_power $1500.00 × 100% = $1500.00
2026-07-23 10:07:29,645 INFO [gate:capital] MU Bear Combo rejected — required $11075.00 > buying_power $1500.00 × 100% = $1500.00
2026-07-23 10:07:29,648 INFO [gate:capital] META Call Debit Spread rejected — required $3005.00 > buying_power $1500.00 × 100% = $1500.00
2026-07-23 10:07:29,649 INFO [gate:capital] META Put Debit Spread rejected — required $3120.00 > buying_power $1500.00 × 100% = $1500.00
2026-07-23 10:07:29,650 INFO [gate:capital] META Call Debit Spread rejected — required $2605.00 > buying_power $1500.00 × 100% = $1500.00
2026-07-23 10:07:29,650 INFO [gate:capital] META Put Debit Spread rejected — required $2465.00 > buying_power $1500.00 × 100% = $1500.00
2026-07-23 10:07:29,652 INFO [gate:capital] APP Call Debit Spread rejected — required $3500.00 > buying_power $1500.00 × 100% = $1500.00
2026-07-23 10:07:29,656 INFO [gate:capital] APP Put Debit Spread rejected — required $3820.00 > buying_power $1500.00 × 100% = $1500.00
2026-07-23 10:07:29,656 INFO [gate:capital] APP Bear Combo rejected — required $6190.00 > buying_power $1500.00 × 100% = $1500.00
2026-07-23 10:07:29,656 INFO [gate:capital] APP Diagonal Spread rejected — required $4110.00 > buying_power $1500.00 × 100% = $1500.00
2026-07-23 10:07:29,656 INFO [gate:capital] APP Put Debit Spread rejected — required $2100.00 > buying_power $1500.00 × 100% = $1500.00
2026-07-23 10:07:29,656 INFO [gate:capital] APP Bear Combo rejected — required $3470.00 > buying_power $1500.00 × 100% = $1500.00
2026-07-23 10:07:29,656 INFO [gate:capital] APP Diagonal Spread rejected — required $4970.00 > buying_power $1500.00 × 100% = $1500.00
2026-07-23 10:07:29,656 INFO [gate:capital] LLY Put Debit Spread rejected — required $5045.00 > buying_power $1500.00 × 100% = $1500.00
2026-07-23 10:07:29,656 INFO [gate:capital] LLY Put Debit Spread rejected — required $3020.00 > buying_power $1500.00 × 100% = $1500.00
2026-07-23 10:07:29,656 INFO [gate:capital] GS Call Debit Spread rejected — required $3875.00 > buying_power $1500.00 × 100% = $1500.00
2026-07-23 10:07:29,656 INFO [gate:capital] GS Call Debit Spread rejected — required $2854.00 > buying_power $1500.00 × 100% = $1500.00
2026-07-23 10:07:29,656 INFO [gate:capital] GS Put Debit Spread rejected — required $2110.00 > buying_power $1500.00 × 100% = $1500.00
2026-07-23 10:07:29,656 INFO [gate:capital] ETN Call Debit Spread rejected — required $1650.00 > buying_power $1500.00 × 100% = $1500.00
2026-07-23 10:07:29,656 INFO [gate:capital] CAT Put Debit Spread rejected — required $4385.00 > buying_power $1500.00 × 100% = $1500.00
2026-07-23 10:07:29,656 INFO [gate:capital] CAT Call Debit Spread rejected — required $3115.00 > buying_power $1500.00 × 100% = $1500.00
2026-07-23 10:07:29,656 INFO [gate:capital] CAT Put Debit Spread rejected — required $2880.00 > buying_power $1500.00 × 100% = $1500.00
2026-07-23 10:07:29,656 INFO [gate:capital] DE Call Debit Spread rejected — required $2045.00 > buying_power $1500.00 × 100% = $1500.00
2026-07-23 10:07:29,674 INFO [gate:capital] DE Call Debit Spread rejected — required $1745.00 > buying_power $1500.00 × 100% = $1500.00
2026-07-23 10:07:29,679 INFO [gate:capital] VRT Call Debit Spread rejected — required $2040.00 > buying_power $1500.00 × 100% = $1500.00
2026-07-23 10:07:29,680 INFO [gate:capital] VRT Put Debit Spread rejected — required $2105.00 > buying_power $1500.00 × 100% = $1500.00
2026-07-23 10:07:29,681 INFO [gate:capital] VRT Bear Combo rejected — required $3617.00 > buying_power $1500.00 × 100% = $1500.00
2026-07-23 10:07:29,687 INFO [filter] 734 rejected, 94 survived — gate breakdown: {'capital_feasibility': 68, 'expected_roi': 193, 'no_ev_or_pop': 73, 'ml_confidence': 67, 'iv_edge': 36, 'min_profit': 47, 'strikes_incomplete': 154, 'liquidity': 96}
2026-07-23 10:07:29,689 INFO [filter] strikes_incomplete by structure: {'Jade Lizard': 30, 'Iron Condor': 22, 'Call Credit Spread': 18, 'Put Credit Spread': 18, 'Calendar Spread': 12, 'Diagonal Spread': 12, 'Put Debit Spread': 10, 'Call Debit Spread': 6, 'Bear Combo': 5, 'Ratio Put Backspread': 4, 'Financed Long Call': 3, 'Financed Long Put': 3, 'Ratio Call Backspread': 3, 'Cash Secured Put': 2, 'Covered Call': 2, 'Risk Reversal': 2, 'Long Strangle': 2}
2026-07-23 10:07:29,704 INFO [capital_rejected] 68 entries persisted to capital_rejected.jsonl
2026-07-23 10:07:35,697 INFO Paper trade #1: 20260723AM_PLTR_CDS_1  credit=15.280  expiry=2026-08-07
2026-07-23 10:07:37,552 INFO Training snapshot written for paper trade 20260723AM_PLTR_CDS_1
2026-07-23 10:07:37,978 INFO Paper trade #2: 20260723AM_NFLX_CDS_2  credit=4.000  expiry=2026-08-07
2026-07-23 10:07:38,652 INFO Training snapshot written for paper trade 20260723AM_NFLX_CDS_2
2026-07-23 10:07:39,273 WARNING [capital] Skipping SPY Put Debit Spread — needs $678.00 but only $628.00 buying power available.
2026-07-23 10:07:39,886 WARNING [capital] Skipping TSLA Call Debit Spread — needs $1195.00 but only $628.00 buying power available.
2026-07-23 10:07:40,475 WARNING [capital] Skipping TSM Put Debit Spread — needs $1200.00 but only $628.00 buying power available.
2026-07-23 10:07:40,991 INFO Paper trade #3: 20260723AM_UNH_PDS_3  credit=11.380  expiry=2026-07-31
2026-07-23 10:07:41,580 INFO Training snapshot written for paper trade 20260723AM_UNH_PDS_3
2026-07-23 10:09:49,782 INFO [scan_morning] scan snapshots: 187 saved, 6 skipped (opened), 0 errors
2026-07-23 10:09:49,784 INFO Scan snapshots: 187 saved, 6 skipped
2026-07-24 10:00:19,407 WARNING [warmup] E*TRADE not authenticated — option chains will fall back to yfinance
2026-07-24 10:00:19,447 INFO [prefetch] step 1 — batch daily history for 102 tickers
2026-07-24 10:00:36,283 INFO [prefetch] daily history done: 102 ok, 0 fail  (16.8s)
2026-07-24 10:00:36,283 INFO [prefetch] step 2 — batch weekly history for 101 tickers
2026-07-24 10:00:51,206 INFO [prefetch] weekly history done: 101 ok, 0 fail  (31.8s)
2026-07-24 10:00:51,210 INFO [prefetch] step 3+4 — expirations + chains for 101 tickers (serial)
2026-07-24 10:25:42,883 INFO [prefetch] done in 1523s — hist 102/102, weekly 101/101, exps 85/101, chains 340 (fail 67)
2026-07-24 10:25:42,887 INFO [scan] cache ready — 628 total keys, 340 chain keys
2026-07-24 10:25:43,689 ERROR HTTP Error 404: {"quoteSummary":{"result":null,"error":{"code":"Not Found","description":"No fundamentals data found for symbol: TQQQ"}}}
2026-07-24 10:25:43,825 ERROR HTTP Error 404: {"quoteSummary":{"result":null,"error":{"code":"Not Found","description":"No fundamentals data found for symbol: QQQ"}}}
2026-07-24 10:25:44,697 ERROR HTTP Error 404: {"quoteSummary":{"result":null,"error":{"code":"Not Found","description":"No fundamentals data found for symbol: TQQQ"}}}
2026-07-24 10:25:44,928 ERROR HTTP Error 404: {"quoteSummary":{"result":null,"error":{"code":"Not Found","description":"No fundamentals data found for symbol: SPY"}}}
2026-07-24 10:25:45,138 ERROR HTTP Error 404: {"quoteSummary":{"result":null,"error":{"code":"Not Found","description":"No fundamentals data found for symbol: QQQ"}}}
2026-07-24 10:25:45,810 ERROR HTTP Error 404: {"quoteSummary":{"result":null,"error":{"code":"Not Found","description":"No fundamentals data found for symbol: SPY"}}}
2026-07-24 10:26:03,915 ERROR HTTP Error 404: {"quoteSummary":{"result":null,"error":{"code":"Not Found","description":"No fundamentals data found for symbol: SPY"}}}
2026-07-24 10:26:04,254 ERROR HTTP Error 404: {"quoteSummary":{"result":null,"error":{"code":"Not Found","description":"No fundamentals data found for symbol: SPY"}}}
2026-07-24 10:26:05,918 ERROR HTTP Error 404: {"quoteSummary":{"result":null,"error":{"code":"Not Found","description":"No fundamentals data found for symbol: QQQ"}}}
2026-07-24 10:26:06,257 ERROR HTTP Error 404: {"quoteSummary":{"result":null,"error":{"code":"Not Found","description":"No fundamentals data found for symbol: QQQ"}}}
2026-07-24 10:26:13,786 WARNING analyze_ticker(TSM) failed: cannot convert float NaN to integer
2026-07-24 10:26:18,138 ERROR HTTP Error 401: {"finance":{"result":null,"error":{"code":"Unauthorized","description":"Invalid Crumb"}}}
2026-07-24 10:26:18,529 ERROR HTTP Error 404: {"quoteSummary":{"result":null,"error":{"code":"Not Found","description":"No fundamentals data found for symbol: TQQQ"}}}
2026-07-24 10:26:38,031 WARNING analyze_ticker(AAPL, short_dte) failed: 'NoneType' object has no attribute 'copy'
2026-07-24 10:26:48,446 ERROR HTTP Error 401: {"finance":{"result":null,"error":{"code":"Unauthorized","description":"Invalid Crumb"}}}
2026-07-24 10:27:02,482 WARNING persist_feature_snapshot failed for SNPS: ConnectionException: Connection Error: Can't open a connection to same database file with a different configuration than existing connections
2026-07-24 10:27:03,454 WARNING analyze_ticker(SNPS) failed: 'NoneType' object has no attribute 'copy'
2026-07-24 10:27:05,730 WARNING analyze_ticker(MU, short_dte) failed: cannot convert float NaN to integer
2026-07-24 10:27:09,321 WARNING analyze_ticker(MDB, short_dte) failed: cannot convert float NaN to integer
2026-07-24 10:27:14,523 WARNING analyze_ticker(NOW) failed: 'NoneType' object has no attribute 'copy'
2026-07-24 10:27:22,186 ERROR $^VIX3M: possibly delisted; no price data found  (period=2d)
2026-07-24 10:27:22,186 ERROR $^VVIX: possibly delisted; no price data found  (period=2d)
2026-07-24 10:27:22,187 ERROR $^MOVE: possibly delisted; no price data found  (period=2d)
2026-07-24 10:27:22,187 ERROR $^VIX: possibly delisted; no price data found  (period=2d)
2026-07-24 10:27:22,207 ERROR 
4 Failed downloads:
2026-07-24 10:27:22,209 ERROR ['^VIX3M', '^VVIX', '^MOVE', '^VIX']: possibly delisted; no price data found  (period=2d)
2026-07-24 10:27:29,427 WARNING analyze_ticker(TEAM) failed: cannot convert float NaN to integer
2026-07-24 10:27:31,167 WARNING analyze_ticker(CRM) failed: Failed to perform, curl: (35) Recv failure: Connection was reset. See https://curl.se/libcurl/c/libcurl-errors.html first for more details.
2026-07-24 10:27:51,395 WARNING analyze_ticker(INTU, short_dte) failed: 'NoneType' object has no attribute 'copy'
2026-07-24 10:28:09,360 WARNING persist_feature_snapshot failed for UBER: IOException: IO Error: Cannot open file "C:\Project Y\data\ml_training.duckdb": The process cannot access the file because it is being used by another process.

File is already open in 
C:\Python312\python\python.exe (PID 12020)
2026-07-24 10:28:09,581 WARNING persist_feature_snapshot failed for GOOGL: ConnectionException: Connection Error: Can't open a connection to same database file with a different configuration than existing connections
2026-07-24 10:28:09,660 WARNING persist_feature_snapshot failed for TMUS: ConnectionException: Connection Error: Can't open a connection to same database file with a different configuration than existing connections
2026-07-24 10:28:10,711 WARNING analyze_ticker(GOOGL, short_dte) failed: cannot convert float NaN to integer
2026-07-24 10:28:14,311 ERROR HTTP Error 401: {"finance":{"result":null,"error":{"code":"Unauthorized","description":"Invalid Crumb"}}}
2026-07-24 10:28:14,405 ERROR HTTP Error 401: {"finance":{"result":null,"error":{"code":"Unauthorized","description":"Invalid Crumb"}}}
2026-07-24 10:28:20,746 WARNING analyze_ticker(AMZN, short_dte) failed: cannot convert float NaN to integer
2026-07-24 10:28:23,234 WARNING analyze_ticker(TSLA, short_dte) failed: cannot convert float NaN to integer
2026-07-24 10:28:37,042 ERROR HTTP Error 401: {"finance":{"result":null,"error":{"code":"Unauthorized","description":"User is unable to access this feature - https://bit.ly/yahoo-finance-api-feedback"}}}
2026-07-24 10:28:38,373 WARNING persist_feature_snapshot failed for WMT: ConnectionException: Connection Error: Can't open a connection to same database file with a different configuration than existing connections
2026-07-24 10:28:38,374 WARNING persist_feature_snapshot failed for MELI: ConnectionException: Connection Error: Can't open a connection to same database file with a different configuration than existing connections
2026-07-24 10:28:39,078 WARNING analyze_ticker(COST) failed: Expiration `2026-09-04` cannot be found. Available expirations are: []
2026-07-24 10:28:41,072 ERROR HTTP Error 401: {"finance":{"result":null,"error":{"code":"Unauthorized","description":"Invalid Crumb"}}}
2026-07-24 10:28:41,416 ERROR HTTP Error 401: {"finance":{"result":null,"error":{"code":"Unauthorized","description":"Invalid Crumb"}}}
2026-07-24 10:28:48,451 ERROR HTTP Error 401: {"finance":{"result":null,"error":{"code":"Unauthorized","description":"Invalid Crumb"}}}
2026-07-24 10:28:48,460 ERROR HTTP Error 401: {"finance":{"result":null,"error":{"code":"Unauthorized","description":"Invalid Crumb"}}}
2026-07-24 10:28:52,624 WARNING analyze_ticker(NVO) failed: 'NoneType' object has no attribute 'copy'
2026-07-24 10:29:04,341 ERROR HTTP Error 401: {"finance":{"result":null,"error":{"code":"Unauthorized","description":"Invalid Crumb"}}}
2026-07-24 10:29:04,442 ERROR HTTP Error 401: {"finance":{"result":null,"error":{"code":"Unauthorized","description":"Invalid Crumb"}}}
2026-07-24 10:29:11,064 WARNING persist_feature_snapshot failed for ISRG: ConnectionException: Connection Error: Can't open a connection to same database file with a different configuration than existing connections
2026-07-24 10:29:11,178 WARNING persist_feature_snapshot failed for ABBV: ConnectionException: Connection Error: Can't open a connection to same database file with a different configuration than existing connections
2026-07-24 10:29:12,201 ERROR HTTP Error 401: {"finance":{"result":null,"error":{"code":"Unauthorized","description":"Invalid Crumb"}}}
2026-07-24 10:29:16,765 WARNING persist_feature_snapshot failed for GS: ConnectionException: Connection Error: Can't open a connection to same database file with a different configuration than existing connections
2026-07-24 10:29:17,735 ERROR HTTP Error 401: {"finance":{"result":null,"error":{"code":"Unauthorized","description":"User is unable to access this feature - https://bit.ly/yahoo-finance-api-feedback"}}}
2026-07-24 10:29:18,394 ERROR HTTP Error 401: {"finance":{"result":null,"error":{"code":"Unauthorized","description":"Invalid Crumb"}}}
2026-07-24 10:29:18,937 ERROR HTTP Error 401: {"finance":{"result":null,"error":{"code":"Unauthorized","description":"User is unable to access this feature - https://bit.ly/yahoo-finance-api-feedback"}}}
2026-07-24 10:29:24,042 WARNING analyze_ticker(MS) failed: cannot convert float NaN to integer
2026-07-24 10:29:27,626 WARNING persist_feature_snapshot failed for GE: ConnectionException: Connection Error: Can't open a connection to same database file with a different configuration than existing connections
2026-07-24 10:29:27,643 WARNING persist_feature_snapshot failed for GS: ConnectionException: Connection Error: Can't open a connection to same database file with a different configuration than existing connections
2026-07-24 10:29:27,820 WARNING persist_feature_snapshot failed for CAT: ConnectionException: Connection Error: Can't open a connection to same database file with a different configuration than existing connections
2026-07-24 10:29:29,654 ERROR HTTP Error 401: {"finance":{"result":null,"error":{"code":"Unauthorized","description":"Invalid Crumb"}}}
2026-07-24 10:29:30,156 ERROR HTTP Error 401: {"finance":{"result":null,"error":{"code":"Unauthorized","description":"Invalid Crumb"}}}
2026-07-24 10:29:30,771 ERROR HTTP Error 401: {"finance":{"result":null,"error":{"code":"Unauthorized","description":"User is unable to access this feature - https://bit.ly/yahoo-finance-api-feedback"}}}
2026-07-27 10:01:13,890 WARNING [warmup] E*TRADE not authenticated — option chains will fall back to yfinance
2026-07-27 10:01:13,974 INFO [prefetch] step 1 — batch daily history for 102 tickers
2026-07-27 10:01:33,206 INFO [prefetch] daily history done: 102 ok, 0 fail  (19.2s)
2026-07-27 10:01:33,208 INFO [prefetch] step 2 — batch weekly history for 101 tickers
2026-07-27 10:01:49,020 INFO [prefetch] weekly history done: 101 ok, 0 fail  (35.0s)
2026-07-27 10:01:49,024 INFO [prefetch] step 3+4 — expirations + chains for 101 tickers (serial)
2026-07-27 10:03:18,325 INFO [prefetch] done in 124s — hist 102/102, weekly 101/101, exps 101/101, chains 315 (fail 0)
2026-07-27 10:03:18,325 INFO [scan] cache ready — 619 total keys, 315 chain keys
2026-07-27 10:03:18,908 ERROR HTTP Error 404: {"quoteSummary":{"result":null,"error":{"code":"Not Found","description":"No fundamentals data found for symbol: SPY"}}}
2026-07-27 10:03:18,910 ERROR HTTP Error 404: {"quoteSummary":{"result":null,"error":{"code":"Not Found","description":"No fundamentals data found for symbol: QQQ"}}}
2026-07-27 10:03:18,937 ERROR HTTP Error 404: {"quoteSummary":{"result":null,"error":{"code":"Not Found","description":"No fundamentals data found for symbol: TQQQ"}}}
2026-07-27 10:03:19,514 ERROR HTTP Error 404: {"quoteSummary":{"result":null,"error":{"code":"Not Found","description":"No fundamentals data found for symbol: TQQQ"}}}
2026-07-27 10:03:19,531 ERROR HTTP Error 404: {"quoteSummary":{"result":null,"error":{"code":"Not Found","description":"No fundamentals data found for symbol: QQQ"}}}
2026-07-27 10:03:19,546 ERROR HTTP Error 404: {"quoteSummary":{"result":null,"error":{"code":"Not Found","description":"No fundamentals data found for symbol: SPY"}}}
2026-07-27 10:03:34,199 ERROR HTTP Error 404: {"quoteSummary":{"result":null,"error":{"code":"Not Found","description":"No fundamentals data found for symbol: QQQ"}}}
2026-07-27 10:03:34,633 ERROR HTTP Error 404: {"quoteSummary":{"result":null,"error":{"code":"Not Found","description":"No fundamentals data found for symbol: QQQ"}}}
2026-07-27 10:03:39,145 ERROR HTTP Error 404: {"quoteSummary":{"result":null,"error":{"code":"Not Found","description":"No fundamentals data found for symbol: SPY"}}}
2026-07-27 10:03:39,562 ERROR HTTP Error 404: {"quoteSummary":{"result":null,"error":{"code":"Not Found","description":"No fundamentals data found for symbol: SPY"}}}
2026-07-27 10:03:43,214 WARNING persist_feature_snapshot failed for TQQQ: ConnectionException: Connection Error: Can't open a connection to same database file with a different configuration than existing connections
2026-07-27 10:03:43,826 ERROR HTTP Error 401: {"finance":{"result":null,"error":{"code":"Unauthorized","description":"Invalid Crumb"}}}
2026-07-27 10:03:44,107 ERROR HTTP Error 404: {"quoteSummary":{"result":null,"error":{"code":"Not Found","description":"No fundamentals data found for symbol: TQQQ"}}}
2026-07-27 10:03:44,532 ERROR HTTP Error 404: {"quoteSummary":{"result":null,"error":{"code":"Not Found","description":"No fundamentals data found for symbol: TQQQ"}}}
2026-07-27 10:03:54,220 WARNING analyze_ticker(SPY, short_dte) failed: cannot convert float NaN to integer
2026-07-27 10:04:11,560 WARNING persist_feature_snapshot failed for MDB: ConnectionException: Connection Error: Can't open a connection to same database file with a different configuration than existing connections
2026-07-27 10:04:11,610 WARNING persist_feature_snapshot failed for SNPS: ConnectionException: Connection Error: Can't open a connection to same database file with a different configuration than existing connections
2026-07-27 10:04:12,256 WARNING persist_feature_snapshot failed for PLTR: ConnectionException: Connection Error: Can't open a connection to same database file with a different configuration than existing connections
2026-07-27 10:04:14,068 ERROR HTTP Error 401: {"finance":{"result":null,"error":{"code":"Unauthorized","description":"Invalid Crumb"}}}
2026-07-27 10:04:14,185 ERROR HTTP Error 401: {"finance":{"result":null,"error":{"code":"Unauthorized","description":"Invalid Crumb"}}}
2026-07-27 10:04:14,216 ERROR HTTP Error 401: {"finance":{"result":null,"error":{"code":"Unauthorized","description":"Invalid Crumb"}}}
2026-07-27 10:04:20,871 WARNING analyze_ticker(INTC, short_dte) failed: cannot convert float NaN to integer
2026-07-27 10:04:43,186 WARNING analyze_ticker(RGTI) failed: cannot convert float NaN to integer
2026-07-27 10:05:09,084 ERROR HTTP Error 401: {"finance":{"result":null,"error":{"code":"Unauthorized","description":"Invalid Crumb"}}}
2026-07-27 10:05:10,829 WARNING analyze_ticker(INTU, short_dte) failed: cannot convert float NaN to integer
2026-07-27 10:05:22,717 WARNING analyze_ticker(APP) failed: cannot convert float NaN to integer
2026-07-27 10:05:23,212 ERROR HTTP Error 401: {"finance":{"result":null,"error":{"code":"Unauthorized","description":"Invalid Crumb"}}}
2026-07-27 10:05:23,998 WARNING analyze_ticker(DIS) failed: cannot convert float NaN to integer
2026-07-27 10:05:28,937 WARNING persist_feature_snapshot failed for SHOP: ConnectionException: Connection Error: Can't open a connection to same database file with a different configuration than existing connections
2026-07-27 10:05:29,084 WARNING persist_feature_snapshot failed for TSLA: ConnectionException: Connection Error: Can't open a connection to same database file with a different configuration than existing connections
2026-07-27 10:05:30,663 ERROR HTTP Error 401: {"finance":{"result":null,"error":{"code":"Unauthorized","description":"Invalid Crumb"}}}
2026-07-27 10:05:39,034 WARNING analyze_ticker(DIS, short_dte) failed: cannot convert float NaN to integer
2026-07-27 10:05:42,905 WARNING analyze_ticker(UBER, short_dte) failed: cannot convert float NaN to integer
2026-07-27 10:05:44,546 WARNING analyze_ticker(SHOP, short_dte) failed: cannot convert float NaN to integer
2026-07-27 10:05:45,921 ERROR HTTP Error 401: {"finance":{"result":null,"error":{"code":"Unauthorized","description":"Invalid Crumb"}}}
2026-07-27 10:05:45,921 ERROR HTTP Error 401: {"finance":{"result":null,"error":{"code":"Unauthorized","description":"Invalid Crumb"}}}
2026-07-27 10:05:52,278 WARNING analyze_ticker(NKE) failed: cannot convert float NaN to integer
2026-07-27 10:06:00,031 ERROR HTTP Error 401: {"finance":{"result":null,"error":{"code":"Unauthorized","description":"Invalid Crumb"}}}
2026-07-27 10:06:00,042 ERROR HTTP Error 401: {"finance":{"result":null,"error":{"code":"Unauthorized","description":"Invalid Crumb"}}}
2026-07-27 10:06:08,219 WARNING analyze_ticker(NKE, short_dte) failed: cannot convert float NaN to integer
2026-07-27 10:06:12,003 WARNING analyze_ticker(LLY, short_dte) failed: cannot convert float NaN to integer
2026-07-27 10:06:13,220 WARNING analyze_ticker(WMT, short_dte) failed: cannot convert float NaN to integer
2026-07-27 10:06:15,923 ERROR HTTP Error 401: {"finance":{"result":null,"error":{"code":"Unauthorized","description":"Invalid Crumb"}}}
2026-07-27 10:06:16,011 ERROR HTTP Error 401: {"finance":{"result":null,"error":{"code":"Unauthorized","description":"Invalid Crumb"}}}
2026-07-27 10:06:52,617 WARNING persist_feature_snapshot failed for COP: ConnectionException: Connection Error: Can't open a connection to same database file with a different configuration than existing connections
2026-07-27 10:07:00,718 WARNING analyze_ticker(DE, short_dte) failed: cannot convert float NaN to integer
2026-07-27 10:07:05,043 ERROR HTTP Error 404: {"quoteSummary":{"result":null,"error":{"code":"Not Found","description":"No fundamentals data found for symbol: IWM"}}}
2026-07-27 10:07:05,402 ERROR HTTP Error 404: {"quoteSummary":{"result":null,"error":{"code":"Not Found","description":"No fundamentals data found for symbol: IWM"}}}
2026-07-27 10:07:06,188 WARNING analyze_ticker(COP, short_dte) failed: cannot convert float NaN to integer
2026-07-27 10:07:06,592 ERROR HTTP Error 404: {"quoteSummary":{"result":null,"error":{"code":"Not Found","description":"No fundamentals data found for symbol: GLD"}}}
2026-07-27 10:07:06,897 ERROR HTTP Error 404: {"quoteSummary":{"result":null,"error":{"code":"Not Found","description":"No fundamentals data found for symbol: GLD"}}}
2026-07-27 10:07:09,136 ERROR HTTP Error 404: {"quoteSummary":{"result":null,"error":{"code":"Not Found","description":"No fundamentals data found for symbol: XLE"}}}
2026-07-27 10:07:09,455 ERROR HTTP Error 404: {"quoteSummary":{"result":null,"error":{"code":"Not Found","description":"No fundamentals data found for symbol: XLE"}}}
2026-07-27 10:07:10,211 WARNING analyze_ticker(NEE, short_dte) failed: cannot convert float NaN to integer
2026-07-27 10:07:20,935 ERROR HTTP Error 404: {"quoteSummary":{"result":null,"error":{"code":"Not Found","description":"No fundamentals data found for symbol: IWM"}}}
2026-07-27 10:07:21,385 ERROR HTTP Error 404: {"quoteSummary":{"result":null,"error":{"code":"Not Found","description":"No fundamentals data found for symbol: IWM"}}}
2026-07-27 10:07:22,284 ERROR HTTP Error 404: {"quoteSummary":{"result":null,"error":{"code":"Not Found","description":"No fundamentals data found for symbol: GLD"}}}
2026-07-27 10:07:22,572 ERROR HTTP Error 404: {"quoteSummary":{"result":null,"error":{"code":"Not Found","description":"No fundamentals data found for symbol: GLD"}}}
2026-07-27 10:07:23,639 ERROR HTTP Error 404: {"quoteSummary":{"result":null,"error":{"code":"Not Found","description":"No fundamentals data found for symbol: XLE"}}}
2026-07-27 10:07:24,062 ERROR HTTP Error 401: {"finance":{"result":null,"error":{"code":"Unauthorized","description":"Invalid Crumb"}}}
2026-07-27 10:07:24,163 ERROR HTTP Error 401: {"finance":{"result":null,"error":{"code":"Unauthorized","description":"Invalid Crumb"}}}
2026-07-27 10:07:33,221 ERROR HTTP Error 401: {"finance":{"result":null,"error":{"code":"Unauthorized","description":"Invalid Crumb"}}}
2026-07-27 10:07:42,808 WARNING analyze_ticker(C, short_dte) failed: cannot convert float NaN to integer
2026-07-27 10:07:51,702 ERROR HTTP Error 401: {"finance":{"result":null,"error":{"code":"Unauthorized","description":"Invalid Crumb"}}}
2026-07-27 10:08:03,203 WARNING analyze_ticker(MRK, short_dte) failed: 'NoneType' object has no attribute 'copy'
2026-07-27 10:08:21,069 INFO ml_cache loaded from DuckDB fallback: 83 tickers
2026-07-27 10:08:21,169 INFO [gate:capital] AMD Call Debit Spread rejected — required $3000.00 > buying_power $1500.00 × 100% = $1500.00
2026-07-27 10:08:21,169 INFO [gate:capital] AMD Put Debit Spread rejected — required $3200.00 > buying_power $1500.00 × 100% = $1500.00
2026-07-27 10:08:21,169 INFO [gate:capital] AMD Bear Combo rejected — required $6730.00 > buying_power $1500.00 × 100% = $1500.00
2026-07-27 10:08:21,169 INFO [gate:capital] AMD Call Debit Spread rejected — required $2685.00 > buying_power $1500.00 × 100% = $1500.00
2026-07-27 10:08:21,169 INFO [gate:capital] MU Put Credit Spread rejected — required $1685.00 > buying_power $1500.00 × 100% = $1500.00
2026-07-27 10:08:21,169 INFO [gate:capital] MU Call Credit Spread rejected — required $2590.00 > buying_power $1500.00 × 100% = $1500.00
2026-07-27 10:08:21,181 INFO [gate:capital] MU Iron Condor rejected — required $2275.00 > buying_power $1500.00 × 100% = $1500.00
2026-07-27 10:08:21,181 INFO [gate:capital] MU Call Debit Spread rejected — required $6840.00 > buying_power $1500.00 × 100% = $1500.00
2026-07-27 10:08:21,181 INFO [gate:capital] MU Bear Combo rejected — required $10605.00 > buying_power $1500.00 × 100% = $1500.00
2026-07-27 10:08:21,181 INFO [gate:capital] MU Bear Combo rejected — required $7570.00 > buying_power $1500.00 × 100% = $1500.00
2026-07-27 10:08:21,181 INFO [gate:capital] SNOW Put Debit Spread rejected — required $1545.00 > buying_power $1500.00 × 100% = $1500.00
2026-07-27 10:08:21,181 INFO [gate:capital] MDB Call Debit Spread rejected — required $2119.00 > buying_power $1500.00 × 100% = $1500.00
2026-07-27 10:08:21,181 INFO [gate:capital] MDB Bear Combo rejected — required $3119.00 > buying_power $1500.00 × 100% = $1500.00
2026-07-27 10:08:21,181 INFO [gate:capital] MDB Diagonal Spread rejected — required $3925.00 > buying_power $1500.00 × 100% = $1500.00
2026-07-27 10:08:21,190 INFO [gate:capital] INTU Call Debit Spread rejected — required $1570.00 > buying_power $1500.00 × 100% = $1500.00
2026-07-27 10:08:21,190 INFO [gate:capital] LLY Call Debit Spread rejected — required $5100.00 > buying_power $1500.00 × 100% = $1500.00
2026-07-27 10:08:21,190 INFO [gate:capital] LLY Put Debit Spread rejected — required $4045.00 > buying_power $1500.00 × 100% = $1500.00
2026-07-27 10:08:21,190 INFO [gate:capital] GS Call Debit Spread rejected — required $3536.00 > buying_power $1500.00 × 100% = $1500.00
2026-07-27 10:08:21,190 INFO [gate:capital] ETN Put Debit Spread rejected — required $1520.00 > buying_power $1500.00 × 100% = $1500.00
2026-07-27 10:08:21,190 INFO [gate:capital] CAT Put Debit Spread rejected — required $4005.00 > buying_power $1500.00 × 100% = $1500.00
2026-07-27 10:08:21,190 INFO [gate:capital] DE Call Debit Spread rejected — required $2315.00 > buying_power $1500.00 × 100% = $1500.00
2026-07-27 10:08:21,190 INFO [filter] 342 rejected, 51 survived — gate breakdown: {'ml_confidence': 32, 'iv_edge': 25, 'no_ev_or_pop': 26, 'expected_roi': 81, 'liquidity': 33, 'capital_feasibility': 21, 'strikes_incomplete': 107, 'min_profit': 17}
2026-07-27 10:08:21,190 INFO [filter] strikes_incomplete by structure: {'Jade Lizard': 15, 'Diagonal Spread': 12, 'Calendar Spread': 9, 'Put Credit Spread': 9, 'Call Credit Spread': 9, 'Iron Condor': 9, 'Put Debit Spread': 7, 'Risk Reversal': 5, 'Bear Combo': 5, 'Cash Secured Put': 4, 'Long Strangle': 4, 'Call Debit Spread': 4, 'Financed Long Put': 4, 'Ratio Put Backspread': 3, 'Ratio Call Backspread': 3, 'Financed Long Call': 3, 'Covered Call': 2}
2026-07-27 10:08:36,739 INFO [capital_rejected] 21 entries persisted to capital_rejected.jsonl
2026-07-27 10:08:45,003 INFO Paper trade #1: 20260727AM_PLTR_CDS_1  credit=6.330  expiry=2026-08-07
2026-07-27 10:08:47,684 INFO Training snapshot written for paper trade 20260727AM_PLTR_CDS_1
2026-07-27 10:08:48,238 INFO Paper trade #2: 20260727AM_UNH_PDS_2  credit=6.170  expiry=2026-08-07
2026-07-27 10:08:49,307 INFO Training snapshot written for paper trade 20260727AM_UNH_PDS_2
2026-07-27 10:08:49,622 WARNING [capital] Skipping GOOGL Put Debit Spread — needs $657.00 but only $248.00 buying power available.
2026-07-27 10:08:50,196 WARNING [capital] Skipping SPY Put Debit Spread — needs $499.00 but only $248.00 buying power available.
2026-07-27 10:08:50,614 WARNING [capital] Skipping INTC Call Debit Spread — needs $598.00 but only $248.00 buying power available.
2026-07-27 10:08:51,243 WARNING [capital] Skipping TQQQ Put Debit Spread — needs $321.00 but only $248.00 buying power available.
2026-07-27 10:08:51,591 WARNING [capital] Skipping ORCL Call Debit Spread — needs $496.00 but only $248.00 buying power available.
2026-07-27 10:08:52,021 WARNING [capital] Skipping NVDA Put Debit Spread — needs $604.00 but only $248.00 buying power available.
2026-07-27 10:08:52,496 WARNING [capital] Skipping SNOW Call Debit Spread — needs $1229.00 but only $248.00 buying power available.
2026-07-27 10:08:52,815 WARNING [capital] Skipping AVGO Put Debit Spread — needs $960.00 but only $248.00 buying power available.
2026-07-27 10:08:53,178 WARNING [capital] Skipping TSLA Call Debit Spread — needs $975.00 but only $248.00 buying power available.
2026-07-27 10:08:53,646 INFO Paper trade #3: 20260727AM_NFLX_CDS_3  credit=1.450  expiry=2026-08-07
2026-07-27 10:08:54,305 INFO Training snapshot written for paper trade 20260727AM_NFLX_CDS_3
2026-07-27 10:09:54,543 INFO [scan_morning] scan snapshots: 107 saved, 3 skipped (opened), 0 errors
2026-07-27 10:09:54,544 INFO Scan snapshots: 107 saved, 3 skipped
2026-07-28 10:00:15,154 WARNING [warmup] E*TRADE not authenticated — option chains will fall back to yfinance
2026-07-28 10:00:15,332 INFO ml_cache loaded from DuckDB fallback: 83 tickers
2026-07-28 10:00:15,345 INFO [prefetch] step 1 — batch daily history for 102 tickers
2026-07-28 10:00:33,837 INFO [prefetch] daily history done: 102 ok, 0 fail  (18.5s)
2026-07-28 10:00:33,837 INFO [prefetch] step 2 — batch weekly history for 101 tickers
2026-07-28 10:00:52,402 INFO [prefetch] weekly history done: 101 ok, 0 fail  (37.1s)
2026-07-28 10:00:52,406 INFO [prefetch] step 3+4 — expirations + chains for 101 tickers (serial)
2026-07-28 10:02:55,480 INFO [prefetch] done in 160s — hist 102/102, weekly 101/101, exps 101/101, chains 482 (fail 0)
2026-07-28 10:02:55,481 INFO [scan] cache ready — 786 total keys, 482 chain keys
2026-07-28 10:02:56,747 ERROR HTTP Error 404: {"quoteSummary":{"result":null,"error":{"code":"Not Found","description":"No fundamentals data found for symbol: TQQQ"}}}
2026-07-28 10:02:57,032 ERROR HTTP Error 404: {"quoteSummary":{"result":null,"error":{"code":"Not Found","description":"No fundamentals data found for symbol: TQQQ"}}}
2026-07-28 10:02:57,067 ERROR HTTP Error 404: {"quoteSummary":{"result":null,"error":{"code":"Not Found","description":"No fundamentals data found for symbol: QQQ"}}}
2026-07-28 10:02:57,129 ERROR HTTP Error 404: {"quoteSummary":{"result":null,"error":{"code":"Not Found","description":"No fundamentals data found for symbol: SPY"}}}
2026-07-28 10:02:57,783 ERROR HTTP Error 404: {"quoteSummary":{"result":null,"error":{"code":"Not Found","description":"No fundamentals data found for symbol: SPY"}}}
2026-07-28 10:02:57,783 ERROR HTTP Error 404: {"quoteSummary":{"result":null,"error":{"code":"Not Found","description":"No fundamentals data found for symbol: QQQ"}}}
2026-07-28 10:03:01,428 ERROR HTTP Error 401: {"finance":{"result":null,"error":{"code":"Unauthorized","description":"Invalid Crumb"}}}
2026-07-28 10:03:12,459 ERROR HTTP Error 404: {"quoteSummary":{"result":null,"error":{"code":"Not Found","description":"No fundamentals data found for symbol: TQQQ"}}}
2026-07-28 10:03:12,798 ERROR HTTP Error 404: {"quoteSummary":{"result":null,"error":{"code":"Not Found","description":"No fundamentals data found for symbol: TQQQ"}}}
2026-07-28 10:03:16,070 ERROR HTTP Error 404: {"quoteSummary":{"result":null,"error":{"code":"Not Found","description":"No fundamentals data found for symbol: QQQ"}}}
2026-07-28 10:03:16,419 ERROR HTTP Error 404: {"quoteSummary":{"result":null,"error":{"code":"Not Found","description":"No fundamentals data found for symbol: QQQ"}}}
2026-07-28 10:03:19,683 ERROR HTTP Error 401: {"finance":{"result":null,"error":{"code":"Unauthorized","description":"Invalid Crumb"}}}
2026-07-28 10:03:26,266 ERROR HTTP Error 404: {"quoteSummary":{"result":null,"error":{"code":"Not Found","description":"No fundamentals data found for symbol: SPY"}}}
2026-07-28 10:03:26,581 ERROR HTTP Error 404: {"quoteSummary":{"result":null,"error":{"code":"Not Found","description":"No fundamentals data found for symbol: SPY"}}}
2026-07-28 10:03:39,703 ERROR $DX-Y.NYB: possibly delisted; no price data found  (period=1y)
2026-07-28 10:03:40,435 ERROR $DX-Y.NYB: possibly delisted; no price data found  (period=1y)
2026-07-28 10:03:42,341 ERROR HTTP Error 401: {"finance":{"result":null,"error":{"code":"Unauthorized","description":"Invalid Crumb"}}}
2026-07-28 10:03:42,380 ERROR HTTP Error 401: {"finance":{"result":null,"error":{"code":"Unauthorized","description":"Invalid Crumb"}}}
2026-07-28 10:03:52,187 ERROR HTTP Error 401: {"finance":{"result":null,"error":{"code":"Unauthorized","description":"Invalid Crumb"}}}
2026-07-28 10:04:12,634 ERROR HTTP Error 401: {"finance":{"result":null,"error":{"code":"Unauthorized","description":"Invalid Crumb"}}}
2026-07-28 10:04:54,149 ERROR HTTP Error 401: {"finance":{"result":null,"error":{"code":"Unauthorized","description":"User is unable to access this feature - https://bit.ly/yahoo-finance-api-feedback"}}}
2026-07-28 10:05:03,514 ERROR HTTP Error 401: {"finance":{"result":null,"error":{"code":"Unauthorized","description":"Invalid Crumb"}}}
2026-07-28 10:05:17,851 ERROR HTTP Error 401: {"finance":{"result":null,"error":{"code":"Unauthorized","description":"Invalid Crumb"}}}
2026-07-28 10:05:17,937 ERROR HTTP Error 401: {"finance":{"result":null,"error":{"code":"Unauthorized","description":"Invalid Crumb"}}}
2026-07-28 10:05:38,087 WARNING persist_feature_snapshot failed for ETN: ConnectionException: Connection Error: Can't open a connection to same database file with a different configuration than existing connections
2026-07-28 10:05:38,686 ERROR HTTP Error 401: {"finance":{"result":null,"error":{"code":"Unauthorized","description":"Invalid Crumb"}}}
2026-07-28 10:05:38,718 ERROR HTTP Error 401: {"finance":{"result":null,"error":{"code":"Unauthorized","description":"Invalid Crumb"}}}
2026-07-28 10:05:50,780 ERROR HTTP Error 401: {"finance":{"result":null,"error":{"code":"Unauthorized","description":"User is unable to access this feature - https://bit.ly/yahoo-finance-api-feedback"}}}
2026-07-28 10:06:02,006 ERROR HTTP Error 401: {"finance":{"result":null,"error":{"code":"Unauthorized","description":"Invalid Crumb"}}}
2026-07-28 10:06:02,010 ERROR HTTP Error 401: {"finance":{"result":null,"error":{"code":"Unauthorized","description":"Invalid Crumb"}}}
2026-07-28 10:06:10,465 ERROR HTTP Error 404: {"quoteSummary":{"result":null,"error":{"code":"Not Found","description":"No fundamentals data found for symbol: IWM"}}}
2026-07-28 10:06:11,073 ERROR HTTP Error 404: {"quoteSummary":{"result":null,"error":{"code":"Not Found","description":"No fundamentals data found for symbol: IWM"}}}
2026-07-28 10:06:11,236 ERROR HTTP Error 404: {"quoteSummary":{"result":null,"error":{"code":"Not Found","description":"No fundamentals data found for symbol: GLD"}}}
2026-07-28 10:06:11,675 ERROR HTTP Error 404: {"quoteSummary":{"result":null,"error":{"code":"Not Found","description":"No fundamentals data found for symbol: GLD"}}}
2026-07-28 10:06:15,587 ERROR HTTP Error 404: {"quoteSummary":{"result":null,"error":{"code":"Not Found","description":"No fundamentals data found for symbol: XLE"}}}
2026-07-28 10:06:16,168 ERROR HTTP Error 404: {"quoteSummary":{"result":null,"error":{"code":"Not Found","description":"No fundamentals data found for symbol: XLE"}}}
2026-07-28 10:06:21,995 WARNING persist_feature_snapshot failed for XLE: ConnectionException: Connection Error: Can't open a connection to same database file with a different configuration than existing connections
2026-07-28 10:06:21,995 WARNING persist_feature_snapshot failed for C: ConnectionException: Connection Error: Can't open a connection to same database file with a different configuration than existing connections
2026-07-28 10:06:23,275 ERROR HTTP Error 404: {"quoteSummary":{"result":null,"error":{"code":"Not Found","description":"No fundamentals data found for symbol: IWM"}}}
2026-07-28 10:06:23,558 ERROR HTTP Error 404: {"quoteSummary":{"result":null,"error":{"code":"Not Found","description":"No fundamentals data found for symbol: IWM"}}}
2026-07-28 10:06:23,564 ERROR HTTP Error 404: {"quoteSummary":{"result":null,"error":{"code":"Not Found","description":"No fundamentals data found for symbol: XLE"}}}
2026-07-28 10:06:24,088 ERROR HTTP Error 404: {"quoteSummary":{"result":null,"error":{"code":"Not Found","description":"No fundamentals data found for symbol: XLE"}}}
2026-07-28 10:06:25,371 ERROR HTTP Error 404: {"quoteSummary":{"result":null,"error":{"code":"Not Found","description":"No fundamentals data found for symbol: GLD"}}}
2026-07-28 10:06:25,672 ERROR HTTP Error 404: {"quoteSummary":{"result":null,"error":{"code":"Not Found","description":"No fundamentals data found for symbol: GLD"}}}
2026-07-28 10:06:39,161 WARNING analyze_ticker(TGT) failed: 'NoneType' object has no attribute 'copy'
2026-07-28 10:06:46,102 ERROR HTTP Error 401: {"finance":{"result":null,"error":{"code":"Unauthorized","description":"User is unable to access this feature - https://bit.ly/yahoo-finance-api-feedback"}}}
2026-07-28 10:06:53,325 ERROR HTTP Error 401: {"finance":{"result":null,"error":{"code":"Unauthorized","description":"User is unable to access this feature - https://bit.ly/yahoo-finance-api-feedback"}}}
2026-07-28 10:06:56,449 ERROR HTTP Error 401: {"finance":{"result":null,"error":{"code":"Unauthorized","description":"Invalid Crumb"}}}
2026-07-28 10:06:56,828 ERROR HTTP Error 401: {"finance":{"result":null,"error":{"code":"Unauthorized","description":"User is unable to access this feature - https://bit.ly/yahoo-finance-api-feedback"}}}
2026-07-28 10:07:11,787 INFO [gate:capital] TSM Call Debit Spread rejected — required $1910.00 > buying_power $1500.00 × 100% = $1500.00
2026-07-28 10:07:11,787 INFO [gate:capital] TSM Put Debit Spread rejected — required $2300.00 > buying_power $1500.00 × 100% = $1500.00
2026-07-28 10:07:11,787 INFO [gate:capital] TSM Diagonal Spread rejected — required $2150.00 > buying_power $1500.00 × 100% = $1500.00
2026-07-28 10:07:11,787 INFO [gate:capital] TSM Put Debit Spread rejected — required $1575.00 > buying_power $1500.00 × 100% = $1500.00
2026-07-28 10:07:11,787 INFO [gate:capital] TSM Diagonal Spread rejected — required $2090.00 > buying_power $1500.00 × 100% = $1500.00
2026-07-28 10:07:11,787 INFO [gate:capital] AMD Put Credit Spread rejected — required $1620.00 > buying_power $1500.00 × 100% = $1500.00
2026-07-28 10:07:11,787 INFO [gate:capital] AMD Iron Condor rejected — required $1535.00 > buying_power $1500.00 × 100% = $1500.00
2026-07-28 10:07:11,787 INFO [gate:capital] AMD Iron Butterfly rejected — required $3520.00 > buying_power $1500.00 × 100% = $1500.00
2026-07-28 10:07:11,787 INFO [gate:capital] AMD Call Debit Spread rejected — required $3450.00 > buying_power $1500.00 × 100% = $1500.00
2026-07-28 10:07:11,787 INFO [gate:capital] AMD Put Debit Spread rejected — required $4295.00 > buying_power $1500.00 × 100% = $1500.00
2026-07-28 10:07:11,787 INFO [gate:capital] AMD Bear Combo rejected — required $6815.00 > buying_power $1500.00 × 100% = $1500.00
2026-07-28 10:07:11,787 INFO [gate:capital] AMD Iron Butterfly rejected — required $2915.00 > buying_power $1500.00 × 100% = $1500.00
2026-07-28 10:07:11,787 INFO [gate:capital] AMD Call Debit Spread rejected — required $2665.00 > buying_power $1500.00 × 100% = $1500.00
2026-07-28 10:07:11,787 INFO [gate:capital] AMD Bear Combo rejected — required $4250.00 > buying_power $1500.00 × 100% = $1500.00
2026-07-28 10:07:11,787 INFO [gate:capital] AVGO Put Debit Spread rejected — required $2050.00 > buying_power $1500.00 × 100% = $1500.00
2026-07-28 10:07:11,787 INFO [gate:capital] AVGO Diagonal Spread rejected — required $3070.00 > buying_power $1500.00 × 100% = $1500.00
2026-07-28 10:07:11,787 INFO [gate:capital] AVGO Put Debit Spread rejected — required $1920.00 > buying_power $1500.00 × 100% = $1500.00
2026-07-28 10:07:11,787 INFO [gate:capital] AVGO Diagonal Spread rejected — required $2410.00 > buying_power $1500.00 × 100% = $1500.00
2026-07-28 10:07:11,787 INFO [gate:capital] MU Call Debit Spread rejected — required $6300.00 > buying_power $1500.00 × 100% = $1500.00
2026-07-28 10:07:11,803 INFO [gate:capital] MU Bear Combo rejected — required $16310.00 > buying_power $1500.00 × 100% = $1500.00
2026-07-28 10:07:11,806 INFO [gate:capital] MU Iron Butterfly rejected — required $5670.00 > buying_power $1500.00 × 100% = $1500.00
2026-07-28 10:07:11,806 INFO [gate:capital] MU Call Debit Spread rejected — required $4580.00 > buying_power $1500.00 × 100% = $1500.00
2026-07-28 10:07:11,807 INFO [gate:capital] MU Bear Combo rejected — required $10160.00 > buying_power $1500.00 × 100% = $1500.00
2026-07-28 10:07:11,808 INFO [gate:capital] MU Diagonal Spread rejected — required $8410.00 > buying_power $1500.00 × 100% = $1500.00
2026-07-28 10:07:11,809 INFO [gate:capital] ASML Call Debit Spread rejected — required $8580.00 > buying_power $1500.00 × 100% = $1500.00
2026-07-28 10:07:11,810 INFO [gate:capital] ASML Put Debit Spread rejected — required $10430.00 > buying_power $1500.00 × 100% = $1500.00
2026-07-28 10:07:11,811 INFO [gate:capital] SNPS Call Debit Spread rejected — required $2575.00 > buying_power $1500.00 × 100% = $1500.00
2026-07-28 10:07:11,812 INFO [gate:capital] SNPS Diagonal Spread rejected — required $3380.00 > buying_power $1500.00 × 100% = $1500.00
2026-07-28 10:07:11,812 INFO [gate:capital] CDNS Iron Butterfly rejected — required $2410.00 > buying_power $1500.00 × 100% = $1500.00
2026-07-28 10:07:11,813 INFO [gate:capital] CDNS Call Debit Spread rejected — required $2000.00 > buying_power $1500.00 × 100% = $1500.00
2026-07-28 10:07:11,814 INFO [gate:capital] CDNS Put Debit Spread rejected — required $1840.00 > buying_power $1500.00 × 100% = $1500.00
2026-07-28 10:07:11,814 INFO [gate:capital] CDNS Bear Combo rejected — required $4310.00 > buying_power $1500.00 × 100% = $1500.00
2026-07-28 10:07:11,815 INFO [gate:capital] CDNS Diagonal Spread rejected — required $2160.00 > buying_power $1500.00 × 100% = $1500.00
2026-07-28 10:07:11,816 INFO [gate:capital] CDNS Call Debit Spread rejected — required $1770.00 > buying_power $1500.00 × 100% = $1500.00
2026-07-28 10:07:11,817 INFO [gate:capital] SNOW Call Debit Spread rejected — required $2330.00 > buying_power $1500.00 × 100% = $1500.00
2026-07-28 10:07:11,818 INFO [gate:capital] SNOW Call Debit Spread rejected — required $1528.00 > buying_power $1500.00 × 100% = $1500.00
2026-07-28 10:07:11,821 INFO [gate:capital] INTC Bear Combo rejected — required $1508.00 > buying_power $1500.00 × 100% = $1500.00
2026-07-28 10:07:11,823 INFO [gate:capital] MDB Iron Butterfly rejected — required $3655.00 > buying_power $1500.00 × 100% = $1500.00
2026-07-28 10:07:11,823 INFO [gate:capital] MDB Call Debit Spread rejected — required $2410.00 > buying_power $1500.00 × 100% = $1500.00
2026-07-28 10:07:11,824 INFO [gate:capital] MDB Put Debit Spread rejected — required $2275.00 > buying_power $1500.00 × 100% = $1500.00
2026-07-28 10:07:11,825 INFO [gate:capital] MDB Bear Combo rejected — required $4805.00 > buying_power $1500.00 × 100% = $1500.00
2026-07-28 10:07:11,825 INFO [gate:capital] MDB Diagonal Spread rejected — required $3770.00 > buying_power $1500.00 × 100% = $1500.00
2026-07-28 10:07:11,826 INFO [gate:capital] MDB Call Debit Spread rejected — required $1985.00 > buying_power $1500.00 × 100% = $1500.00
2026-07-28 10:07:11,827 INFO [gate:capital] MDB Diagonal Spread rejected — required $4190.00 > buying_power $1500.00 × 100% = $1500.00
2026-07-28 10:07:11,829 INFO [gate:capital] INTU Call Debit Spread rejected — required $1855.00 > buying_power $1500.00 × 100% = $1500.00
2026-07-28 10:07:11,830 INFO [gate:capital] INTU Put Debit Spread rejected — required $2970.00 > buying_power $1500.00 × 100% = $1500.00
2026-07-28 10:07:11,831 INFO [gate:capital] TEAM Bear Combo rejected — required $1975.00 > buying_power $1500.00 × 100% = $1500.00
2026-07-28 10:07:11,833 INFO [gate:capital] TMUS Bear Combo rejected — required $1975.00 > buying_power $1500.00 × 100% = $1500.00
2026-07-28 10:07:11,837 INFO [gate:capital] MELI Put Debit Spread rejected — required $10940.00 > buying_power $1500.00 × 100% = $1500.00
2026-07-28 10:07:11,837 INFO [gate:capital] MELI Diagonal Spread rejected — required $8600.00 > buying_power $1500.00 × 100% = $1500.00
2026-07-28 10:07:11,837 INFO [gate:capital] APP Iron Butterfly rejected — required $4200.00 > buying_power $1500.00 × 100% = $1500.00
2026-07-28 10:07:11,837 INFO [gate:capital] APP Call Debit Spread rejected — required $3560.00 > buying_power $1500.00 × 100% = $1500.00
2026-07-28 10:07:11,837 INFO [gate:capital] APP Put Debit Spread rejected — required $3590.00 > buying_power $1500.00 × 100% = $1500.00
2026-07-28 10:07:11,837 INFO [gate:capital] APP Bear Combo rejected — required $7660.00 > buying_power $1500.00 × 100% = $1500.00
2026-07-28 10:07:11,837 INFO [gate:capital] APP Diagonal Spread rejected — required $3340.00 > buying_power $1500.00 × 100% = $1500.00
2026-07-28 10:07:11,837 INFO [gate:capital] APP Put Debit Spread rejected — required $2960.00 > buying_power $1500.00 × 100% = $1500.00
2026-07-28 10:07:11,837 INFO [gate:capital] APP Bear Combo rejected — required $5390.00 > buying_power $1500.00 × 100% = $1500.00
2026-07-28 10:07:11,837 INFO [gate:capital] ULTA Put Debit Spread rejected — required $1550.00 > buying_power $1500.00 × 100% = $1500.00
2026-07-28 10:07:11,837 INFO [gate:capital] LLY Call Debit Spread rejected — required $5455.00 > buying_power $1500.00 × 100% = $1500.00
2026-07-28 10:07:11,837 INFO [gate:capital] LLY Put Debit Spread rejected — required $5610.00 > buying_power $1500.00 × 100% = $1500.00
2026-07-28 10:07:11,837 INFO [gate:capital] LLY Call Debit Spread rejected — required $5595.00 > buying_power $1500.00 × 100% = $1500.00
2026-07-28 10:07:11,837 INFO [gate:capital] ISRG Call Debit Spread rejected — required $1900.00 > buying_power $1500.00 × 100% = $1500.00
2026-07-28 10:07:11,837 INFO [gate:capital] ISRG Put Debit Spread rejected — required $1640.00 > buying_power $1500.00 × 100% = $1500.00
2026-07-28 10:07:11,837 INFO [gate:capital] GS Call Debit Spread rejected — required $4575.00 > buying_power $1500.00 × 100% = $1500.00
2026-07-28 10:07:11,837 INFO [gate:capital] GS Put Debit Spread rejected — required $4510.00 > buying_power $1500.00 × 100% = $1500.00
2026-07-28 10:07:11,837 INFO [gate:capital] GE Call Debit Spread rejected — required $1545.00 > buying_power $1500.00 × 100% = $1500.00
2026-07-28 10:07:11,852 INFO [gate:capital] GE Put Debit Spread rejected — required $1541.00 > buying_power $1500.00 × 100% = $1500.00
2026-07-28 10:07:11,856 INFO [gate:capital] GE Diagonal Spread rejected — required $1568.00 > buying_power $1500.00 × 100% = $1500.00
2026-07-28 10:07:11,856 INFO [gate:capital] ETN Put Debit Spread rejected — required $1770.00 > buying_power $1500.00 × 100% = $1500.00
2026-07-28 10:07:11,857 INFO [gate:capital] CAT Call Debit Spread rejected — required $5280.00 > buying_power $1500.00 × 100% = $1500.00
2026-07-28 10:07:11,858 INFO [gate:capital] CAT Put Debit Spread rejected — required $5270.00 > buying_power $1500.00 × 100% = $1500.00
2026-07-28 10:07:11,859 INFO [gate:capital] CAT Diagonal Spread rejected — required $5350.00 > buying_power $1500.00 × 100% = $1500.00
2026-07-28 10:07:11,859 INFO [gate:capital] DE Call Debit Spread rejected — required $3420.00 > buying_power $1500.00 × 100% = $1500.00
2026-07-28 10:07:11,860 INFO [gate:capital] DE Diagonal Spread rejected — required $3430.00 > buying_power $1500.00 × 100% = $1500.00
2026-07-28 10:07:11,862 INFO [gate:capital] CEG Call Debit Spread rejected — required $1515.00 > buying_power $1500.00 × 100% = $1500.00
2026-07-28 10:07:11,866 INFO [filter] 839 rejected, 88 survived — gate breakdown: {'capital_feasibility': 75, 'expected_roi': 217, 'iv_edge': 65, 'strikes_incomplete': 242, 'no_ev_or_pop': 42, 'min_profit': 45, 'ml_confidence': 66, 'liquidity': 87}
2026-07-28 10:07:11,866 INFO [filter] strikes_incomplete by structure: {'Short Straddle': 36, 'Jade Lizard': 33, 'Short Strangle': 32, 'Iron Condor': 25, 'Put Credit Spread': 24, 'Call Credit Spread': 19, 'Diagonal Spread': 16, 'Calendar Spread': 10, 'Put Debit Spread': 7, 'Financed Long Call': 6, 'Iron Butterfly': 6, 'Bear Combo': 6, 'Cash Secured Put': 4, 'Risk Reversal': 4, 'Ratio Put Backspread': 4, 'Long Strangle': 3, 'Call Debit Spread': 3, 'Ratio Call Backspread': 3, 'Financed Long Put': 1}
2026-07-28 10:07:36,086 INFO Ranking: composite score (XGBRanker not trained)
2026-07-28 10:07:36,094 INFO [capital_rejected] 75 entries persisted to capital_rejected.jsonl
2026-07-28 10:07:38,627 INFO Paper trade #1: 20260728AM_SPY_PDS_1  credit=6.580  expiry=2026-08-07
2026-07-28 10:07:39,394 INFO Training snapshot written for paper trade 20260728AM_SPY_PDS_1
2026-07-28 10:07:39,795 INFO Paper trade #2: 20260728AM_PLTR_PDS_2  credit=6.800  expiry=2026-08-07
2026-07-28 10:07:40,862 INFO Training snapshot written for paper trade 20260728AM_PLTR_PDS_2
2026-07-28 10:07:41,265 WARNING [capital] Skipping FCX Call Debit Spread — needs $226.00 but only $161.00 buying power available.
2026-07-28 10:07:41,618 WARNING [capital] Skipping AVGO Call Debit Spread — needs $1410.00 but only $161.00 buying power available.
2026-07-28 10:07:41,961 WARNING [capital] Skipping GOOGL Call Debit Spread — needs $680.00 but only $161.00 buying power available.
2026-07-28 10:07:42,258 WARNING [capital] Skipping TQQQ Put Debit Spread — needs $483.00 but only $161.00 buying power available.
2026-07-28 10:07:42,505 WARNING [capital] Skipping NVO Call Debit Spread — needs $237.00 but only $161.00 buying power available.
2026-07-28 10:07:42,844 WARNING [capital] Skipping IWM Put Debit Spread — needs $371.00 but only $161.00 buying power available.
2026-07-28 10:07:43,363 WARNING [capital] Skipping CRM Call Debit Spread — needs $758.00 but only $161.00 buying power available.
2026-07-28 10:07:43,718 WARNING [capital] Skipping TSM Call Debit Spread — needs $1245.00 but only $161.00 buying power available.
2026-07-28 10:07:44,178 WARNING [capital] Skipping INTC Call Debit Spread — needs $485.00 but only $161.00 buying power available.
2026-07-28 10:07:44,462 WARNING [capital] Skipping NVDA Call Debit Spread — needs $591.00 but only $161.00 buying power available.
2026-07-28 10:07:44,794 WARNING [capital] Skipping NFLX Put Debit Spread — needs $250.00 but only $161.00 buying power available.
2026-07-28 10:07:45,161 INFO Paper trade #3: 20260728AM_ORCL_COV_3  credit=1.780  expiry=2026-08-07
2026-07-28 10:07:46,736 INFO Training snapshot written for paper trade 20260728AM_ORCL_COV_3
2026-07-28 10:09:26,664 INFO [scan_morning] scan snapshots: 192 saved, 6 skipped (opened), 0 errors
2026-07-28 10:09:26,680 INFO Scan snapshots: 192 saved, 6 skipped
2026-07-29 10:00:05,491 WARNING [warmup] E*TRADE not authenticated — option chains will fall back to yfinance
2026-07-29 10:00:05,512 INFO ml_cache disk file is stale (48055s) — trying DuckDB
2026-07-29 10:00:05,604 INFO ml_cache loaded from DuckDB fallback: 83 tickers
2026-07-29 10:00:05,617 INFO [prefetch] step 1 — batch daily history for 102 tickers
2026-07-29 10:00:24,317 INFO [prefetch] daily history done: 102 ok, 0 fail  (18.7s)
2026-07-29 10:00:24,317 INFO [prefetch] step 2 — batch weekly history for 101 tickers
2026-07-29 10:00:41,385 INFO [prefetch] weekly history done: 101 ok, 0 fail  (35.8s)
2026-07-29 10:00:41,388 INFO [prefetch] step 3+4 — expirations + chains for 101 tickers (serial)
2026-07-29 10:02:53,772 INFO [prefetch] done in 168s — hist 102/102, weekly 101/101, exps 101/101, chains 482 (fail 0)
2026-07-29 10:02:53,778 INFO [scan] cache ready — 786 total keys, 482 chain keys
2026-07-29 10:02:55,499 ERROR HTTP Error 404: {"quoteSummary":{"result":null,"error":{"code":"Not Found","description":"No fundamentals data found for symbol: QQQ"}}}
2026-07-29 10:02:55,972 ERROR HTTP Error 404: {"quoteSummary":{"result":null,"error":{"code":"Not Found","description":"No fundamentals data found for symbol: SPY"}}}
2026-07-29 10:02:55,972 ERROR HTTP Error 404: {"quoteSummary":{"result":null,"error":{"code":"Not Found","description":"No fundamentals data found for symbol: QQQ"}}}
2026-07-29 10:02:56,663 ERROR HTTP Error 404: {"quoteSummary":{"result":null,"error":{"code":"Not Found","description":"No fundamentals data found for symbol: TQQQ"}}}
2026-07-29 10:02:56,895 ERROR HTTP Error 404: {"quoteSummary":{"result":null,"error":{"code":"Not Found","description":"No fundamentals data found for symbol: SPY"}}}
2026-07-29 10:02:57,344 ERROR HTTP Error 404: {"quoteSummary":{"result":null,"error":{"code":"Not Found","description":"No fundamentals data found for symbol: TQQQ"}}}
2026-07-29 10:03:18,302 ERROR HTTP Error 404: {"quoteSummary":{"result":null,"error":{"code":"Not Found","description":"No fundamentals data found for symbol: QQQ"}}}
2026-07-29 10:03:18,753 ERROR HTTP Error 404: {"quoteSummary":{"result":null,"error":{"code":"Not Found","description":"No fundamentals data found for symbol: QQQ"}}}
2026-07-29 10:03:33,506 ERROR HTTP Error 404: {"quoteSummary":{"result":null,"error":{"code":"Not Found","description":"No fundamentals data found for symbol: TQQQ"}}}
2026-07-29 10:03:34,136 ERROR HTTP Error 404: {"quoteSummary":{"result":null,"error":{"code":"Not Found","description":"No fundamentals data found for symbol: TQQQ"}}}
2026-07-29 10:03:54,266 ERROR HTTP Error 404: {"quoteSummary":{"result":null,"error":{"code":"Not Found","description":"No fundamentals data found for symbol: SPY"}}}
2026-07-29 10:03:54,622 ERROR HTTP Error 404: {"quoteSummary":{"result":null,"error":{"code":"Not Found","description":"No fundamentals data found for symbol: SPY"}}}
2026-07-29 10:04:20,353 ERROR HTTP Error 401: {"finance":{"result":null,"error":{"code":"Unauthorized","description":"Invalid Crumb"}}}
2026-07-29 10:04:38,044 ERROR HTTP Error 401: {"finance":{"result":null,"error":{"code":"Unauthorized","description":"Invalid Crumb"}}}
2026-07-29 10:04:44,241 ERROR HTTP Error 401: {"finance":{"result":null,"error":{"code":"Unauthorized","description":"Invalid Crumb"}}}
2026-07-29 10:04:44,394 ERROR HTTP Error 401: {"finance":{"result":null,"error":{"code":"Unauthorized","description":"Invalid Crumb"}}}
2026-07-29 10:04:58,418 ERROR HTTP Error 401: {"finance":{"result":null,"error":{"code":"Unauthorized","description":"Invalid Crumb"}}}
2026-07-29 10:05:03,175 ERROR HTTP Error 401: {"finance":{"result":null,"error":{"code":"Unauthorized","description":"Invalid Crumb"}}}
2026-07-29 10:05:06,577 ERROR HTTP Error 401: {"finance":{"result":null,"error":{"code":"Unauthorized","description":"Invalid Crumb"}}}
2026-07-29 10:05:27,635 WARNING persist_feature_snapshot failed for NOW: IOException: IO Error: Cannot open file "C:\Project Y\data\ml_training.duckdb": The process cannot access the file because it is being used by another process.

File is already open in 
C:\Python312\python\python.exe (PID 9060)
2026-07-29 10:05:28,101 WARNING persist_feature_snapshot failed for INTU: ConnectionException: Connection Error: Can't open a connection to same database file with a different configuration than existing connections
2026-07-29 10:05:55,416 WARNING persist_feature_snapshot failed for TMUS: ConnectionException: Connection Error: Can't open a connection to same database file with a different configuration than existing connections
2026-07-29 10:05:58,552 WARNING persist_feature_snapshot failed for TSLA: ConnectionException: Connection Error: Can't open a connection to same database file with a different configuration than existing connections
2026-07-29 10:05:58,576 WARNING persist_feature_snapshot failed for NFLX: ConnectionException: Connection Error: Can't open a connection to same database file with a different configuration than existing connections
2026-07-29 10:06:09,209 WARNING persist_feature_snapshot failed for MELI: ConnectionException: Connection Error: Can't open a connection to same database file with a different configuration than existing connections
2026-07-29 10:06:18,616 ERROR HTTP Error 401: {"finance":{"result":null,"error":{"code":"Unauthorized","description":"Invalid Crumb"}}}
2026-07-29 10:06:18,628 ERROR HTTP Error 401: {"finance":{"result":null,"error":{"code":"Unauthorized","description":"Invalid Crumb"}}}
2026-07-29 10:06:22,954 ERROR HTTP Error 401: {"finance":{"result":null,"error":{"code":"Unauthorized","description":"Invalid Crumb"}}}
2026-07-29 10:06:22,981 ERROR HTTP Error 401: {"finance":{"result":null,"error":{"code":"Unauthorized","description":"Invalid Crumb"}}}
2026-07-29 10:06:29,729 ERROR HTTP Error 401: {"finance":{"result":null,"error":{"code":"Unauthorized","description":"Invalid Crumb"}}}
2026-07-29 10:06:41,183 WARNING persist_feature_snapshot failed for COST: ConnectionException: Connection Error: Can't open a connection to same database file with a different configuration than existing connections
2026-07-29 10:06:41,932 ERROR HTTP Error 401: {"finance":{"result":null,"error":{"code":"Unauthorized","description":"Invalid Crumb"}}}
2026-07-29 10:06:41,933 ERROR HTTP Error 401: {"finance":{"result":null,"error":{"code":"Unauthorized","description":"Invalid Crumb"}}}
2026-07-29 10:06:46,854 ERROR HTTP Error 401: {"finance":{"result":null,"error":{"code":"Unauthorized","description":"User is unable to access this feature - https://bit.ly/yahoo-finance-api-feedback"}}}
2026-07-29 10:06:53,844 ERROR HTTP Error 401: {"finance":{"result":null,"error":{"code":"Unauthorized","description":"Invalid Crumb"}}}
2026-07-29 10:07:05,919 ERROR HTTP Error 401: {"finance":{"result":null,"error":{"code":"Unauthorized","description":"Invalid Crumb"}}}
2026-07-29 10:07:05,961 ERROR HTTP Error 401: {"finance":{"result":null,"error":{"code":"Unauthorized","description":"Invalid Crumb"}}}
2026-07-29 10:07:38,291 ERROR HTTP Error 401: {"finance":{"result":null,"error":{"code":"Unauthorized","description":"Invalid Crumb"}}}
2026-07-29 10:07:38,497 ERROR HTTP Error 401: {"finance":{"result":null,"error":{"code":"Unauthorized","description":"Invalid Crumb"}}}
2026-07-29 10:07:54,773 ERROR HTTP Error 404: {"quoteSummary":{"result":null,"error":{"code":"Not Found","description":"No fundamentals data found for symbol: IWM"}}}
2026-07-29 10:08:00,367 ERROR HTTP Error 404: {"quoteSummary":{"result":null,"error":{"code":"Not Found","description":"No fundamentals data found for symbol: XLE"}}}
2026-07-29 10:08:00,694 ERROR HTTP Error 404: {"quoteSummary":{"result":null,"error":{"code":"Not Found","description":"No fundamentals data found for symbol: XLE"}}}
2026-07-29 10:08:04,714 ERROR $^VVIX: possibly delisted; no price data found  (period=2d)
2026-07-29 10:08:04,715 ERROR $^VIX3M: possibly delisted; no price data found  (period=2d)
2026-07-29 10:08:04,717 ERROR $^VIX: possibly delisted; no price data found  (period=2d)
2026-07-29 10:08:04,718 ERROR $^VVIX: possibly delisted; no price data found  (period=2d)
2026-07-29 10:08:04,735 ERROR 
3 Failed downloads:
2026-07-29 10:08:04,737 ERROR ['^VVIX', '^VIX3M', '^VIX']: possibly delisted; no price data found  (period=2d)
2026-07-29 10:08:04,931 ERROR 
1 Failed download:
2026-07-29 10:08:04,931 ERROR ['^VVIX']: possibly delisted; no price data found  (period=2d)
2026-07-29 10:08:15,074 ERROR HTTP Error 404: {"quoteSummary":{"result":null,"error":{"code":"Not Found","description":"No fundamentals data found for symbol: GLD"}}}
2026-07-29 10:08:15,600 ERROR HTTP Error 404: {"quoteSummary":{"result":null,"error":{"code":"Not Found","description":"No fundamentals data found for symbol: XLE"}}}
2026-07-29 10:08:15,612 ERROR HTTP Error 404: {"quoteSummary":{"result":null,"error":{"code":"Not Found","description":"No fundamentals data found for symbol: GLD"}}}
2026-07-29 10:08:16,105 ERROR HTTP Error 404: {"quoteSummary":{"result":null,"error":{"code":"Not Found","description":"No fundamentals data found for symbol: XLE"}}}
2026-07-29 10:08:16,523 WARNING analyze_ticker(GLD) failed: 'NoneType' object has no attribute 'copy'
2026-07-29 10:08:17,710 ERROR HTTP Error 404: {"quoteSummary":{"result":null,"error":{"code":"Not Found","description":"No fundamentals data found for symbol: GLD"}}}
2026-07-29 10:08:18,196 ERROR HTTP Error 404: {"quoteSummary":{"result":null,"error":{"code":"Not Found","description":"No fundamentals data found for symbol: GLD"}}}
2026-07-29 10:08:27,349 WARNING persist_feature_snapshot failed for C: ConnectionException: Connection Error: Can't open a connection to same database file with a different configuration than existing connections
2026-07-29 10:08:27,351 WARNING persist_feature_snapshot failed for XLE: ConnectionException: Connection Error: Can't open a connection to same database file with a different configuration than existing connections
2026-07-29 10:08:27,353 WARNING persist_feature_snapshot failed for WFC: ConnectionException: Connection Error: Can't open a connection to same database file with a different configuration than existing connections
2026-07-29 10:08:29,451 ERROR HTTP Error 404: {"quoteSummary":{"result":null,"error":{"code":"Not Found","description":"No fundamentals data found for symbol: IWM"}}}
2026-07-29 10:08:29,989 ERROR HTTP Error 404: {"quoteSummary":{"result":null,"error":{"code":"Not Found","description":"No fundamentals data found for symbol: IWM"}}}
2026-07-29 10:08:34,489 ERROR HTTP Error 401: {"finance":{"result":null,"error":{"code":"Unauthorized","description":"Invalid Crumb"}}}
2026-07-29 10:09:31,442 INFO [gate:capital] TSM Call Debit Spread rejected — required $1980.00 > buying_power $1500.00 × 100% = $1500.00
2026-07-29 10:09:31,442 INFO [gate:capital] TSM Put Debit Spread rejected — required $1755.00 > buying_power $1500.00 × 100% = $1500.00
2026-07-29 10:09:31,442 INFO [gate:capital] TSM Diagonal Spread rejected — required $2210.00 > buying_power $1500.00 × 100% = $1500.00
2026-07-29 10:09:31,442 INFO [gate:capital] TSM Diagonal Spread rejected — required $2000.00 > buying_power $1500.00 × 100% = $1500.00
2026-07-29 10:09:31,457 INFO [gate:capital] AMD Put Credit Spread rejected — required $2560.00 > buying_power $1500.00 × 100% = $1500.00
2026-07-29 10:09:31,458 INFO [gate:capital] AMD Iron Condor rejected — required $2435.00 > buying_power $1500.00 × 100% = $1500.00
2026-07-29 10:09:31,459 INFO [gate:capital] AMD Call Debit Spread rejected — required $2950.00 > buying_power $1500.00 × 100% = $1500.00
2026-07-29 10:09:31,459 INFO [gate:capital] AMD Bear Combo rejected — required $6285.00 > buying_power $1500.00 × 100% = $1500.00
2026-07-29 10:09:31,460 INFO [gate:capital] AMD Iron Butterfly rejected — required $2500.00 > buying_power $1500.00 × 100% = $1500.00
2026-07-29 10:09:31,461 INFO [gate:capital] AMD Put Debit Spread rejected — required $2075.00 > buying_power $1500.00 × 100% = $1500.00
2026-07-29 10:09:31,462 INFO [gate:capital] AMD Bear Combo rejected — required $4620.00 > buying_power $1500.00 × 100% = $1500.00
2026-07-29 10:09:31,463 INFO [gate:capital] MU Put Credit Spread rejected — required $1720.00 > buying_power $1500.00 × 100% = $1500.00
2026-07-29 10:09:31,463 INFO [gate:capital] MU Call Credit Spread rejected — required $3590.00 > buying_power $1500.00 × 100% = $1500.00
2026-07-29 10:09:31,464 INFO [gate:capital] MU Iron Condor rejected — required $3310.00 > buying_power $1500.00 × 100% = $1500.00
2026-07-29 10:09:31,465 INFO [gate:capital] MU Iron Butterfly rejected — required $7205.00 > buying_power $1500.00 × 100% = $1500.00
2026-07-29 10:09:31,465 INFO [gate:capital] MU Call Debit Spread rejected — required $7065.00 > buying_power $1500.00 × 100% = $1500.00
2026-07-29 10:09:31,466 INFO [gate:capital] MU Put Debit Spread rejected — required $8015.00 > buying_power $1500.00 × 100% = $1500.00
2026-07-29 10:09:31,467 INFO [gate:capital] MU Bear Combo rejected — required $13955.00 > buying_power $1500.00 × 100% = $1500.00
2026-07-29 10:09:31,468 INFO [gate:capital] MU Diagonal Spread rejected — required $9110.00 > buying_power $1500.00 × 100% = $1500.00
2026-07-29 10:09:31,469 INFO [gate:capital] MU Call Debit Spread rejected — required $5275.00 > buying_power $1500.00 × 100% = $1500.00
2026-07-29 10:09:31,469 INFO [gate:capital] MU Put Debit Spread rejected — required $4285.00 > buying_power $1500.00 × 100% = $1500.00
2026-07-29 10:09:31,470 INFO [gate:capital] MU Bear Combo rejected — required $6505.00 > buying_power $1500.00 × 100% = $1500.00
2026-07-29 10:09:31,471 INFO [gate:capital] MU Diagonal Spread rejected — required $8560.00 > buying_power $1500.00 × 100% = $1500.00
2026-07-29 10:09:31,473 INFO [gate:capital] TXN Diagonal Spread rejected — required $1725.00 > buying_power $1500.00 × 100% = $1500.00
2026-07-29 10:09:31,476 INFO [gate:capital] KLAC Call Credit Spread rejected — required $1740.00 > buying_power $1500.00 × 100% = $1500.00
2026-07-29 10:09:31,477 INFO [gate:capital] KLAC Iron Butterfly rejected — required $1720.00 > buying_power $1500.00 × 100% = $1500.00
2026-07-29 10:09:31,478 INFO [gate:capital] KLAC Call Debit Spread rejected — required $2080.00 > buying_power $1500.00 × 100% = $1500.00
2026-07-29 10:09:31,479 INFO [gate:capital] KLAC Put Debit Spread rejected — required $1890.00 > buying_power $1500.00 × 100% = $1500.00
2026-07-29 10:09:31,479 INFO [gate:capital] KLAC Bear Combo rejected — required $3715.00 > buying_power $1500.00 × 100% = $1500.00
2026-07-29 10:09:31,481 INFO [gate:capital] ASML Call Debit Spread rejected — required $6260.00 > buying_power $1500.00 × 100% = $1500.00
2026-07-29 10:09:31,481 INFO [gate:capital] ASML Put Debit Spread rejected — required $9100.00 > buying_power $1500.00 × 100% = $1500.00
2026-07-29 10:09:31,482 INFO [gate:capital] ASML Put Debit Spread rejected — required $3500.00 > buying_power $1500.00 × 100% = $1500.00
2026-07-29 10:09:31,483 INFO [gate:capital] MDB Call Debit Spread rejected — required $2490.00 > buying_power $1500.00 × 100% = $1500.00
2026-07-29 10:09:31,484 INFO [gate:capital] MDB Put Debit Spread rejected — required $2575.00 > buying_power $1500.00 × 100% = $1500.00
2026-07-29 10:09:31,485 INFO [gate:capital] MDB Bear Combo rejected — required $5910.00 > buying_power $1500.00 × 100% = $1500.00
2026-07-29 10:09:31,485 INFO [gate:capital] MDB Diagonal Spread rejected — required $4370.00 > buying_power $1500.00 × 100% = $1500.00
2026-07-29 10:09:31,486 INFO [gate:capital] MDB Call Debit Spread rejected — required $2060.00 > buying_power $1500.00 × 100% = $1500.00
2026-07-29 10:09:31,487 INFO [gate:capital] MDB Put Debit Spread rejected — required $1766.00 > buying_power $1500.00 × 100% = $1500.00
2026-07-29 10:09:31,487 INFO [gate:capital] MDB Bear Combo rejected — required $2811.00 > buying_power $1500.00 × 100% = $1500.00
2026-07-29 10:09:31,492 INFO [gate:capital] ORCL Bear Combo rejected — required $1607.00 > buying_power $1500.00 × 100% = $1500.00
2026-07-29 10:09:31,494 INFO [gate:capital] TSLA Put Debit Spread rejected — required $1615.00 > buying_power $1500.00 × 100% = $1500.00
2026-07-29 10:09:31,494 INFO [gate:capital] CAT Iron Butterfly rejected — required $5340.00 > buying_power $1500.00 × 100% = $1500.00
2026-07-29 10:09:31,494 INFO [gate:capital] CAT Call Debit Spread rejected — required $5270.00 > buying_power $1500.00 × 100% = $1500.00
2026-07-29 10:09:31,494 INFO [gate:capital] CAT Put Debit Spread rejected — required $4395.00 > buying_power $1500.00 × 100% = $1500.00
2026-07-29 10:09:31,494 INFO [gate:capital] CAT Bear Combo rejected — required $6730.00 > buying_power $1500.00 × 100% = $1500.00
2026-07-29 10:09:31,494 INFO [gate:capital] CAT Diagonal Spread rejected — required $5550.00 > buying_power $1500.00 × 100% = $1500.00
2026-07-29 10:09:31,494 INFO [gate:capital] CAT Call Debit Spread rejected — required $4830.00 > buying_power $1500.00 × 100% = $1500.00
2026-07-29 10:09:31,494 INFO [gate:capital] CAT Put Debit Spread rejected — required $3630.00 > buying_power $1500.00 × 100% = $1500.00
2026-07-29 10:09:31,494 INFO [gate:capital] CAT Bear Combo rejected — required $7580.00 > buying_power $1500.00 × 100% = $1500.00
2026-07-29 10:09:31,511 INFO [filter] 1014 rejected, 59 survived — gate breakdown: {'ml_confidence': 341, 'iv_edge': 71, 'no_ev_or_pop': 50, 'capital_feasibility': 49, 'expected_roi': 140, 'liquidity': 48, 'strikes_incomplete': 268, 'min_profit': 47}
2026-07-29 10:09:31,513 INFO [filter] strikes_incomplete by structure: {'Short Straddle': 41, 'Jade Lizard': 38, 'Short Strangle': 37, 'Iron Condor': 28, 'Put Credit Spread': 27, 'Call Credit Spread': 24, 'Diagonal Spread': 18, 'Calendar Spread': 15, 'Put Debit Spread': 10, 'Iron Butterfly': 9, 'Call Debit Spread': 7, 'Bear Combo': 3, 'Ratio Call Backspread': 3, 'Financed Long Call': 2, 'Financed Long Put': 2, 'Ratio Put Backspread': 1, 'Cash Secured Put': 1, 'Risk Reversal': 1, 'Long Strangle': 1}
2026-07-29 10:09:42,853 INFO Ranking: composite score (XGBRanker not trained)
2026-07-29 10:09:42,853 INFO [capital_rejected] 49 entries persisted to capital_rejected.jsonl
2026-07-29 10:09:43,465 INFO Paper trade #1: 20260729AM_TSLA_PDS_1  credit=9.535  expiry=2026-08-07
2026-07-29 10:09:45,758 INFO Training snapshot written for paper trade 20260729AM_TSLA_PDS_1
2026-07-29 10:09:46,207 INFO Paper trade #2: 20260729AM_SPY_PDS_2  credit=5.675  expiry=2026-08-07
2026-07-29 10:09:47,645 INFO Training snapshot written for paper trade 20260729AM_SPY_PDS_2
2026-07-29 10:09:47,661 WARNING [capital] Skipping TQQQ Diagonal Spread — needs $641.00 but only $19.00 buying power available.
2026-07-29 10:09:48,083 WARNING [capital] Skipping IWM Put Debit Spread — needs $271.00 but only $19.00 buying power available.
2026-07-29 10:09:48,391 WARNING [capital] Skipping INTC Call Debit Spread — needs $523.00 but only $19.00 buying power available.
2026-07-29 10:09:48,730 WARNING [capital] Skipping GLD Put Debit Spread — needs $511.00 but only $19.00 buying power available.
2026-07-29 10:09:49,028 WARNING [capital] Skipping ORCL Call Debit Spread — needs $451.00 but only $19.00 buying power available.
2026-07-29 10:09:49,494 INFO Paper trade #3: 20260729AM_MU_COV_3  credit=11.800  expiry=2026-08-07
2026-07-29 10:09:51,406 INFO Training snapshot written for paper trade 20260729AM_MU_COV_3
2026-07-29 10:11:35,361 INFO [scan_morning] scan snapshots: 192 saved, 6 skipped (opened), 0 errors
2026-07-29 10:11:35,362 INFO Scan snapshots: 192 saved, 6 skipped
2026-07-30 10:00:06,968 WARNING [warmup] E*TRADE not authenticated — option chains will fall back to yfinance
2026-07-30 10:00:07,077 INFO ml_cache disk file is stale (134457s) — trying DuckDB
2026-07-30 10:00:07,239 INFO ml_cache loaded from DuckDB fallback: 83 tickers
2026-07-30 10:00:07,267 INFO [prefetch] step 1 — batch daily history for 102 tickers
2026-07-30 10:00:24,565 INFO [prefetch] daily history done: 102 ok, 0 fail  (17.3s)
2026-07-30 10:00:24,565 INFO [prefetch] step 2 — batch weekly history for 101 tickers
2026-07-30 10:00:41,722 INFO [prefetch] weekly history done: 101 ok, 0 fail  (34.5s)
2026-07-30 10:00:41,727 INFO [prefetch] step 3+4 — expirations + chains for 101 tickers (serial)
2026-07-30 10:02:19,989 INFO [prefetch] done in 133s — hist 102/102, weekly 101/101, exps 101/101, chains 398 (fail 0)
2026-07-30 10:02:21,035 INFO [scan] cache ready — 702 total keys, 398 chain keys
2026-07-30 10:02:22,418 ERROR HTTP Error 404: {"quoteSummary":{"result":null,"error":{"code":"Not Found","description":"No fundamentals data found for symbol: TQQQ"}}}
2026-07-30 10:02:22,920 ERROR HTTP Error 404: {"quoteSummary":{"result":null,"error":{"code":"Not Found","description":"No fundamentals data found for symbol: SPY"}}}
2026-07-30 10:02:23,490 WARNING analyze_ticker(AVGO) failed: [WinError 32] The process cannot access the file because it is being used by another process: 'C:\\Project Y\\data\\oi_cache.json.tmp' -> 'C:\\Project Y\\data\\oi_cache.json'
2026-07-30 10:02:23,522 ERROR HTTP Error 404: {"quoteSummary":{"result":null,"error":{"code":"Not Found","description":"No fundamentals data found for symbol: SPY"}}}
2026-07-30 10:02:23,523 ERROR HTTP Error 404: {"quoteSummary":{"result":null,"error":{"code":"Not Found","description":"No fundamentals data found for symbol: QQQ"}}}
2026-07-30 10:02:23,598 ERROR HTTP Error 404: {"quoteSummary":{"result":null,"error":{"code":"Not Found","description":"No fundamentals data found for symbol: TQQQ"}}}
2026-07-30 10:02:23,816 WARNING analyze_ticker(NVDA) failed: [WinError 5] Access is denied: 'C:\\Project Y\\data\\oi_cache.json.tmp' -> 'C:\\Project Y\\data\\oi_cache.json'
2026-07-30 10:02:24,821 ERROR HTTP Error 404: {"quoteSummary":{"result":null,"error":{"code":"Not Found","description":"No fundamentals data found for symbol: QQQ"}}}
2026-07-30 10:02:43,166 WARNING persist_feature_snapshot failed for SPY: IOException: IO Error: Cannot open file "C:\Project Y\data\ml_training.duckdb": The process cannot access the file because it is being used by another process.

File is already open in 
C:\Python312\python\python.exe (PID 120)
2026-07-30 10:02:43,639 WARNING persist_feature_snapshot failed for MSFT: IOException: IO Error: Cannot open file "C:\Project Y\data\ml_training.duckdb": The process cannot access the file because it is being used by another process.

File is already open in 
C:\Python312\python\python.exe (PID 120)
2026-07-30 10:02:44,879 WARNING persist_feature_snapshot failed for NVDA: IOException: IO Error: Cannot open file "C:\Project Y\data\ml_training.duckdb": The process cannot access the file because it is being used by another process.

File is already open in 
C:\Python312\python\python.exe (PID 120)
2026-07-30 10:02:46,440 WARNING persist_feature_snapshot failed for AVGO: IOException: IO Error: Cannot open file "C:\Project Y\data\ml_training.duckdb": The process cannot access the file because it is being used by another process.

File is already open in 
C:\Python312\python\python.exe (PID 120)
2026-07-30 10:02:49,383 WARNING persist_feature_snapshot failed for TQQQ: IOException: IO Error: Cannot open file "C:\Project Y\data\ml_training.duckdb": The process cannot access the file because it is being used by another process.

File is already open in 
C:\Python312\python\python.exe (PID 120)
2026-07-30 10:02:50,016 WARNING persist_feature_snapshot failed for TSM: IOException: IO Error: Cannot open file "C:\Project Y\data\ml_training.duckdb": The process cannot access the file because it is being used by another process.

File is already open in 
C:\Python312\python\python.exe (PID 120)
2026-07-30 10:02:52,176 ERROR HTTP Error 404: {"quoteSummary":{"result":null,"error":{"code":"Not Found","description":"No fundamentals data found for symbol: SPY"}}}
2026-07-30 10:02:52,943 WARNING persist_feature_snapshot failed for QQQ: IOException: IO Error: Cannot open file "C:\Project Y\data\ml_training.duckdb": The process cannot access the file because it is being used by another process.

File is already open in 
C:\Python312\python\python.exe (PID 120)
2026-07-30 10:02:53,158 ERROR HTTP Error 404: {"quoteSummary":{"result":null,"error":{"code":"Not Found","description":"No fundamentals data found for symbol: SPY"}}}
2026-07-30 10:02:54,322 WARNING persist_feature_snapshot failed for MU: IOException: IO Error: Cannot open file "C:\Project Y\data\ml_training.duckdb": The process cannot access the file because it is being used by another process.

File is already open in 
C:\Python312\python\python.exe (PID 120)
2026-07-30 10:02:56,778 ERROR HTTP Error 404: {"quoteSummary":{"result":null,"error":{"code":"Not Found","description":"No fundamentals data found for symbol: TQQQ"}}}
2026-07-30 10:02:58,467 ERROR HTTP Error 404: {"quoteSummary":{"result":null,"error":{"code":"Not Found","description":"No fundamentals data found for symbol: TQQQ"}}}
2026-07-30 10:03:07,996 WARNING persist_feature_snapshot failed for MSFT: IOException: IO Error: Cannot open file "C:\Project Y\data\ml_training.duckdb": The process cannot access the file because it is being used by another process.

File is already open in 
C:\Python312\python\python.exe (PID 120)
2026-07-30 10:03:08,195 ERROR HTTP Error 404: {"quoteSummary":{"result":null,"error":{"code":"Not Found","description":"No fundamentals data found for symbol: QQQ"}}}
2026-07-30 10:03:09,362 ERROR HTTP Error 404: {"quoteSummary":{"result":null,"error":{"code":"Not Found","description":"No fundamentals data found for symbol: QQQ"}}}
2026-07-30 10:03:13,682 WARNING persist_feature_snapshot failed for TQQQ: IOException: IO Error: Cannot open file "C:\Project Y\data\ml_training.duckdb": The process cannot access the file because it is being used by another process.

File is already open in 
C:\Python312\python\python.exe (PID 120)
2026-07-30 10:03:17,549 WARNING persist_feature_snapshot failed for TSM: IOException: IO Error: Cannot open file "C:\Project Y\data\ml_training.duckdb": The process cannot access the file because it is being used by another process.

File is already open in 
C:\Python312\python\python.exe (PID 120)
2026-07-30 10:03:18,385 WARNING persist_feature_snapshot failed for SPY: IOException: IO Error: Cannot open file "C:\Project Y\data\ml_training.duckdb": The process cannot access the file because it is being used by another process.

File is already open in 
C:\Python312\python\python.exe (PID 120)
2026-07-30 10:03:22,364 WARNING persist_feature_snapshot failed for INTC: IOException: IO Error: Cannot open file "C:\Project Y\data\ml_training.duckdb": The process cannot access the file because it is being used by another process.

File is already open in 
C:\Python312\python\python.exe (PID 120)
2026-07-30 10:03:23,717 WARNING persist_feature_snapshot failed for ARM: IOException: IO Error: Cannot open file "C:\Project Y\data\ml_training.duckdb": The process cannot access the file because it is being used by another process.

File is already open in 
C:\Python312\python\python.exe (PID 120)
2026-07-30 10:03:26,050 WARNING persist_feature_snapshot failed for QCOM: IOException: IO Error: Cannot open file "C:\Project Y\data\ml_training.duckdb": The process cannot access the file because it is being used by another process.

File is already open in 
C:\Python312\python\python.exe (PID 120)
2026-07-30 10:03:32,237 WARNING persist_feature_snapshot failed for QQQ: IOException: IO Error: Cannot open file "C:\Project Y\data\ml_training.duckdb": The process cannot access the file because it is being used by another process.

File is already open in 
C:\Python312\python\python.exe (PID 120)
C:\Python312\python\python.exe (PID 10480)
2026-07-30 10:03:32,406 WARNING persist_feature_snapshot failed for TXN: IOException: IO Error: Cannot open file "C:\Project Y\data\ml_training.duckdb": The process cannot access the file because it is being used by another process.

File is already open in 
C:\Python312\python\python.exe (PID 120)
C:\Python312\python\python.exe (PID 10480)
2026-07-30 10:03:32,940 WARNING persist_feature_snapshot failed for MU: ConnectionException: Connection Error: Can't open a connection to same database file with a different configuration than existing connections
2026-07-30 10:03:37,898 ERROR HTTP Error 401: {"finance":{"result":null,"error":{"code":"Unauthorized","description":"Invalid Crumb"}}}
2026-07-30 10:03:40,574 WARNING persist_feature_snapshot failed for QCOM: IOException: IO Error: Cannot open file "C:\Project Y\data\ml_training.duckdb": The process cannot access the file because it is being used by another process.

File is already open in 
C:\Python312\python\python.exe (PID 120)
2026-07-30 10:03:41,863 WARNING persist_feature_snapshot failed for KLAC: IOException: IO Error: Cannot open file "C:\Project Y\data\ml_training.duckdb": The process cannot access the file because it is being used by another process.

File is already open in 
C:\Python312\python\python.exe (PID 120)
2026-07-30 10:03:43,434 WARNING persist_feature_snapshot failed for ASML: IOException: IO Error: Cannot open file "C:\Project Y\data\ml_training.duckdb": The process cannot access the file because it is being used by another process.

File is already open in 
C:\Python312\python\python.exe (PID 120)
2026-07-30 10:03:44,191 WARNING persist_feature_snapshot failed for INTC: IOException: IO Error: Cannot open file "C:\Project Y\data\ml_training.duckdb": The process cannot access the file because it is being used by another process.

File is already open in 
C:\Python312\python\python.exe (PID 120)
2026-07-30 10:03:48,232 ERROR HTTP Error 401: {"finance":{"result":null,"error":{"code":"Unauthorized","description":"Invalid Crumb"}}}
2026-07-30 10:03:48,507 ERROR HTTP Error 401: {"finance":{"result":null,"error":{"code":"Unauthorized","description":"Invalid Crumb"}}}
2026-07-30 10:03:49,986 WARNING persist_feature_snapshot failed for ARM: IOException: IO Error: Cannot open file "C:\Project Y\data\ml_training.duckdb": The process cannot access the file because it is being used by another process.

File is already open in 
C:\Python312\python\python.exe (PID 120)
2026-07-30 10:03:51,028 WARNING persist_feature_snapshot failed for TXN: IOException: IO Error: Cannot open file "C:\Project Y\data\ml_training.duckdb": The process cannot access the file because it is being used by another process.

File is already open in 
C:\Python312\python\python.exe (PID 120)
2026-07-30 10:03:51,488 WARNING persist_feature_snapshot failed for CDNS: IOException: IO Error: Cannot open file "C:\Project Y\data\ml_training.duckdb": The process cannot access the file because it is being used by another process.

File is already open in 
C:\Python312\python\python.exe (PID 120)
2026-07-30 10:03:52,399 ERROR HTTP Error 401: {"finance":{"result":null,"error":{"code":"Unauthorized","description":"Invalid Crumb"}}}
2026-07-30 10:04:00,253 WARNING persist_feature_snapshot failed for SNPS: ConnectionException: Connection Error: Can't open a connection to same database file with a different configuration than existing connections
2026-07-30 10:04:03,727 ERROR HTTP Error 401: {"finance":{"result":null,"error":{"code":"Unauthorized","description":"Invalid Crumb"}}}
2026-07-30 10:04:03,734 ERROR HTTP Error 401: {"finance":{"result":null,"error":{"code":"Unauthorized","description":"Invalid Crumb"}}}
2026-07-30 10:04:18,476 WARNING persist_feature_snapshot failed for SNPS: IOException: IO Error: Cannot open file "C:\Project Y\data\ml_training.duckdb": The process cannot access the file because it is being used by another process.

File is already open in 
C:\Python312\python\python.exe (PID 120)
2026-07-30 10:04:25,093 WARNING persist_feature_snapshot failed for KLAC: IOException: IO Error: Cannot open file "C:\Project Y\data\ml_training.duckdb": The process cannot access the file because it is being used by another process.

File is already open in 
C:\Python312\python\python.exe (PID 120)
2026-07-30 10:04:25,657 WARNING persist_feature_snapshot failed for SNOW: IOException: IO Error: Cannot open file "C:\Project Y\data\ml_training.duckdb": The process cannot access the file because it is being used by another process.

File is already open in 
C:\Python312\python\python.exe (PID 120)
2026-07-30 10:04:26,709 WARNING persist_feature_snapshot failed for MDB: IOException: IO Error: Cannot open file "C:\Project Y\data\ml_training.duckdb": The process cannot access the file because it is being used by another process.

File is already open in 
C:\Python312\python\python.exe (PID 120)
2026-07-30 10:04:27,390 WARNING persist_feature_snapshot failed for LRCX: IOException: IO Error: Cannot open file "C:\Project Y\data\ml_training.duckdb": The process cannot access the file because it is being used by another process.

File is already open in 
C:\Python312\python\python.exe (PID 120)
2026-07-30 10:04:30,029 WARNING persist_feature_snapshot failed for CRM: IOException: IO Error: Cannot open file "C:\Project Y\data\ml_training.duckdb": The process cannot access the file because it is being used by another process.

File is already open in 
C:\Python312\python\python.exe (PID 120)
2026-07-30 10:04:30,606 WARNING persist_feature_snapshot failed for ORCL: IOException: IO Error: Cannot open file "C:\Project Y\data\ml_training.duckdb": The process cannot access the file because it is being used by another process.

File is already open in 
C:\Python312\python\python.exe (PID 120)
2026-07-30 10:04:37,640 WARNING analyze_ticker(ADBE) failed: [WinError 32] The process cannot access the file because it is being used by another process: 'C:\\Project Y\\data\\oi_cache.json.tmp' -> 'C:\\Project Y\\data\\oi_cache.json'
2026-07-30 10:04:46,313 ERROR HTTP Error 401: {"finance":{"result":null,"error":{"code":"Unauthorized","description":"User is unable to access this feature - https://bit.ly/yahoo-finance-api-feedback"}}}
2026-07-30 10:04:48,702 WARNING persist_feature_snapshot failed for SNOW: IOException: IO Error: Cannot open file "C:\Project Y\data\ml_training.duckdb": The process cannot access the file because it is being used by another process.

File is already open in 
C:\Python312\python\python.exe (PID 120)
2026-07-30 10:04:49,637 WARNING persist_feature_snapshot failed for MDB: IOException: IO Error: Cannot open file "C:\Project Y\data\ml_training.duckdb": The process cannot access the file because it is being used by another process.

File is already open in 
C:\Python312\python\python.exe (PID 120)
2026-07-30 10:04:49,987 WARNING persist_feature_snapshot failed for CRM: IOException: IO Error: Cannot open file "C:\Project Y\data\ml_training.duckdb": The process cannot access the file because it is being used by another process.

File is already open in 
C:\Python312\python\python.exe (PID 120)
2026-07-30 10:04:51,417 WARNING persist_feature_snapshot failed for ADBE: IOException: IO Error: Cannot open file "C:\Project Y\data\ml_training.duckdb": The process cannot access the file because it is being used by another process.

File is already open in 
C:\Python312\python\python.exe (PID 120)
2026-07-30 10:04:52,089 WARNING persist_feature_snapshot failed for TEAM: IOException: IO Error: Cannot open file "C:\Project Y\data\ml_training.duckdb": The process cannot access the file because it is being used by another process.

File is already open in 
C:\Python312\python\python.exe (PID 120)
2026-07-30 10:04:53,591 WARNING persist_feature_snapshot failed for ORCL: IOException: IO Error: Cannot open file "C:\Project Y\data\ml_training.duckdb": The process cannot access the file because it is being used by another process.

File is already open in 
C:\Python312\python\python.exe (PID 120)
2026-07-30 10:04:54,053 WARNING persist_feature_snapshot failed for SAP: IOException: IO Error: Cannot open file "C:\Project Y\data\ml_training.duckdb": The process cannot access the file because it is being used by another process.

File is already open in 
C:\Python312\python\python.exe (PID 120)
2026-07-30 10:04:55,516 WARNING persist_feature_snapshot failed for NOW: IOException: IO Error: Cannot open file "C:\Project Y\data\ml_training.duckdb": The process cannot access the file because it is being used by another process.

File is already open in 
C:\Python312\python\python.exe (PID 120)
2026-07-30 10:04:59,583 ERROR HTTP Error 401: {"finance":{"result":null,"error":{"code":"Unauthorized","description":"Invalid Crumb"}}}
2026-07-30 10:05:02,306 ERROR HTTP Error 401: {"finance":{"result":null,"error":{"code":"Unauthorized","description":"User is unable to access this feature - https://bit.ly/yahoo-finance-api-feedback"}}}
2026-07-30 10:05:02,651 ERROR HTTP Error 401: {"finance":{"result":null,"error":{"code":"Unauthorized","description":"Invalid Crumb"}}}
2026-07-30 10:05:06,863 WARNING persist_feature_snapshot failed for INTU: IOException: IO Error: Cannot open file "C:\Project Y\data\ml_training.duckdb": The process cannot access the file because it is being used by another process.

File is already open in 
C:\Python312\python\python.exe (PID 120)
2026-07-30 10:05:10,831 ERROR HTTP Error 401: {"finance":{"result":null,"error":{"code":"Unauthorized","description":"Invalid Crumb"}}}
2026-07-30 10:05:12,428 WARNING persist_feature_snapshot failed for META: IOException: IO Error: Cannot open file "C:\Project Y\data\ml_training.duckdb": The process cannot access the file because it is being used by another process.

File is already open in 
C:\Python312\python\python.exe (PID 120)
2026-07-30 10:05:14,549 WARNING persist_feature_snapshot failed for RGTI: IOException: IO Error: Cannot open file "C:\Project Y\data\ml_training.duckdb": The process cannot access the file because it is being used by another process.

File is already open in 
C:\Python312\python\python.exe (PID 120)
2026-07-30 10:05:15,069 WARNING persist_feature_snapshot failed for SAP: IOException: IO Error: Cannot open file "C:\Project Y\data\ml_training.duckdb": The process cannot access the file because it is being used by another process.

File is already open in 
C:\Python312\python\python.exe (PID 120)
2026-07-30 10:05:17,055 ERROR HTTP Error 401: {"finance":{"result":null,"error":{"code":"Unauthorized","description":"Invalid Crumb"}}}
2026-07-30 10:05:18,224 WARNING persist_feature_snapshot failed for DIS: IOException: IO Error: Cannot open file "C:\Project Y\data\ml_training.duckdb": The process cannot access the file because it is being used by another process.

File is already open in 
C:\Python312\python\python.exe (PID 120)
2026-07-30 10:05:18,787 ERROR HTTP Error 401: {"finance":{"result":null,"error":{"code":"Unauthorized","description":"Invalid Crumb"}}}
2026-07-30 10:05:19,032 WARNING persist_feature_snapshot failed for NFLX: IOException: IO Error: Cannot open file "C:\Project Y\data\ml_training.duckdb": The process cannot access the file because it is being used by another process.

File is already open in 
C:\Python312\python\python.exe (PID 120)
2026-07-30 10:05:24,764 WARNING analyze_ticker(DIS, short_dte) failed: [WinError 5] Access is denied: 'C:\\Project Y\\data\\oi_cache.json.tmp' -> 'C:\\Project Y\\data\\oi_cache.json'
2026-07-30 10:05:25,845 WARNING persist_feature_snapshot failed for GOOGL: IOException: IO Error: Cannot open file "C:\Project Y\data\ml_training.duckdb": The process cannot access the file because it is being used by another process.

File is already open in 
C:\Python312\python\python.exe (PID 120)
2026-07-30 10:05:26,261 WARNING persist_feature_snapshot failed for INTU: IOException: IO Error: Cannot open file "C:\Project Y\data\ml_training.duckdb": The process cannot access the file because it is being used by another process.

File is already open in 
C:\Python312\python\python.exe (PID 120)
2026-07-30 10:05:33,361 WARNING persist_feature_snapshot failed for RGTI: IOException: IO Error: Cannot open file "C:\Project Y\data\ml_training.duckdb": The process cannot access the file because it is being used by another process.

File is already open in 
C:\Python312\python\python.exe (PID 120)
2026-07-30 10:05:35,393 WARNING persist_feature_snapshot failed for UBER: IOException: IO Error: Cannot open file "C:\Project Y\data\ml_training.duckdb": The process cannot access the file because it is being used by another process.

File is already open in 
C:\Python312\python\python.exe (PID 120)
2026-07-30 10:05:36,196 WARNING persist_feature_snapshot failed for NFLX: IOException: IO Error: Cannot open file "C:\Project Y\data\ml_training.duckdb": The process cannot access the file because it is being used by another process.

File is already open in 
C:\Python312\python\python.exe (PID 120)
2026-07-30 10:05:36,869 WARNING persist_feature_snapshot failed for TMUS: IOException: IO Error: Cannot open file "C:\Project Y\data\ml_training.duckdb": The process cannot access the file because it is being used by another process.

File is already open in 
C:\Python312\python\python.exe (PID 120)
2026-07-30 10:05:37,092 WARNING persist_feature_snapshot failed for TSLA: IOException: IO Error: Cannot open file "C:\Project Y\data\ml_training.duckdb": The process cannot access the file because it is being used by another process.

File is already open in 
C:\Python312\python\python.exe (PID 120)
2026-07-30 10:05:38,516 WARNING persist_feature_snapshot failed for SHOP: IOException: IO Error: Cannot open file "C:\Project Y\data\ml_training.duckdb": The process cannot access the file because it is being used by another process.

File is already open in 
C:\Python312\python\python.exe (PID 120)
2026-07-30 10:05:39,604 WARNING persist_feature_snapshot failed for GOOGL: IOException: IO Error: Cannot open file "C:\Project Y\data\ml_training.duckdb": The process cannot access the file because it is being used by another process.

File is already open in 
C:\Python312\python\python.exe (PID 120)
2026-07-30 10:05:52,713 WARNING analyze_ticker(HD) failed: 'NoneType' object has no attribute 'copy'
2026-07-30 10:05:56,898 WARNING analyze_ticker(HD, short_dte) failed: [WinError 2] The system cannot find the file specified: 'C:\\Project Y\\data\\oi_cache.json.tmp' -> 'C:\\Project Y\\data\\oi_cache.json'
2026-07-30 10:06:05,548 WARNING analyze_ticker(MELI, short_dte) failed: [WinError 32] The process cannot access the file because it is being used by another process: 'C:\\Project Y\\data\\oi_cache.json.tmp' -> 'C:\\Project Y\\data\\oi_cache.json'
2026-07-30 10:06:06,888 ERROR HTTP Error 401: {"finance":{"result":null,"error":{"code":"Unauthorized","description":"Invalid Crumb"}}}
2026-07-30 10:06:06,948 ERROR HTTP Error 401: {"finance":{"result":null,"error":{"code":"Unauthorized","description":"Invalid Crumb"}}}
2026-07-30 10:06:11,733 WARNING persist_feature_snapshot failed for APP: IOException: IO Error: Cannot open file "C:\Project Y\data\ml_training.duckdb": The process cannot access the file because it is being used by another process.

File is already open in 
C:\Python312\python\python.exe (PID 120)
2026-07-30 10:06:12,803 WARNING persist_feature_snapshot failed for UBER: IOException: IO Error: Cannot open file "C:\Project Y\data\ml_training.duckdb": The process cannot access the file because it is being used by another process.

File is already open in 
C:\Python312\python\python.exe (PID 120)
2026-07-30 10:06:13,009 WARNING persist_feature_snapshot failed for NKE: IOException: IO Error: Cannot open file "C:\Project Y\data\ml_training.duckdb": The process cannot access the file because it is being used by another process.

File is already open in 
C:\Python312\python\python.exe (PID 120)
2026-07-30 10:06:15,359 WARNING persist_feature_snapshot failed for CVNA: IOException: IO Error: Cannot open file "C:\Project Y\data\ml_training.duckdb": The process cannot access the file because it is being used by another process.

File is already open in 
C:\Python312\python\python.exe (PID 120)
2026-07-30 10:06:16,469 WARNING persist_feature_snapshot failed for ULTA: IOException: IO Error: Cannot open file "C:\Project Y\data\ml_training.duckdb": The process cannot access the file because it is being used by another process.

2026-07-30 10:06:16,755 WARNING persist_feature_snapshot failed for TSLA: ConnectionException: Connection Error: Can't open a connection to same database file with a different configuration than existing connections
2026-07-30 10:06:19,260 WARNING analyze_ticker(NKE, short_dte) failed: [WinError 5] Access is denied: 'C:\\Project Y\\data\\oi_cache.json.tmp' -> 'C:\\Project Y\\data\\oi_cache.json'
2026-07-30 10:06:22,167 ERROR HTTP Error 401: {"finance":{"result":null,"error":{"code":"Unauthorized","description":"Invalid Crumb"}}}
2026-07-30 10:06:23,515 WARNING analyze_ticker(LLY) failed: 'NoneType' object has no attribute 'copy'
2026-07-30 10:06:23,580 ERROR HTTP Error 401: {"finance":{"result":null,"error":{"code":"Unauthorized","description":"Invalid Crumb"}}}
2026-07-30 10:06:24,022 ERROR HTTP Error 401: {"finance":{"result":null,"error":{"code":"Unauthorized","description":"Invalid Crumb"}}}
2026-07-30 10:06:24,052 ERROR HTTP Error 401: {"finance":{"result":null,"error":{"code":"Unauthorized","description":"Invalid Crumb"}}}
2026-07-30 10:06:24,192 WARNING analyze_ticker(NVO) failed: Too Many Requests. Rate limited. Try after a while.
2026-07-30 10:06:24,529 ERROR HTTP Error 401: {"finance":{"result":null,"error":{"code":"Unauthorized","description":"User is unable to access this feature - https://bit.ly/yahoo-finance-api-feedback"}}}
2026-07-30 10:06:25,082 ERROR HTTP Error 401: {"finance":{"result":null,"error":{"code":"Unauthorized","description":"Invalid Crumb"}}}
2026-07-30 10:06:30,117 ERROR HTTP Error 401: {"finance":{"result":null,"error":{"code":"Unauthorized","description":"Invalid Crumb"}}}
2026-07-30 10:06:33,386 ERROR HTTP Error 401: {"finance":{"result":null,"error":{"code":"Unauthorized","description":"Invalid Crumb"}}}
2026-07-30 10:06:36,775 ERROR HTTP Error 401: {"finance":{"result":null,"error":{"code":"Unauthorized","description":"Invalid Crumb"}}}
2026-07-30 10:06:36,925 WARNING analyze_ticker(WMT, short_dte) failed: [WinError 32] The process cannot access the file because it is being used by another process: 'C:\\Project Y\\data\\oi_cache.json.tmp' -> 'C:\\Project Y\\data\\oi_cache.json'
2026-07-30 10:06:39,141 ERROR HTTP Error 401: {"finance":{"result":null,"error":{"code":"Unauthorized","description":"Invalid Crumb"}}}
2026-07-30 10:06:39,211 ERROR HTTP Error 401: {"finance":{"result":null,"error":{"code":"Unauthorized","description":"Invalid Crumb"}}}
2026-07-30 10:06:40,145 WARNING analyze_ticker(BSX) failed: [WinError 2] The system cannot find the file specified: 'C:\\Project Y\\data\\oi_cache.json.tmp' -> 'C:\\Project Y\\data\\oi_cache.json'
2026-07-30 10:06:40,844 ERROR HTTP Error 401: {"finance":{"result":null,"error":{"code":"Unauthorized","description":"Invalid Crumb"}}}
2026-07-30 10:06:40,846 ERROR HTTP Error 401: {"finance":{"result":null,"error":{"code":"Unauthorized","description":"Invalid Crumb"}}}
2026-07-30 10:06:42,575 ERROR HTTP Error 401: {"finance":{"result":null,"error":{"code":"Unauthorized","description":"Invalid Crumb"}}}
2026-07-30 10:06:45,488 ERROR HTTP Error 401: {"finance":{"result":null,"error":{"code":"Unauthorized","description":"Invalid Crumb"}}}
2026-07-30 10:06:46,012 ERROR HTTP Error 401: {"finance":{"result":null,"error":{"code":"Unauthorized","description":"User is unable to access this feature - https://bit.ly/yahoo-finance-api-feedback"}}}
2026-07-30 10:06:46,418 ERROR HTTP Error 401: {"finance":{"result":null,"error":{"code":"Unauthorized","description":"Invalid Crumb"}}}
2026-07-30 10:06:54,787 WARNING analyze_ticker(GS) failed: [WinError 2] The system cannot find the file specified: 'C:\\Project Y\\data\\oi_cache.json.tmp' -> 'C:\\Project Y\\data\\oi_cache.json'
2026-07-30 10:06:55,617 ERROR HTTP Error 401: {"finance":{"result":null,"error":{"code":"Unauthorized","description":"Invalid Crumb"}}}
2026-07-30 10:06:59,611 ERROR HTTP Error 401: {"finance":{"result":null,"error":{"code":"Unauthorized","description":"Invalid Crumb"}}}
2026-07-30 10:07:01,488 WARNING analyze_ticker(MS) failed: [WinError 32] The process cannot access the file because it is being used by another process: 'C:\\Project Y\\data\\oi_cache.json.tmp' -> 'C:\\Project Y\\data\\oi_cache.json'
2026-07-30 10:07:02,618 ERROR HTTP Error 401: {"finance":{"result":null,"error":{"code":"Unauthorized","description":"Invalid Crumb"}}}
2026-07-30 10:07:03,009 ERROR HTTP Error 401: {"finance":{"result":null,"error":{"code":"Unauthorized","description":"Invalid Crumb"}}}
2026-07-30 10:07:03,032 ERROR HTTP Error 401: {"finance":{"result":null,"error":{"code":"Unauthorized","description":"Invalid Crumb"}}}
2026-07-30 10:07:04,869 ERROR HTTP Error 401: {"finance":{"result":null,"error":{"code":"Unauthorized","description":"Invalid Crumb"}}}
2026-07-30 10:07:06,951 ERROR HTTP Error 401: {"finance":{"result":null,"error":{"code":"Unauthorized","description":"Invalid Crumb"}}}
2026-07-30 10:07:10,163 ERROR HTTP Error 401: {"finance":{"result":null,"error":{"code":"Unauthorized","description":"Invalid Crumb"}}}
2026-07-30 10:07:10,512 ERROR HTTP Error 401: {"finance":{"result":null,"error":{"code":"Unauthorized","description":"Invalid Crumb"}}}
2026-07-30 10:07:10,536 ERROR HTTP Error 401: {"finance":{"result":null,"error":{"code":"Unauthorized","description":"Invalid Crumb"}}}
2026-07-30 10:07:14,690 ERROR HTTP Error 401: {"finance":{"result":null,"error":{"code":"Unauthorized","description":"Invalid Crumb"}}}
2026-07-30 10:07:18,640 ERROR HTTP Error 401: {"finance":{"result":null,"error":{"code":"Unauthorized","description":"Invalid Crumb"}}}
2026-07-30 10:07:22,000 ERROR HTTP Error 401: {"finance":{"result":null,"error":{"code":"Unauthorized","description":"Invalid Crumb"}}}
2026-07-30 10:07:24,067 WARNING persist_feature_snapshot failed for UNH: IOException: IO Error: Cannot open file "C:\Project Y\data\ml_training.duckdb": The process cannot access the file because it is being used by another process.

File is already open in 
C:\Python312\python\python.exe (PID 120)
2026-07-30 10:07:24,901 WARNING persist_feature_snapshot failed for V: IOException: IO Error: Cannot open file "C:\Project Y\data\ml_training.duckdb": The process cannot access the file because it is being used by another process.

File is already open in 
C:\Python312\python\python.exe (PID 120)
2026-07-30 10:07:28,107 ERROR HTTP Error 401: {"finance":{"result":null,"error":{"code":"Unauthorized","description":"Invalid Crumb"}}}
2026-07-30 10:07:28,338 ERROR HTTP Error 401: {"finance":{"result":null,"error":{"code":"Unauthorized","description":"User is unable to access this feature - https://bit.ly/yahoo-finance-api-feedback"}}}
2026-07-30 10:07:28,523 WARNING analyze_ticker(HON) failed: [WinError 5] Access is denied: 'C:\\Project Y\\data\\oi_cache.json.tmp' -> 'C:\\Project Y\\data\\oi_cache.json'
2026-07-30 10:07:28,758 ERROR HTTP Error 401: {"finance":{"result":null,"error":{"code":"Unauthorized","description":"Invalid Crumb"}}}
2026-07-30 10:07:28,950 ERROR HTTP Error 401: {"finance":{"result":null,"error":{"code":"Unauthorized","description":"Invalid Crumb"}}}
2026-07-30 10:07:29,891 ERROR HTTP Error 401: {"finance":{"result":null,"error":{"code":"Unauthorized","description":"Invalid Crumb"}}}
2026-07-30 10:07:30,771 ERROR HTTP Error 401: {"finance":{"result":null,"error":{"code":"Unauthorized","description":"Invalid Crumb"}}}
2026-07-30 10:07:30,802 ERROR HTTP Error 401: {"finance":{"result":null,"error":{"code":"Unauthorized","description":"Invalid Crumb"}}}
2026-07-30 10:07:32,513 ERROR HTTP Error 401: {"finance":{"result":null,"error":{"code":"Unauthorized","description":"Invalid Crumb"}}}
2026-07-30 10:07:32,762 ERROR HTTP Error 401: {"finance":{"result":null,"error":{"code":"Unauthorized","description":"Invalid Crumb"}}}
2026-07-30 10:07:32,805 ERROR HTTP Error 401: {"finance":{"result":null,"error":{"code":"Unauthorized","description":"Invalid Crumb"}}}
2026-07-30 10:07:36,301 ERROR HTTP Error 401: {"finance":{"result":null,"error":{"code":"Unauthorized","description":"Invalid Crumb"}}}
2026-07-30 10:07:39,390 ERROR HTTP Error 401: {"finance":{"result":null,"error":{"code":"Unauthorized","description":"Invalid Crumb"}}}
2026-07-30 10:07:42,734 ERROR HTTP Error 401: {"finance":{"result":null,"error":{"code":"Unauthorized","description":"Invalid Crumb"}}}
2026-07-30 10:07:42,748 ERROR HTTP Error 401: {"finance":{"result":null,"error":{"code":"Unauthorized","description":"Invalid Crumb"}}}
2026-07-30 10:07:43,000 ERROR HTTP Error 401: {"finance":{"result":null,"error":{"code":"Unauthorized","description":"User is unable to access this feature - https://bit.ly/yahoo-finance-api-feedback"}}}
2026-07-30 10:07:43,444 ERROR HTTP Error 401: {"finance":{"result":null,"error":{"code":"Unauthorized","description":"Invalid Crumb"}}}
2026-07-30 10:07:43,563 WARNING persist_feature_snapshot failed for HON: IOException: IO Error: Cannot open file "C:\Project Y\data\ml_training.duckdb": The process cannot access the file because it is being used by another process.

File is already open in 
C:\Python312\python\python.exe (PID 120)
2026-07-30 10:07:45,566 ERROR HTTP Error 401: {"finance":{"result":null,"error":{"code":"Unauthorized","description":"Invalid Crumb"}}}
2026-07-30 10:07:45,628 ERROR HTTP Error 401: {"finance":{"result":null,"error":{"code":"Unauthorized","description":"Invalid Crumb"}}}
2026-07-30 10:07:46,108 ERROR HTTP Error 401: {"finance":{"result":null,"error":{"code":"Unauthorized","description":"Invalid Crumb"}}}
2026-07-30 10:07:46,131 ERROR HTTP Error 401: {"finance":{"result":null,"error":{"code":"Unauthorized","description":"Invalid Crumb"}}}
2026-07-30 10:07:47,852 ERROR HTTP Error 401: {"finance":{"result":null,"error":{"code":"Unauthorized","description":"Invalid Crumb"}}}
2026-07-30 10:07:47,903 WARNING analyze_ticker(OXY, short_dte) failed: [WinError 32] The process cannot access the file because it is being used by another process: 'C:\\Project Y\\data\\oi_cache.json.tmp' -> 'C:\\Project Y\\data\\oi_cache.json'
2026-07-30 10:07:49,609 ERROR HTTP Error 401: {"finance":{"result":null,"error":{"code":"Unauthorized","description":"Invalid Crumb"}}}
2026-07-30 10:07:51,260 ERROR HTTP Error 401: {"finance":{"result":null,"error":{"code":"Unauthorized","description":"Invalid Crumb"}}}
2026-07-30 10:07:53,630 ERROR HTTP Error 401: {"finance":{"result":null,"error":{"code":"Unauthorized","description":"Invalid Crumb"}}}
2026-07-30 10:07:57,615 ERROR HTTP Error 401: {"finance":{"result":null,"error":{"code":"Unauthorized","description":"Invalid Crumb"}}}
2026-07-30 10:08:01,051 WARNING persist_feature_snapshot failed for CEG: IOException: IO Error: Cannot open file "C:\Project Y\data\ml_training.duckdb": The process cannot access the file because it is being used by another process.

2026-07-30 10:08:03,375 ERROR HTTP Error 401: {"finance":{"result":null,"error":{"code":"Unauthorized","description":"Invalid Crumb"}}}
2026-07-30 10:08:04,418 ERROR HTTP Error 401: {"finance":{"result":null,"error":{"code":"Unauthorized","description":"Invalid Crumb"}}}
2026-07-30 10:08:05,661 ERROR HTTP Error 401: {"finance":{"result":null,"error":{"code":"Unauthorized","description":"Invalid Crumb"}}}
2026-07-30 10:08:07,555 ERROR HTTP Error 401: {"finance":{"result":null,"error":{"code":"Unauthorized","description":"Invalid Crumb"}}}
2026-07-30 10:08:07,765 WARNING persist_feature_snapshot failed for FCX: IOException: IO Error: Cannot open file "C:\Project Y\data\ml_training.duckdb": The process cannot access the file because it is being used by another process.

File is already open in 
C:\Python312\python\python.exe (PID 120)
2026-07-30 10:08:08,891 WARNING persist_feature_snapshot failed for NEM: ConnectionException: Connection Error: Can't open a connection to same database file with a different configuration than existing connections
2026-07-30 10:08:12,666 ERROR HTTP Error 401: {"finance":{"result":null,"error":{"code":"Unauthorized","description":"Invalid Crumb"}}}
2026-07-30 10:08:12,965 ERROR HTTP Error 401: {"finance":{"result":null,"error":{"code":"Unauthorized","description":"Invalid Crumb"}}}
2026-07-30 10:08:12,993 ERROR HTTP Error 401: {"finance":{"result":null,"error":{"code":"Unauthorized","description":"Invalid Crumb"}}}
2026-07-30 10:08:13,495 ERROR HTTP Error 401: {"finance":{"result":null,"error":{"code":"Unauthorized","description":"User is unable to access this feature - https://bit.ly/yahoo-finance-api-feedback"}}}
2026-07-30 10:08:14,040 ERROR HTTP Error 401: {"finance":{"result":null,"error":{"code":"Unauthorized","description":"Invalid Crumb"}}}
2026-07-30 10:08:14,424 WARNING persist_feature_snapshot failed for AMT: IOException: IO Error: Cannot open file "C:\Project Y\data\ml_training.duckdb": The process cannot access the file because it is being used by another process.

File is already open in 
C:\Python312\python\python.exe (PID 120)
2026-07-30 10:08:15,394 WARNING persist_feature_snapshot failed for NEE: IOException: IO Error: Cannot open file "C:\Project Y\data\ml_training.duckdb": The process cannot access the file because it is being used by another process.

File is already open in 
C:\Python312\python\python.exe (PID 120)
2026-07-30 10:08:16,360 WARNING persist_feature_snapshot failed for CEG: IOException: IO Error: Cannot open file "C:\Project Y\data\ml_training.duckdb": The process cannot access the file because it is being used by another process.

File is already open in 
C:\Python312\python\python.exe (PID 120)
2026-07-30 10:08:28,517 ERROR $^VIX3M: possibly delisted; no price data found  (period=2d)
2026-07-30 10:08:28,518 ERROR $^VIX: possibly delisted; no price data found  (period=2d)
2026-07-30 10:08:28,524 ERROR 
2 Failed downloads:
2026-07-30 10:08:28,524 ERROR ['^VIX3M', '^VIX']: possibly delisted; no price data found  (period=2d)
2026-07-30 10:08:39,202 ERROR HTTP Error 401: {"finance":{"result":null,"error":{"code":"Unauthorized","description":"Invalid Crumb"}}}
2026-07-30 10:08:39,205 ERROR HTTP Error 401: {"finance":{"result":null,"error":{"code":"Unauthorized","description":"Invalid Crumb"}}}
2026-07-30 10:08:40,277 ERROR HTTP Error 401: {"finance":{"result":null,"error":{"code":"Unauthorized","description":"User is unable to access this feature - https://bit.ly/yahoo-finance-api-feedback"}}}
2026-07-30 10:08:40,298 ERROR HTTP Error 401: {"finance":{"result":null,"error":{"code":"Unauthorized","description":"Invalid Crumb"}}}
2026-07-30 10:08:40,328 ERROR HTTP Error 401: {"finance":{"result":null,"error":{"code":"Unauthorized","description":"Invalid Crumb"}}}
2026-07-30 10:08:40,845 ERROR HTTP Error 401: {"finance":{"result":null,"error":{"code":"Unauthorized","description":"Invalid Crumb"}}}
2026-07-30 10:08:41,116 ERROR HTTP Error 401: {"finance":{"result":null,"error":{"code":"Unauthorized","description":"Invalid Crumb"}}}
2026-07-30 10:08:41,139 ERROR HTTP Error 401: {"finance":{"result":null,"error":{"code":"Unauthorized","description":"Invalid Crumb"}}}
2026-07-30 10:08:41,139 ERROR HTTP Error 401: {"finance":{"result":null,"error":{"code":"Unauthorized","description":"Invalid Crumb"}}}
2026-07-30 10:08:41,473 ERROR HTTP Error 401: {"finance":{"result":null,"error":{"code":"Unauthorized","description":"Invalid Crumb"}}}
2026-07-30 10:08:41,568 ERROR HTTP Error 401: {"finance":{"result":null,"error":{"code":"Unauthorized","description":"User is unable to access this feature - https://bit.ly/yahoo-finance-api-feedback"}}}
2026-07-30 10:08:45,379 ERROR HTTP Error 401: {"finance":{"result":null,"error":{"code":"Unauthorized","description":"Invalid Crumb"}}}
2026-07-30 10:08:45,423 ERROR HTTP Error 401: {"finance":{"result":null,"error":{"code":"Unauthorized","description":"Invalid Crumb"}}}
2026-07-30 10:08:45,703 ERROR HTTP Error 401: {"finance":{"result":null,"error":{"code":"Unauthorized","description":"User is unable to access this feature - https://bit.ly/yahoo-finance-api-feedback"}}}
2026-07-30 10:08:46,465 ERROR HTTP Error 401: {"finance":{"result":null,"error":{"code":"Unauthorized","description":"Invalid Crumb"}}}
2026-07-30 10:08:47,081 ERROR HTTP Error 401: {"finance":{"result":null,"error":{"code":"Unauthorized","description":"Invalid Crumb"}}}
2026-07-30 10:08:51,191 ERROR HTTP Error 401: {"finance":{"result":null,"error":{"code":"Unauthorized","description":"Invalid Crumb"}}}
2026-07-30 10:08:54,395 ERROR HTTP Error 401: {"finance":{"result":null,"error":{"code":"Unauthorized","description":"Invalid Crumb"}}}
2026-07-30 10:08:58,221 ERROR HTTP Error 401: {"finance":{"result":null,"error":{"code":"Unauthorized","description":"Invalid Crumb"}}}
2026-07-30 10:09:00,491 ERROR HTTP Error 401: {"finance":{"result":null,"error":{"code":"Unauthorized","description":"Invalid Crumb"}}}
2026-07-30 10:09:00,819 ERROR HTTP Error 401: {"finance":{"result":null,"error":{"code":"Unauthorized","description":"Invalid Crumb"}}}
2026-07-30 10:09:00,860 ERROR HTTP Error 401: {"finance":{"result":null,"error":{"code":"Unauthorized","description":"User is unable to access this feature - https://bit.ly/yahoo-finance-api-feedback"}}}
2026-07-30 10:09:01,059 WARNING analyze_ticker(IWM, short_dte) failed: Too Many Requests. Rate limited. Try after a while.
2026-07-30 10:09:02,774 ERROR HTTP Error 401: {"finance":{"result":null,"error":{"code":"Unauthorized","description":"Invalid Crumb"}}}
2026-07-30 10:09:03,247 ERROR HTTP Error 401: {"finance":{"result":null,"error":{"code":"Unauthorized","description":"Invalid Crumb"}}}
2026-07-30 10:09:05,855 ERROR HTTP Error 401: {"finance":{"result":null,"error":{"code":"Unauthorized","description":"Invalid Crumb"}}}
2026-07-30 10:09:05,865 ERROR HTTP Error 401: {"finance":{"result":null,"error":{"code":"Unauthorized","description":"Invalid Crumb"}}}
2026-07-30 10:09:05,885 ERROR HTTP Error 401: {"finance":{"result":null,"error":{"code":"Unauthorized","description":"Invalid Crumb"}}}
2026-07-30 10:09:07,458 ERROR HTTP Error 401: {"finance":{"result":null,"error":{"code":"Unauthorized","description":"Invalid Crumb"}}}
2026-07-30 10:09:10,263 ERROR HTTP Error 401: {"finance":{"result":null,"error":{"code":"Unauthorized","description":"Invalid Crumb"}}}
2026-07-30 10:09:12,047 ERROR HTTP Error 401: {"finance":{"result":null,"error":{"code":"Unauthorized","description":"Invalid Crumb"}}}
2026-07-30 10:09:15,707 ERROR HTTP Error 401: {"finance":{"result":null,"error":{"code":"Unauthorized","description":"Invalid Crumb"}}}
2026-07-30 10:09:17,034 WARNING persist_feature_snapshot failed for GLD: IOException: IO Error: Cannot open file "C:\Project Y\data\ml_training.duckdb": The process cannot access the file because it is being used by another process.

File is already open in 
C:\Python312\python\python.exe (PID 120)
2026-07-30 10:09:17,508 WARNING persist_feature_snapshot failed for WFC: IOException: IO Error: Cannot open file "C:\Project Y\data\ml_training.duckdb": The process cannot access the file because it is being used by another process.

File is already open in 
C:\Python312\python\python.exe (PID 120)
2026-07-30 10:09:17,840 WARNING persist_feature_snapshot failed for SCHW: IOException: IO Error: Cannot open file "C:\Project Y\data\ml_training.duckdb": The process cannot access the file because it is being used by another process.

File is already open in 
C:\Python312\python\python.exe (PID 120)
2026-07-30 10:09:18,403 WARNING persist_feature_snapshot failed for JNJ: IOException: IO Error: Cannot open file "C:\Project Y\data\ml_training.duckdb": The process cannot access the file because it is being used by another process.

File is already open in 
C:\Python312\python\python.exe (PID 120)
2026-07-30 10:09:19,504 ERROR HTTP Error 401: {"finance":{"result":null,"error":{"code":"Unauthorized","description":"Invalid Crumb"}}}
2026-07-30 10:09:22,851 ERROR HTTP Error 401: {"finance":{"result":null,"error":{"code":"Unauthorized","description":"Invalid Crumb"}}}
2026-07-30 10:09:22,883 WARNING persist_feature_snapshot failed for TGT: IOException: IO Error: Cannot open file "C:\Project Y\data\ml_training.duckdb": The process cannot access the file because it is being used by another process.

2026-07-30 10:09:22,945 ERROR HTTP Error 401: {"finance":{"result":null,"error":{"code":"Unauthorized","description":"Invalid Crumb"}}}
2026-07-30 10:09:23,572 ERROR HTTP Error 401: {"finance":{"result":null,"error":{"code":"Unauthorized","description":"Invalid Crumb"}}}
2026-07-30 10:09:23,592 ERROR HTTP Error 401: {"finance":{"result":null,"error":{"code":"Unauthorized","description":"User is unable to access this feature - https://bit.ly/yahoo-finance-api-feedback"}}}
2026-07-30 10:09:23,882 WARNING persist_feature_snapshot failed for AXP: IOException: IO Error: Cannot open file "C:\Project Y\data\ml_training.duckdb": The process cannot access the file because it is being used by another process.

2026-07-30 10:09:24,179 ERROR HTTP Error 401: {"finance":{"result":null,"error":{"code":"Unauthorized","description":"Invalid Crumb"}}}
2026-07-30 10:09:24,279 WARNING persist_feature_snapshot failed for LOW: IOException: IO Error: Cannot open file "C:\Project Y\data\ml_training.duckdb": The process cannot access the file because it is being used by another process.

File is already open in 
C:\Python312\python\python.exe (PID 120)
2026-07-30 10:09:26,351 ERROR HTTP Error 401: {"finance":{"result":null,"error":{"code":"Unauthorized","description":"Invalid Crumb"}}}
2026-07-30 10:09:26,709 ERROR HTTP Error 401: {"finance":{"result":null,"error":{"code":"Unauthorized","description":"Invalid Crumb"}}}
2026-07-30 10:09:27,487 ERROR HTTP Error 401: {"finance":{"result":null,"error":{"code":"Unauthorized","description":"Invalid Crumb"}}}
2026-07-30 10:09:27,582 ERROR HTTP Error 401: {"finance":{"result":null,"error":{"code":"Unauthorized","description":"Invalid Crumb"}}}
2026-07-30 10:09:27,861 ERROR HTTP Error 401: {"finance":{"result":null,"error":{"code":"Unauthorized","description":"Invalid Crumb"}}}
2026-07-30 10:09:27,922 ERROR HTTP Error 401: {"finance":{"result":null,"error":{"code":"Unauthorized","description":"Invalid Crumb"}}}
2026-07-30 10:09:28,262 ERROR HTTP Error 401: {"finance":{"result":null,"error":{"code":"Unauthorized","description":"Invalid Crumb"}}}
2026-07-30 10:09:28,383 WARNING persist_feature_snapshot failed for UPS: IOException: IO Error: Cannot open file "C:\Project Y\data\ml_training.duckdb": The process cannot access the file because it is being used by another process.

File is already open in 
C:\Python312\python\python.exe (PID 120)
C:\Python312\python\python.exe (PID 10480)
2026-07-30 10:09:28,441 ERROR HTTP Error 401: {"finance":{"result":null,"error":{"code":"Unauthorized","description":"User is unable to access this feature - https://bit.ly/yahoo-finance-api-feedback"}}}
2026-07-30 10:09:29,064 ERROR HTTP Error 401: {"finance":{"result":null,"error":{"code":"Unauthorized","description":"User is unable to access this feature - https://bit.ly/yahoo-finance-api-feedback"}}}
2026-07-30 10:09:30,510 WARNING persist_feature_snapshot failed for JNJ: IOException: IO Error: Cannot open file "C:\Project Y\data\ml_training.duckdb": The process cannot access the file because it is being used by another process.

File is already open in 
C:\Python312\python\python.exe (PID 120)
2026-07-30 10:09:31,088 ERROR HTTP Error 401: {"finance":{"result":null,"error":{"code":"Unauthorized","description":"Invalid Crumb"}}}
2026-07-30 10:09:31,991 WARNING persist_feature_snapshot failed for SLB: IOException: IO Error: Cannot open file "C:\Project Y\data\ml_training.duckdb": The process cannot access the file because it is being used by another process.

File is already open in 
C:\Python312\python\python.exe (PID 120)
2026-07-30 10:09:33,040 WARNING persist_feature_snapshot failed for T: IOException: IO Error: Cannot open file "C:\Project Y\data\ml_training.duckdb": The process cannot access the file because it is being used by another process.

File is already open in 
C:\Python312\python\python.exe (PID 120)
2026-07-30 10:09:33,324 WARNING persist_feature_snapshot failed for FDX: IOException: IO Error: Cannot open file "C:\Project Y\data\ml_training.duckdb": The process cannot access the file because it is being used by another process.

File is already open in 
C:\Python312\python\python.exe (PID 120)
2026-07-30 10:09:36,161 WARNING persist_feature_snapshot failed for TGT: IOException: IO Error: Cannot open file "C:\Project Y\data\ml_training.duckdb": The process cannot access the file because it is being used by another process.

File is already open in 
C:\Python312\python\python.exe (PID 120)
2026-07-30 10:09:36,371 WARNING persist_feature_snapshot failed for LOW: IOException: IO Error: Cannot open file "C:\Project Y\data\ml_training.duckdb": The process cannot access the file because it is being used by another process.

File is already open in 
C:\Python312\python\python.exe (PID 120)
2026-07-30 10:09:36,692 WARNING persist_feature_snapshot failed for VZ: IOException: IO Error: Cannot open file "C:\Project Y\data\ml_training.duckdb": The process cannot access the file because it is being used by another process.

File is already open in 
C:\Python312\python\python.exe (PID 120)
2026-07-30 10:09:37,542 ERROR HTTP Error 401: {"finance":{"result":null,"error":{"code":"Unauthorized","description":"Invalid Crumb"}}}
2026-07-30 10:09:37,915 ERROR HTTP Error 401: {"finance":{"result":null,"error":{"code":"Unauthorized","description":"User is unable to access this feature - https://bit.ly/yahoo-finance-api-feedback"}}}
2026-07-30 10:09:38,104 ERROR HTTP Error 401: {"finance":{"result":null,"error":{"code":"Unauthorized","description":"Invalid Crumb"}}}
2026-07-30 10:09:38,934 WARNING persist_feature_snapshot failed for UPS: IOException: IO Error: Cannot open file "C:\Project Y\data\ml_training.duckdb": The process cannot access the file because it is being used by another process.

File is already open in 
C:\Python312\python\python.exe (PID 120)
2026-07-30 10:09:39,473 ERROR HTTP Error 401: {"finance":{"result":null,"error":{"code":"Unauthorized","description":"Invalid Crumb"}}}
2026-07-30 10:09:39,822 ERROR HTTP Error 401: {"finance":{"result":null,"error":{"code":"Unauthorized","description":"Invalid Crumb"}}}
2026-07-30 10:09:42,372 WARNING persist_feature_snapshot failed for SLB: IOException: IO Error: Cannot open file "C:\Project Y\data\ml_training.duckdb": The process cannot access the file because it is being used by another process.

File is already open in 
C:\Python312\python\python.exe (PID 120)
2026-07-30 10:09:42,689 WARNING persist_feature_snapshot failed for T: IOException: IO Error: Cannot open file "C:\Project Y\data\ml_training.duckdb": The process cannot access the file because it is being used by another process.

File is already open in 
C:\Python312\python\python.exe (PID 120)
2026-07-30 10:09:43,458 WARNING persist_feature_snapshot failed for FDX: IOException: IO Error: Cannot open file "C:\Project Y\data\ml_training.duckdb": The process cannot access the file because it is being used by another process.

File is already open in 
C:\Python312\python\python.exe (PID 120)
2026-07-30 10:09:47,456 INFO [gate:capital] TSM Put Debit Spread rejected — required $2065.00 > buying_power $1500.00 × 100% = $1500.00
2026-07-30 10:09:47,456 INFO [gate:capital] TSM Diagonal Spread rejected — required $2555.00 > buying_power $1500.00 × 100% = $1500.00
2026-07-30 10:09:47,467 INFO [gate:capital] MU Iron Butterfly rejected — required $5860.00 > buying_power $1500.00 × 100% = $1500.00
2026-07-30 10:09:47,467 INFO [gate:capital] MU Call Debit Spread rejected — required $5430.00 > buying_power $1500.00 × 100% = $1500.00
2026-07-30 10:09:47,467 INFO [gate:capital] MU Bear Combo rejected — required $14400.00 > buying_power $1500.00 × 100% = $1500.00
2026-07-30 10:09:47,467 INFO [gate:capital] MU Call Debit Spread rejected — required $3735.00 > buying_power $1500.00 × 100% = $1500.00
2026-07-30 10:09:47,467 INFO [gate:capital] MU Put Debit Spread rejected — required $6005.00 > buying_power $1500.00 × 100% = $1500.00
2026-07-30 10:09:47,467 INFO [gate:capital] MU Bear Combo rejected — required $10040.00 > buying_power $1500.00 × 100% = $1500.00
2026-07-30 10:09:47,467 INFO [gate:capital] QCOM Bear Combo rejected — required $1593.00 > buying_power $1500.00 × 100% = $1500.00
2026-07-30 10:09:47,467 INFO [gate:capital] INTC Bear Combo rejected — required $1642.00 > buying_power $1500.00 × 100% = $1500.00
2026-07-30 10:09:47,478 INFO [gate:capital] ARM Bear Combo rejected — required $3015.00 > buying_power $1500.00 × 100% = $1500.00
2026-07-30 10:09:47,478 INFO [gate:capital] ARM Bear Combo rejected — required $1783.00 > buying_power $1500.00 × 100% = $1500.00
2026-07-30 10:09:47,478 INFO [gate:capital] TXN Put Debit Spread rejected — required $2310.00 > buying_power $1500.00 × 100% = $1500.00
2026-07-30 10:09:47,478 INFO [gate:capital] TXN Diagonal Spread rejected — required $2150.00 > buying_power $1500.00 × 100% = $1500.00
2026-07-30 10:09:47,478 INFO [gate:capital] ASML Call Debit Spread rejected — required $9460.00 > buying_power $1500.00 × 100% = $1500.00
2026-07-30 10:09:47,478 INFO [gate:capital] ASML Put Debit Spread rejected — required $8690.00 > buying_power $1500.00 × 100% = $1500.00
2026-07-30 10:09:47,478 INFO [gate:capital] ASML Diagonal Spread rejected — required $11870.00 > buying_power $1500.00 × 100% = $1500.00
2026-07-30 10:09:47,489 INFO [gate:capital] ASML Put Debit Spread rejected — required $5980.00 > buying_power $1500.00 × 100% = $1500.00
2026-07-30 10:09:47,489 INFO [gate:capital] LRCX Call Debit Spread rejected — required $2345.00 > buying_power $1500.00 × 100% = $1500.00
2026-07-30 10:09:47,489 INFO [gate:capital] LRCX Put Debit Spread rejected — required $2875.00 > buying_power $1500.00 × 100% = $1500.00
2026-07-30 10:09:47,489 INFO [gate:capital] LRCX Bear Combo rejected — required $5165.00 > buying_power $1500.00 × 100% = $1500.00
2026-07-30 10:09:47,489 INFO [gate:capital] LRCX Put Credit Spread rejected — required $1750.00 > buying_power $1500.00 × 100% = $1500.00
2026-07-30 10:09:47,489 INFO [gate:capital] LRCX Bear Combo rejected — required $4309.00 > buying_power $1500.00 × 100% = $1500.00
2026-07-30 10:09:47,489 INFO [gate:capital] KLAC Call Debit Spread rejected — required $1600.00 > buying_power $1500.00 × 100% = $1500.00
2026-07-30 10:09:47,489 INFO [gate:capital] KLAC Put Debit Spread rejected — required $2300.00 > buying_power $1500.00 × 100% = $1500.00
2026-07-30 10:09:47,489 INFO [gate:capital] KLAC Bear Combo rejected — required $4490.00 > buying_power $1500.00 × 100% = $1500.00
2026-07-30 10:09:47,489 INFO [gate:capital] KLAC Diagonal Spread rejected — required $2200.00 > buying_power $1500.00 × 100% = $1500.00
2026-07-30 10:09:47,500 INFO [gate:capital] MDB Call Debit Spread rejected — required $2095.00 > buying_power $1500.00 × 100% = $1500.00
2026-07-30 10:09:47,500 INFO [gate:capital] MDB Put Debit Spread rejected — required $2990.00 > buying_power $1500.00 × 100% = $1500.00
2026-07-30 10:09:47,500 INFO [gate:capital] MDB Bear Combo rejected — required $4750.00 > buying_power $1500.00 × 100% = $1500.00
2026-07-30 10:09:47,500 INFO [gate:capital] MDB Diagonal Spread rejected — required $3975.00 > buying_power $1500.00 × 100% = $1500.00
2026-07-30 10:09:47,500 INFO [gate:capital] MDB Put Debit Spread rejected — required $3080.00 > buying_power $1500.00 × 100% = $1500.00
2026-07-30 10:09:47,500 INFO [gate:capital] MDB Bear Combo rejected — required $3231.00 > buying_power $1500.00 × 100% = $1500.00
2026-07-30 10:09:47,511 INFO [gate:capital] ORCL Diagonal Spread rejected — required $1740.00 > buying_power $1500.00 × 100% = $1500.00
2026-07-30 10:09:47,511 INFO [gate:capital] TSLA Put Debit Spread rejected — required $1525.00 > buying_power $1500.00 × 100% = $1500.00
2026-07-30 10:09:47,522 INFO [gate:capital] VRT Diagonal Spread rejected — required $2455.00 > buying_power $1500.00 × 100% = $1500.00
2026-07-30 10:09:47,522 INFO [gate:capital] VRT Bear Combo rejected — required $1540.00 > buying_power $1500.00 × 100% = $1500.00
2026-07-30 10:09:47,537 INFO [filter] 1009 rejected, 62 survived — gate breakdown: {'iv_edge': 82, 'ml_confidence': 299, 'no_ev_or_pop': 51, 'expected_roi': 165, 'min_profit': 56, 'strikes_incomplete': 284, 'liquidity': 35, 'capital_feasibility': 37}
2026-07-30 10:09:47,539 INFO [filter] strikes_incomplete by structure: {'Short Straddle': 43, 'Jade Lizard': 43, 'Short Strangle': 41, 'Iron Condor': 26, 'Call Credit Spread': 25, 'Put Credit Spread': 23, 'Calendar Spread': 18, 'Diagonal Spread': 17, 'Put Debit Spread': 9, 'Iron Butterfly': 7, 'Call Debit Spread': 5, 'Ratio Call Backspread': 5, 'Bear Combo': 5, 'Financed Long Put': 4, 'Risk Reversal': 3, 'Long Strangle': 3, 'Financed Long Call': 2, 'Ratio Put Backspread': 2, 'Covered Call': 2, 'Cash Secured Put': 1}
2026-07-30 10:10:07,570 INFO Ranking: composite score (XGBRanker not trained)
2026-07-30 10:10:07,584 INFO [capital_rejected] 37 entries persisted to capital_rejected.jsonl
2026-07-30 10:10:07,786 WARNING option_chain(INTC, 2026-08-21) failed: Too Many Requests. Rate limited. Try after a while.
2026-07-30 10:10:08,006 WARNING option_chain(INTC, 2026-08-21) failed: Too Many Requests. Rate limited. Try after a while.
2026-07-30 10:10:08,116 INFO Paper trade #1: 20260730AM_INTC_CDS_1  credit=13.670  expiry=2026-08-21
2026-07-30 10:10:08,328 WARNING Failed to write training snapshot for 20260730AM_INTC_CDS_1: IO Error: Cannot open file "C:\Project Y\data\ml_training.duckdb": The process cannot access the file because it is being used by another process.

File is already open in 
C:\Python312\python\python.exe (PID 120)
2026-07-30 10:10:08,479 WARNING option_chain(SPY, 2026-08-07) failed: Too Many Requests. Rate limited. Try after a while.
2026-07-30 10:10:08,657 WARNING option_chain(SPY, 2026-08-07) failed: Too Many Requests. Rate limited. Try after a while.
2026-07-30 10:10:08,733 INFO Paper trade #2: 20260730AM_SPY_PDS_2  credit=14.590  expiry=2026-08-07
2026-07-30 10:10:08,906 WARNING Failed to write training snapshot for 20260730AM_SPY_PDS_2: IO Error: Cannot open file "C:\Project Y\data\ml_training.duckdb": The process cannot access the file because it is being used by another process.

File is already open in 
C:\Python312\python\python.exe (PID 120)
2026-07-30 10:10:09,131 WARNING option_chain(TQQQ, 2026-08-21) failed: Too Many Requests. Rate limited. Try after a while.
2026-07-30 10:10:09,293 WARNING option_chain(TQQQ, 2026-08-21) failed: Too Many Requests. Rate limited. Try after a while.
2026-07-30 10:10:09,300 WARNING [capital] Skipping TQQQ Call Debit Spread — needs $390.00 but only $326.00 buying power available.
2026-07-30 10:10:09,622 WARNING option_chain(QCOM, 2026-08-21) failed: Too Many Requests. Rate limited. Try after a while.
2026-07-30 10:10:09,940 WARNING option_chain(QCOM, 2026-08-21) failed: Too Many Requests. Rate limited. Try after a while.
2026-07-30 10:10:09,947 WARNING [capital] Skipping QCOM Put Debit Spread — needs $1100.00 but only $326.00 buying power available.
2026-07-30 10:10:10,154 WARNING option_chain(TSM, 2026-08-07) failed: Too Many Requests. Rate limited. Try after a while.
2026-07-30 10:10:10,330 WARNING option_chain(TSM, 2026-08-07) failed: Too Many Requests. Rate limited. Try after a while.
2026-07-30 10:10:10,337 WARNING [capital] Skipping TSM Call Debit Spread — needs $890.00 but only $326.00 buying power available.
2026-07-30 10:10:10,477 WARNING option_chain(ARM, 2026-08-07) failed: Too Many Requests. Rate limited. Try after a while.
2026-07-30 10:10:10,571 INFO Paper trade #3: 20260730AM_ARM_COV_3  credit=45.590  expiry=2026-08-07
2026-07-30 10:10:10,735 WARNING Failed to write training snapshot for 20260730AM_ARM_COV_3: IO Error: Cannot open file "C:\Project Y\data\ml_training.duckdb": The process cannot access the file because it is being used by another process.

File is already open in 
C:\Python312\python\python.exe (PID 120)
2026-07-30 10:10:10,931 WARNING Scan snapshot write failed for AMD: IO Error: Cannot open file "C:\Project Y\data\ml_training.duckdb": The process cannot access the file because it is being used by another process.

File is already open in 
C:\Python312\python\python.exe (PID 120)
2026-07-30 10:10:11,473 WARNING Scan snapshot write failed for AMD: IO Error: Cannot open file "C:\Project Y\data\ml_training.duckdb": The process cannot access the file because it is being used by another process.

File is already open in 
C:\Python312\python\python.exe (PID 120)
2026-07-30 10:10:11,623 WARNING Scan snapshot write failed for AAPL: IO Error: Cannot open file "C:\Project Y\data\ml_training.duckdb": The process cannot access the file because it is being used by another process.

File is already open in 
C:\Python312\python\python.exe (PID 120)
2026-07-30 10:10:11,724 WARNING Scan snapshot write failed for AAPL: IO Error: Cannot open file "C:\Project Y\data\ml_training.duckdb": The process cannot access the file because it is being used by another process.

File is already open in 
C:\Python312\python\python.exe (PID 120)
2026-07-30 10:10:11,834 WARNING Scan snapshot write failed for NVDA: IO Error: Cannot open file "C:\Project Y\data\ml_training.duckdb": The process cannot access the file because it is being used by another process.

File is already open in 
C:\Python312\python\python.exe (PID 120)
2026-07-30 10:10:11,952 WARNING Scan snapshot write failed for AVGO: IO Error: Cannot open file "C:\Project Y\data\ml_training.duckdb": The process cannot access the file because it is being used by another process.

File is already open in 
C:\Python312\python\python.exe (PID 120)
2026-07-30 10:10:12,068 WARNING Scan snapshot write failed for MSFT: IO Error: Cannot open file "C:\Project Y\data\ml_training.duckdb": The process cannot access the file because it is being used by another process.

File is already open in 
C:\Python312\python\python.exe (PID 120)
2026-07-30 10:10:12,214 WARNING Scan snapshot write failed for MSFT: IO Error: Cannot open file "C:\Project Y\data\ml_training.duckdb": The process cannot access the file because it is being used by another process.

File is already open in 
C:\Python312\python\python.exe (PID 120)
2026-07-30 10:10:12,464 WARNING Scan snapshot write failed for TQQQ: IO Error: Cannot open file "C:\Project Y\data\ml_training.duckdb": The process cannot access the file because it is being used by another process.

File is already open in 
C:\Python312\python\python.exe (PID 120)
2026-07-30 10:10:12,584 WARNING Scan snapshot write failed for TQQQ: IO Error: Cannot open file "C:\Project Y\data\ml_training.duckdb": The process cannot access the file because it is being used by another process.

File is already open in 
C:\Python312\python\python.exe (PID 120)
2026-07-30 10:10:12,696 WARNING Scan snapshot write failed for TSM: IO Error: Cannot open file "C:\Project Y\data\ml_training.duckdb": The process cannot access the file because it is being used by another process.

File is already open in 
C:\Python312\python\python.exe (PID 120)
2026-07-30 10:10:12,820 WARNING Scan snapshot write failed for TSM: IO Error: Cannot open file "C:\Project Y\data\ml_training.duckdb": The process cannot access the file because it is being used by another process.

File is already open in 
C:\Python312\python\python.exe (PID 120)
2026-07-30 10:10:12,956 WARNING Scan snapshot write failed for QQQ: IO Error: Cannot open file "C:\Project Y\data\ml_training.duckdb": The process cannot access the file because it is being used by another process.

File is already open in 
C:\Python312\python\python.exe (PID 120)
2026-07-30 10:10:13,074 WARNING Scan snapshot write failed for QQQ: IO Error: Cannot open file "C:\Project Y\data\ml_training.duckdb": The process cannot access the file because it is being used by another process.

File is already open in 
C:\Python312\python\python.exe (PID 120)
2026-07-30 10:10:13,152 WARNING Scan snapshot write failed for MU: IO Error: Cannot open file "C:\Project Y\data\ml_training.duckdb": The process cannot access the file because it is being used by another process.

File is already open in 
C:\Python312\python\python.exe (PID 120)
2026-07-30 10:10:13,315 WARNING Scan snapshot write failed for MU: IO Error: Cannot open file "C:\Project Y\data\ml_training.duckdb": The process cannot access the file because it is being used by another process.

File is already open in 
C:\Python312\python\python.exe (PID 120)
2026-07-30 10:10:13,475 WARNING Scan snapshot write failed for QCOM: IO Error: Cannot open file "C:\Project Y\data\ml_training.duckdb": The process cannot access the file because it is being used by another process.

File is already open in 
C:\Python312\python\python.exe (PID 120)
2026-07-30 10:10:13,584 WARNING Scan snapshot write failed for QCOM: IO Error: Cannot open file "C:\Project Y\data\ml_training.duckdb": The process cannot access the file because it is being used by another process.

File is already open in 
C:\Python312\python\python.exe (PID 120)
2026-07-30 10:10:13,699 WARNING Scan snapshot write failed for PLTR: IO Error: Cannot open file "C:\Project Y\data\ml_training.duckdb": The process cannot access the file because it is being used by another process.

File is already open in 
C:\Python312\python\python.exe (PID 120)
2026-07-30 10:10:13,834 WARNING Scan snapshot write failed for PLTR: IO Error: Cannot open file "C:\Project Y\data\ml_training.duckdb": The process cannot access the file because it is being used by another process.

File is already open in 
C:\Python312\python\python.exe (PID 120)
2026-07-30 10:10:13,943 WARNING Scan snapshot write failed for TXN: IO Error: Cannot open file "C:\Project Y\data\ml_training.duckdb": The process cannot access the file because it is being used by another process.

File is already open in 
C:\Python312\python\python.exe (PID 120)
2026-07-30 10:10:21,573 WARNING Scan snapshot write failed for CDNS: IO Error: Cannot open file "C:\Project Y\data\ml_training.duckdb": The process cannot access the file because it is being used by another process.

File is already open in 
C:\Python312\python\python.exe (PID 120)
2026-07-30 10:10:21,674 WARNING Scan snapshot write failed for NET: IO Error: Cannot open file "C:\Project Y\data\ml_training.duckdb": The process cannot access the file because it is being used by another process.

File is already open in 
C:\Python312\python\python.exe (PID 120)
2026-07-30 10:10:21,790 WARNING Scan snapshot write failed for NET: IO Error: Cannot open file "C:\Project Y\data\ml_training.duckdb": The process cannot access the file because it is being used by another process.

File is already open in 
C:\Python312\python\python.exe (PID 120)
2026-07-30 10:10:21,931 WARNING Scan snapshot write failed for LRCX: IO Error: Cannot open file "C:\Project Y\data\ml_training.duckdb": The process cannot access the file because it is being used by another process.

File is already open in 
C:\Python312\python\python.exe (PID 120)
2026-07-30 10:10:22,080 WARNING Scan snapshot write failed for LRCX: IO Error: Cannot open file "C:\Project Y\data\ml_training.duckdb": The process cannot access the file because it is being used by another process.

File is already open in 
C:\Python312\python\python.exe (PID 120)
2026-07-30 10:10:22,178 WARNING Scan snapshot write failed for KLAC: IO Error: Cannot open file "C:\Project Y\data\ml_training.duckdb": The process cannot access the file because it is being used by another process.

File is already open in 
C:\Python312\python\python.exe (PID 120)
2026-07-30 10:10:22,274 WARNING Scan snapshot write failed for SNOW: IO Error: Cannot open file "C:\Project Y\data\ml_training.duckdb": The process cannot access the file because it is being used by another process.

File is already open in 
C:\Python312\python\python.exe (PID 120)
2026-07-30 10:10:22,385 WARNING Scan snapshot write failed for SNOW: IO Error: Cannot open file "C:\Project Y\data\ml_training.duckdb": The process cannot access the file because it is being used by another process.

File is already open in 
C:\Python312\python\python.exe (PID 120)
2026-07-30 10:10:22,484 WARNING Scan snapshot write failed for CRM: IO Error: Cannot open file "C:\Project Y\data\ml_training.duckdb": The process cannot access the file because it is being used by another process.

File is already open in 
C:\Python312\python\python.exe (PID 120)
2026-07-30 10:10:22,572 WARNING Scan snapshot write failed for CRM: IO Error: Cannot open file "C:\Project Y\data\ml_training.duckdb": The process cannot access the file because it is being used by another process.

File is already open in 
C:\Python312\python\python.exe (PID 120)
2026-07-30 10:10:22,671 WARNING Scan snapshot write failed for MDB: IO Error: Cannot open file "C:\Project Y\data\ml_training.duckdb": The process cannot access the file because it is being used by another process.

File is already open in 
C:\Python312\python\python.exe (PID 120)
2026-07-30 10:10:22,761 WARNING Scan snapshot write failed for MDB: IO Error: Cannot open file "C:\Project Y\data\ml_training.duckdb": The process cannot access the file because it is being used by another process.

File is already open in 
C:\Python312\python\python.exe (PID 120)
2026-07-30 10:10:22,863 WARNING Scan snapshot write failed for ADBE: IO Error: Cannot open file "C:\Project Y\data\ml_training.duckdb": The process cannot access the file because it is being used by another process.

File is already open in 
C:\Python312\python\python.exe (PID 120)
2026-07-30 10:10:22,960 WARNING Scan snapshot write failed for TEAM: IO Error: Cannot open file "C:\Project Y\data\ml_training.duckdb": The process cannot access the file because it is being used by another process.

File is already open in 
C:\Python312\python\python.exe (PID 120)
2026-07-30 10:10:23,052 WARNING Scan snapshot write failed for TEAM: IO Error: Cannot open file "C:\Project Y\data\ml_training.duckdb": The process cannot access the file because it is being used by another process.

File is already open in 
C:\Python312\python\python.exe (PID 120)
2026-07-30 10:10:23,725 WARNING Scan snapshot write failed for ORCL: IO Error: Cannot open file "C:\Project Y\data\ml_training.duckdb": The process cannot access the file because it is being used by another process.

File is already open in 
C:\Python312\python\python.exe (PID 120)
2026-07-30 10:10:23,934 WARNING Scan snapshot write failed for ORCL: IO Error: Cannot open file "C:\Project Y\data\ml_training.duckdb": The process cannot access the file because it is being used by another process.

File is already open in 
C:\Python312\python\python.exe (PID 120)
2026-07-30 10:10:24,047 WARNING Scan snapshot write failed for NOW: IO Error: Cannot open file "C:\Project Y\data\ml_training.duckdb": The process cannot access the file because it is being used by another process.

File is already open in 
C:\Python312\python\python.exe (PID 120)
2026-07-30 10:10:24,157 WARNING Scan snapshot write failed for NOW: IO Error: Cannot open file "C:\Project Y\data\ml_training.duckdb": The process cannot access the file because it is being used by another process.

File is already open in 
C:\Python312\python\python.exe (PID 120)
2026-07-30 10:10:24,278 WARNING Scan snapshot write failed for SPOT: IO Error: Cannot open file "C:\Project Y\data\ml_training.duckdb": The process cannot access the file because it is being used by another process.

File is already open in 
C:\Python312\python\python.exe (PID 120)
2026-07-30 10:10:24,433 WARNING Scan snapshot write failed for SPOT: IO Error: Cannot open file "C:\Project Y\data\ml_training.duckdb": The process cannot access the file because it is being used by another process.

File is already open in 
C:\Python312\python\python.exe (PID 120)
2026-07-30 10:10:24,531 WARNING Scan snapshot write failed for SAP: IO Error: Cannot open file "C:\Project Y\data\ml_training.duckdb": The process cannot access the file because it is being used by another process.

File is already open in 
C:\Python312\python\python.exe (PID 120)
2026-07-30 10:10:24,631 WARNING Scan snapshot write failed for SAP: IO Error: Cannot open file "C:\Project Y\data\ml_training.duckdb": The process cannot access the file because it is being used by another process.

File is already open in 
C:\Python312\python\python.exe (PID 120)
2026-07-30 10:10:24,726 WARNING Scan snapshot write failed for DIS: IO Error: Cannot open file "C:\Project Y\data\ml_training.duckdb": The process cannot access the file because it is being used by another process.

File is already open in 
C:\Python312\python\python.exe (PID 120)
2026-07-30 10:10:24,825 WARNING Scan snapshot write failed for AMZN: IO Error: Cannot open file "C:\Project Y\data\ml_training.duckdb": The process cannot access the file because it is being used by another process.

File is already open in 
C:\Python312\python\python.exe (PID 120)
2026-07-30 10:10:24,918 WARNING Scan snapshot write failed for AMZN: IO Error: Cannot open file "C:\Project Y\data\ml_training.duckdb": The process cannot access the file because it is being used by another process.

File is already open in 
C:\Python312\python\python.exe (PID 120)
2026-07-30 10:10:25,015 WARNING Scan snapshot write failed for INTU: IO Error: Cannot open file "C:\Project Y\data\ml_training.duckdb": The process cannot access the file because it is being used by another process.

File is already open in 
C:\Python312\python\python.exe (PID 120)
2026-07-30 10:10:25,117 WARNING Scan snapshot write failed for INTU: IO Error: Cannot open file "C:\Project Y\data\ml_training.duckdb": The process cannot access the file because it is being used by another process.

File is already open in 
C:\Python312\python\python.exe (PID 120)
2026-07-30 10:10:25,216 WARNING Scan snapshot write failed for RGTI: IO Error: Cannot open file "C:\Project Y\data\ml_training.duckdb": The process cannot access the file because it is being used by another process.

File is already open in 
C:\Python312\python\python.exe (PID 120)
2026-07-30 10:10:25,316 WARNING Scan snapshot write failed for RGTI: IO Error: Cannot open file "C:\Project Y\data\ml_training.duckdb": The process cannot access the file because it is being used by another process.

File is already open in 
C:\Python312\python\python.exe (PID 120)
2026-07-30 10:10:25,433 WARNING Scan snapshot write failed for TMUS: IO Error: Cannot open file "C:\Project Y\data\ml_training.duckdb": The process cannot access the file because it is being used by another process.

File is already open in 
C:\Python312\python\python.exe (PID 120)
2026-07-30 10:10:25,530 WARNING Scan snapshot write failed for TMUS: IO Error: Cannot open file "C:\Project Y\data\ml_training.duckdb": The process cannot access the file because it is being used by another process.

File is already open in 
C:\Python312\python\python.exe (PID 120)
2026-07-30 10:10:25,630 WARNING Scan snapshot write failed for NFLX: IO Error: Cannot open file "C:\Project Y\data\ml_training.duckdb": The process cannot access the file because it is being used by another process.

File is already open in 
C:\Python312\python\python.exe (PID 120)
2026-07-30 10:10:25,731 WARNING Scan snapshot write failed for NFLX: IO Error: Cannot open file "C:\Project Y\data\ml_training.duckdb": The process cannot access the file because it is being used by another process.

File is already open in 
C:\Python312\python\python.exe (PID 120)
2026-07-30 10:10:25,829 WARNING Scan snapshot write failed for GOOGL: IO Error: Cannot open file "C:\Project Y\data\ml_training.duckdb": The process cannot access the file because it is being used by another process.

File is already open in 
C:\Python312\python\python.exe (PID 120)
2026-07-30 10:10:28,589 WARNING Scan snapshot write failed for META: IO Error: Cannot open file "C:\Project Y\data\ml_training.duckdb": The process cannot access the file because it is being used by another process.

File is already open in 
C:\Python312\python\python.exe (PID 120)
2026-07-30 10:10:28,719 WARNING Scan snapshot write failed for MELI: IO Error: Cannot open file "C:\Project Y\data\ml_training.duckdb": The process cannot access the file because it is being used by another process.

File is already open in 
C:\Python312\python\python.exe (PID 120)
2026-07-30 10:10:28,835 WARNING Scan snapshot write failed for SHOP: IO Error: Cannot open file "C:\Project Y\data\ml_training.duckdb": The process cannot access the file because it is being used by another process.

File is already open in 
C:\Python312\python\python.exe (PID 120)
2026-07-30 10:10:28,980 WARNING Scan snapshot write failed for SHOP: IO Error: Cannot open file "C:\Project Y\data\ml_training.duckdb": The process cannot access the file because it is being used by another process.

File is already open in 
C:\Python312\python\python.exe (PID 120)
2026-07-30 10:10:29,096 WARNING Scan snapshot write failed for UBER: IO Error: Cannot open file "C:\Project Y\data\ml_training.duckdb": The process cannot access the file because it is being used by another process.

File is already open in 
C:\Python312\python\python.exe (PID 120)
2026-07-30 10:10:29,228 WARNING Scan snapshot write failed for UBER: IO Error: Cannot open file "C:\Project Y\data\ml_training.duckdb": The process cannot access the file because it is being used by another process.

File is already open in 
C:\Python312\python\python.exe (PID 120)
2026-07-30 10:10:29,331 WARNING Scan snapshot write failed for NKE: IO Error: Cannot open file "C:\Project Y\data\ml_training.duckdb": The process cannot access the file because it is being used by another process.

File is already open in 
C:\Python312\python\python.exe (PID 120)
2026-07-30 10:10:29,546 WARNING Scan snapshot write failed for TSLA: IO Error: Cannot open file "C:\Project Y\data\ml_training.duckdb": The process cannot access the file because it is being used by another process.

File is already open in 
C:\Python312\python\python.exe (PID 120)
2026-07-30 10:10:29,669 WARNING Scan snapshot write failed for TSLA: IO Error: Cannot open file "C:\Project Y\data\ml_training.duckdb": The process cannot access the file because it is being used by another process.

File is already open in 
C:\Python312\python\python.exe (PID 120)
2026-07-30 10:10:29,791 WARNING Scan snapshot write failed for APP: IO Error: Cannot open file "C:\Project Y\data\ml_training.duckdb": The process cannot access the file because it is being used by another process.

File is already open in 
C:\Python312\python\python.exe (PID 120)
2026-07-30 10:10:29,930 WARNING Scan snapshot write failed for APP: IO Error: Cannot open file "C:\Project Y\data\ml_training.duckdb": The process cannot access the file because it is being used by another process.

File is already open in 
C:\Python312\python\python.exe (PID 120)
2026-07-30 10:10:30,074 WARNING Scan snapshot write failed for WMT: IO Error: Cannot open file "C:\Project Y\data\ml_training.duckdb": The process cannot access the file because it is being used by another process.

File is already open in 
C:\Python312\python\python.exe (PID 120)
2026-07-30 10:10:30,169 WARNING Scan snapshot write failed for ULTA: IO Error: Cannot open file "C:\Project Y\data\ml_training.duckdb": The process cannot access the file because it is being used by another process.

File is already open in 
C:\Python312\python\python.exe (PID 120)
2026-07-30 10:10:32,331 WARNING Scan snapshot write failed for ABBV: IO Error: Cannot open file "C:\Project Y\data\ml_training.duckdb": The process cannot access the file because it is being used by another process.

File is already open in 
C:\Python312\python\python.exe (PID 120)
2026-07-30 10:10:32,511 WARNING Scan snapshot write failed for ABBV: IO Error: Cannot open file "C:\Project Y\data\ml_training.duckdb": The process cannot access the file because it is being used by another process.

File is already open in 
C:\Python312\python\python.exe (PID 120)
2026-07-30 10:10:32,635 WARNING Scan snapshot write failed for CVNA: IO Error: Cannot open file "C:\Project Y\data\ml_training.duckdb": The process cannot access the file because it is being used by another process.

File is already open in 
C:\Python312\python\python.exe (PID 120)
2026-07-30 10:10:32,755 WARNING Scan snapshot write failed for CVNA: IO Error: Cannot open file "C:\Project Y\data\ml_training.duckdb": The process cannot access the file because it is being used by another process.

File is already open in 
C:\Python312\python\python.exe (PID 120)
2026-07-30 10:10:32,895 WARNING Scan snapshot write failed for AMGN: IO Error: Cannot open file "C:\Project Y\data\ml_training.duckdb": The process cannot access the file because it is being used by another process.

File is already open in 
C:\Python312\python\python.exe (PID 120)
2026-07-30 10:10:32,986 WARNING Scan snapshot write failed for AMGN: IO Error: Cannot open file "C:\Project Y\data\ml_training.duckdb": The process cannot access the file because it is being used by another process.

File is already open in 
C:\Python312\python\python.exe (PID 120)
2026-07-30 10:10:33,082 WARNING Scan snapshot write failed for NVO: IO Error: Cannot open file "C:\Project Y\data\ml_training.duckdb": The process cannot access the file because it is being used by another process.

File is already open in 
C:\Python312\python\python.exe (PID 120)
2026-07-30 10:10:33,188 WARNING Scan snapshot write failed for MA: IO Error: Cannot open file "C:\Project Y\data\ml_training.duckdb": The process cannot access the file because it is being used by another process.

File is already open in 
C:\Python312\python\python.exe (PID 120)
2026-07-30 10:10:33,285 WARNING Scan snapshot write failed for MA: IO Error: Cannot open file "C:\Project Y\data\ml_training.duckdb": The process cannot access the file because it is being used by another process.

File is already open in 
C:\Python312\python\python.exe (PID 120)
2026-07-30 10:10:33,401 WARNING Scan snapshot write failed for BRK-B: IO Error: Cannot open file "C:\Project Y\data\ml_training.duckdb": The process cannot access the file because it is being used by another process.

File is already open in 
C:\Python312\python\python.exe (PID 120)
2026-07-30 10:10:33,503 WARNING Scan snapshot write failed for BRK-B: IO Error: Cannot open file "C:\Project Y\data\ml_training.duckdb": The process cannot access the file because it is being used by another process.

File is already open in 
C:\Python312\python\python.exe (PID 120)
2026-07-30 10:10:33,605 WARNING Scan snapshot write failed for LLY: IO Error: Cannot open file "C:\Project Y\data\ml_training.duckdb": The process cannot access the file because it is being used by another process.

File is already open in 
C:\Python312\python\python.exe (PID 120)
2026-07-30 10:10:33,698 WARNING Scan snapshot write failed for COST: IO Error: Cannot open file "C:\Project Y\data\ml_training.duckdb": The process cannot access the file because it is being used by another process.

File is already open in 
C:\Python312\python\python.exe (PID 120)
2026-07-30 10:10:33,802 WARNING Scan snapshot write failed for COST: IO Error: Cannot open file "C:\Project Y\data\ml_training.duckdb": The process cannot access the file because it is being used by another process.

File is already open in 
C:\Python312\python\python.exe (PID 120)
2026-07-30 10:10:33,913 WARNING Scan snapshot write failed for BSX: IO Error: Cannot open file "C:\Project Y\data\ml_training.duckdb": The process cannot access the file because it is being used by another process.

File is already open in 
C:\Python312\python\python.exe (PID 120)
2026-07-30 10:10:34,028 WARNING Scan snapshot write failed for PG: IO Error: Cannot open file "C:\Project Y\data\ml_training.duckdb": The process cannot access the file because it is being used by another process.

File is already open in 
C:\Python312\python\python.exe (PID 120)
2026-07-30 10:10:34,236 WARNING Scan snapshot write failed for PG: IO Error: Cannot open file "C:\Project Y\data\ml_training.duckdb": The process cannot access the file because it is being used by another process.

File is already open in 
C:\Python312\python\python.exe (PID 120)
2026-07-30 10:10:34,423 WARNING Scan snapshot write failed for GS: IO Error: Cannot open file "C:\Project Y\data\ml_training.duckdb": The process cannot access the file because it is being used by another process.

File is already open in 
C:\Python312\python\python.exe (PID 120)
2026-07-30 10:10:34,575 WARNING Scan snapshot write failed for ETN: IO Error: Cannot open file "C:\Project Y\data\ml_training.duckdb": The process cannot access the file because it is being used by another process.

File is already open in 
C:\Python312\python\python.exe (PID 120)
2026-07-30 10:10:34,724 WARNING Scan snapshot write failed for ETN: IO Error: Cannot open file "C:\Project Y\data\ml_training.duckdb": The process cannot access the file because it is being used by another process.

File is already open in 
C:\Python312\python\python.exe (PID 120)
2026-07-30 10:10:34,853 WARNING Scan snapshot write failed for CAT: IO Error: Cannot open file "C:\Project Y\data\ml_training.duckdb": The process cannot access the file because it is being used by another process.

File is already open in 
C:\Python312\python\python.exe (PID 120)
2026-07-30 10:12:17,981 INFO [scan_morning] scan snapshots: 86 saved, 6 skipped (opened), 90 errors
2026-07-30 10:12:17,982 INFO Scan snapshots: 86 saved, 6 skipped
2026-07-31 10:00:28,196 WARNING [warmup] E*TRADE not authenticated — option chains will fall back to yfinance
2026-07-31 10:00:28,232 INFO ml_cache loaded from disk: 83 tickers, age 1393s
2026-07-31 10:00:28,270 INFO [prefetch] step 1 — batch daily history for 102 tickers
2026-07-31 10:00:47,353 INFO [prefetch] daily history done: 102 ok, 0 fail  (19.1s)
2026-07-31 10:00:47,353 INFO [prefetch] step 2 — batch weekly history for 101 tickers
2026-07-31 10:01:09,753 INFO [prefetch] weekly history done: 101 ok, 0 fail  (41.5s)
2026-07-31 10:01:09,804 INFO [prefetch] step 3+4 — expirations + chains for 101 tickers (serial)
2026-07-31 10:02:44,544 INFO [prefetch] done in 136s — hist 102/102, weekly 101/101, exps 101/101, chains 398 (fail 0)
2026-07-31 10:02:44,546 INFO [scan] cache ready — 702 total keys, 398 chain keys
2026-07-31 10:02:45,783 ERROR HTTP Error 404: {"quoteSummary":{"result":null,"error":{"code":"Not Found","description":"No fundamentals data found for symbol: TQQQ"}}}
2026-07-31 10:02:46,005 ERROR HTTP Error 404: {"quoteSummary":{"result":null,"error":{"code":"Not Found","description":"No fundamentals data found for symbol: QQQ"}}}
2026-07-31 10:02:46,408 ERROR HTTP Error 404: {"quoteSummary":{"result":null,"error":{"code":"Not Found","description":"No fundamentals data found for symbol: TQQQ"}}}
2026-07-31 10:02:46,409 ERROR HTTP Error 404: {"quoteSummary":{"result":null,"error":{"code":"Not Found","description":"No fundamentals data found for symbol: QQQ"}}}
2026-07-31 10:02:46,715 ERROR HTTP Error 404: {"quoteSummary":{"result":null,"error":{"code":"Not Found","description":"No fundamentals data found for symbol: SPY"}}}
2026-07-31 10:02:46,963 WARNING analyze_ticker(AAPL) failed: [WinError 2] The system cannot find the file specified: 'C:\\Project Y\\data\\oi_cache.json.tmp' -> 'C:\\Project Y\\data\\oi_cache.json'
2026-07-31 10:02:47,500 ERROR HTTP Error 404: {"quoteSummary":{"result":null,"error":{"code":"Not Found","description":"No fundamentals data found for symbol: SPY"}}}
2026-07-31 10:02:57,356 WARNING persist_feature_snapshot failed for TSM: IOException: IO Error: Cannot open file "C:\Project Y\data\ml_training.duckdb": The process cannot access the file because it is being used by another process.

File is already open in 
C:\Python312\python\python.exe (PID 14560)
2026-07-31 10:03:00,778 ERROR $^VVIX: possibly delisted; no price data found  (period=2d)
2026-07-31 10:03:00,780 ERROR $^MOVE: possibly delisted; no price data found  (period=2d)
2026-07-31 10:03:00,781 ERROR $^VIX: possibly delisted; no price data found  (period=2d)
2026-07-31 10:03:01,436 ERROR 
3 Failed downloads:
2026-07-31 10:03:01,543 ERROR ['^VVIX', '^MOVE', '^VIX']: possibly delisted; no price data found  (period=2d)
2026-07-31 10:03:01,810 WARNING persist_feature_snapshot failed for TQQQ: IOException: IO Error: Cannot open file "C:\Project Y\data\ml_training.duckdb": The process cannot access the file because it is being used by another process.

File is already open in 
C:\Python312\python\python.exe (PID 14560)
2026-07-31 10:03:12,618 WARNING persist_feature_snapshot failed for AVGO: IOException: IO Error: Cannot open file "C:\Project Y\data\ml_training.duckdb": The process cannot access the file because it is being used by another process.

File is already open in 
C:\Python312\python\python.exe (PID 14560)
2026-07-31 10:03:18,825 WARNING persist_feature_snapshot failed for NVDA: IOException: IO Error: Cannot open file "C:\Project Y\data\ml_training.duckdb": The process cannot access the file because it is being used by another process.

File is already open in 
C:\Python312\python\python.exe (PID 14560)
2026-07-31 10:03:20,942 ERROR HTTP Error 404: {"quoteSummary":{"result":null,"error":{"code":"Not Found","description":"No fundamentals data found for symbol: TQQQ"}}}
2026-07-31 10:03:21,779 ERROR HTTP Error 404: {"quoteSummary":{"result":null,"error":{"code":"Not Found","description":"No fundamentals data found for symbol: TQQQ"}}}
2026-07-31 10:03:24,613 WARNING persist_feature_snapshot failed for AAPL: IOException: IO Error: Cannot open file "C:\Project Y\data\ml_training.duckdb": The process cannot access the file because it is being used by another process.

File is already open in 
C:\Python312\python\python.exe (PID 14560)
2026-07-31 10:03:30,815 WARNING persist_feature_snapshot failed for MSFT: IOException: IO Error: Cannot open file "C:\Project Y\data\ml_training.duckdb": The process cannot access the file because it is being used by another process.

File is already open in 
C:\Python312\python\python.exe (PID 14560)
C:\Python312\python\python.exe (PID 14380)
2026-07-31 10:03:31,279 WARNING persist_feature_snapshot failed for QQQ: IOException: IO Error: Cannot open file "C:\Project Y\data\ml_training.duckdb": The process cannot access the file because it is being used by another process.

File is already open in 
C:\Python312\python\python.exe (PID 14560)
2026-07-31 10:03:38,894 ERROR HTTP Error 404: {"quoteSummary":{"result":null,"error":{"code":"Not Found","description":"No fundamentals data found for symbol: QQQ"}}}
2026-07-31 10:03:39,298 WARNING persist_feature_snapshot failed for TQQQ: IOException: IO Error: Cannot open file "C:\Project Y\data\ml_training.duckdb": The process cannot access the file because it is being used by another process.

File is already open in 
C:\Python312\python\python.exe (PID 14560)
2026-07-31 10:03:39,461 ERROR HTTP Error 404: {"quoteSummary":{"result":null,"error":{"code":"Not Found","description":"No fundamentals data found for symbol: QQQ"}}}
2026-07-31 10:03:40,329 WARNING persist_feature_snapshot failed for SPY: IOException: IO Error: Cannot open file "C:\Project Y\data\ml_training.duckdb": The process cannot access the file because it is being used by another process.

File is already open in 
C:\Python312\python\python.exe (PID 14560)
2026-07-31 10:03:40,532 WARNING persist_feature_snapshot failed for TSM: IOException: IO Error: Cannot open file "C:\Project Y\data\ml_training.duckdb": The process cannot access the file because it is being used by another process.

File is already open in 
C:\Python312\python\python.exe (PID 14560)
2026-07-31 10:03:44,508 WARNING persist_feature_snapshot failed for NVDA: IOException: IO Error: Cannot open file "C:\Project Y\data\ml_training.duckdb": The process cannot access the file because it is being used by another process.

File is already open in 
C:\Python312\python\python.exe (PID 14560)
2026-07-31 10:03:50,918 WARNING persist_feature_snapshot failed for AVGO: IOException: IO Error: Cannot open file "C:\Project Y\data\ml_training.duckdb": The process cannot access the file because it is being used by another process.

File is already open in 
C:\Python312\python\python.exe (PID 14560)
2026-07-31 10:03:56,477 WARNING persist_feature_snapshot failed for MSFT: IOException: IO Error: Cannot open file "C:\Project Y\data\ml_training.duckdb": The process cannot access the file because it is being used by another process.

File is already open in 
C:\Python312\python\python.exe (PID 14560)
2026-07-31 10:04:00,356 ERROR HTTP Error 404: {"quoteSummary":{"result":null,"error":{"code":"Not Found","description":"No fundamentals data found for symbol: SPY"}}}
2026-07-31 10:04:01,705 ERROR HTTP Error 404: {"quoteSummary":{"result":null,"error":{"code":"Not Found","description":"No fundamentals data found for symbol: SPY"}}}
2026-07-31 10:04:08,369 WARNING persist_feature_snapshot failed for QQQ: IOException: IO Error: Cannot open file "C:\Project Y\data\ml_training.duckdb": The process cannot access the file because it is being used by another process.

File is already open in 
C:\Python312\python\python.exe (PID 14560)
2026-07-31 10:04:12,743 WARNING persist_feature_snapshot failed for ARM: IOException: IO Error: Cannot open file "C:\Project Y\data\ml_training.duckdb": The process cannot access the file because it is being used by another process.

File is already open in 
C:\Python312\python\python.exe (PID 14560)
2026-07-31 10:04:15,213 WARNING persist_feature_snapshot failed for MU: IOException: IO Error: Cannot open file "C:\Project Y\data\ml_training.duckdb": The process cannot access the file because it is being used by another process.

File is already open in 
C:\Python312\python\python.exe (PID 14560)
2026-07-31 10:04:16,623 WARNING persist_feature_snapshot failed for INTC: IOException: IO Error: Cannot open file "C:\Project Y\data\ml_training.duckdb": The process cannot access the file because it is being used by another process.

File is already open in 
C:\Python312\python\python.exe (PID 14560)
2026-07-31 10:04:17,111 ERROR HTTP Error 401: {"finance":{"result":null,"error":{"code":"Unauthorized","description":"Invalid Crumb"}}}
2026-07-31 10:04:17,762 ERROR HTTP Error 401: {"finance":{"result":null,"error":{"code":"Unauthorized","description":"Invalid Crumb"}}}
2026-07-31 10:04:17,790 WARNING persist_feature_snapshot failed for QCOM: IOException: IO Error: Cannot open file "C:\Project Y\data\ml_training.duckdb": The process cannot access the file because it is being used by another process.

File is already open in 
C:\Python312\python\python.exe (PID 14560)
2026-07-31 10:04:19,573 WARNING persist_feature_snapshot failed for SPY: IOException: IO Error: Cannot open file "C:\Project Y\data\ml_training.duckdb": The process cannot access the file because it is being used by another process.

File is already open in 
C:\Python312\python\python.exe (PID 14560)
2026-07-31 10:04:20,096 WARNING persist_feature_snapshot failed for TXN: IOException: IO Error: Cannot open file "C:\Project Y\data\ml_training.duckdb": The process cannot access the file because it is being used by another process.

File is already open in 
C:\Python312\python\python.exe (PID 14560)
2026-07-31 10:04:22,345 WARNING persist_feature_snapshot failed for KLAC: IOException: IO Error: Cannot open file "C:\Project Y\data\ml_training.duckdb": The process cannot access the file because it is being used by another process.

File is already open in 
C:\Python312\python\python.exe (PID 14560)
2026-07-31 10:04:37,456 WARNING persist_feature_snapshot failed for ARM: IOException: IO Error: Cannot open file "C:\Project Y\data\ml_training.duckdb": The process cannot access the file because it is being used by another process.

File is already open in 
C:\Python312\python\python.exe (PID 14560)
2026-07-31 10:04:49,412 WARNING persist_feature_snapshot failed for ASML: IOException: IO Error: Cannot open file "C:\Project Y\data\ml_training.duckdb": The process cannot access the file because it is being used by another process.

File is already open in 
C:\Python312\python\python.exe (PID 14560)
C:\Python312\python\python.exe (PID 14380)
2026-07-31 10:04:56,067 WARNING persist_feature_snapshot failed for QCOM: IOException: IO Error: Cannot open file "C:\Project Y\data\ml_training.duckdb": The process cannot access the file because it is being used by another process.

File is already open in 
C:\Python312\python\python.exe (PID 14560)
2026-07-31 10:05:06,573 WARNING persist_feature_snapshot failed for INTC: IOException: IO Error: Cannot open file "C:\Project Y\data\ml_training.duckdb": The process cannot access the file because it is being used by another process.

File is already open in 
C:\Python312\python\python.exe (PID 14560)
2026-07-31 10:05:09,604 WARNING persist_feature_snapshot failed for TXN: IOException: IO Error: Cannot open file "C:\Project Y\data\ml_training.duckdb": The process cannot access the file because it is being used by another process.

File is already open in 
C:\Python312\python\python.exe (PID 14560)
2026-07-31 10:05:10,848 WARNING persist_feature_snapshot failed for LRCX: IOException: IO Error: Cannot open file "C:\Project Y\data\ml_training.duckdb": The process cannot access the file because it is being used by another process.

File is already open in 
C:\Python312\python\python.exe (PID 14560)
2026-07-31 10:05:42,500 WARNING persist_feature_snapshot failed for CDNS: IOException: IO Error: Cannot open file "C:\Project Y\data\ml_training.duckdb": The process cannot access the file because it is being used by another process.

File is already open in 
C:\Python312\python\python.exe (PID 14560)
2026-07-31 10:06:03,662 WARNING persist_feature_snapshot failed for SNPS: IOException: IO Error: Cannot open file "C:\Project Y\data\ml_training.duckdb": The process cannot access the file because it is being used by another process.

File is already open in 
C:\Python312\python\python.exe (PID 14560)
2026-07-31 10:06:04,169 WARNING persist_feature_snapshot failed for LRCX: IOException: IO Error: Cannot open file "C:\Project Y\data\ml_training.duckdb": The process cannot access the file because it is being used by another process.

File is already open in 
C:\Python312\python\python.exe (PID 14560)
C:\Python312\python\python.exe (PID 14380)
2026-07-31 10:06:05,184 WARNING persist_feature_snapshot failed for SNOW: IOException: IO Error: Cannot open file "C:\Project Y\data\ml_training.duckdb": The process cannot access the file because it is being used by another process.

File is already open in 
C:\Python312\python\python.exe (PID 14560)
2026-07-31 10:06:05,185 WARNING persist_feature_snapshot failed for KLAC: IOException: IO Error: Cannot open file "C:\Project Y\data\ml_training.duckdb": The process cannot access the file because it is being used by another process.

File is already open in 
C:\Python312\python\python.exe (PID 14560)
C:\Python312\python\python.exe (PID 14380)
2026-07-31 10:06:07,097 WARNING persist_feature_snapshot failed for MDB: IOException: IO Error: Cannot open file "C:\Project Y\data\ml_training.duckdb": The process cannot access the file because it is being used by another process.

File is already open in 
C:\Python312\python\python.exe (PID 14560)
2026-07-31 10:06:07,966 ERROR HTTP Error 401: {"finance":{"result":null,"error":{"code":"Unauthorized","description":"Invalid Crumb"}}}
2026-07-31 10:06:11,416 WARNING persist_feature_snapshot failed for ASML: IOException: IO Error: Cannot open file "C:\Project Y\data\ml_training.duckdb": The process cannot access the file because it is being used by another process.

File is already open in 
C:\Python312\python\python.exe (PID 14560)
2026-07-31 10:06:12,073 WARNING persist_feature_snapshot failed for MU: IOException: IO Error: Cannot open file "C:\Project Y\data\ml_training.duckdb": The process cannot access the file because it is being used by another process.

File is already open in 
C:\Python312\python\python.exe (PID 14560)
2026-07-31 10:06:15,089 WARNING analyze_ticker(ORCL) failed: 'NoneType' object has no attribute 'copy'
2026-07-31 10:06:15,222 ERROR HTTP Error 401: {"finance":{"result":null,"error":{"code":"Unauthorized","description":"Invalid Crumb"}}}
2026-07-31 10:06:17,054 ERROR HTTP Error 401: {"finance":{"result":null,"error":{"code":"Unauthorized","description":"Invalid Crumb"}}}
2026-07-31 10:06:20,192 WARNING persist_feature_snapshot failed for CDNS: IOException: IO Error: Cannot open file "C:\Project Y\data\ml_training.duckdb": The process cannot access the file because it is being used by another process.

File is already open in 
C:\Python312\python\python.exe (PID 14560)
2026-07-31 10:06:20,218 ERROR HTTP Error 401: {"finance":{"result":null,"error":{"code":"Unauthorized","description":"Invalid Crumb"}}}
2026-07-31 10:06:37,248 WARNING persist_feature_snapshot failed for SNPS: IOException: IO Error: Cannot open file "C:\Project Y\data\ml_training.duckdb": The process cannot access the file because it is being used by another process.

File is already open in 
C:\Python312\python\python.exe (PID 14560)
2026-07-31 10:06:38,517 WARNING persist_feature_snapshot failed for SNOW: IOException: IO Error: Cannot open file "C:\Project Y\data\ml_training.duckdb": The process cannot access the file because it is being used by another process.

File is already open in 
C:\Python312\python\python.exe (PID 14560)
2026-07-31 10:06:40,552 WARNING analyze_ticker(NOW) failed: 'NoneType' object has no attribute 'copy'
2026-07-31 10:06:41,162 WARNING persist_feature_snapshot failed for ORCL: IOException: IO Error: Cannot open file "C:\Project Y\data\ml_training.duckdb": The process cannot access the file because it is being used by another process.

File is already open in 
C:\Python312\python\python.exe (PID 14560)
2026-07-31 10:06:41,838 WARNING persist_feature_snapshot failed for MDB: IOException: IO Error: Cannot open file "C:\Project Y\data\ml_training.duckdb": The process cannot access the file because it is being used by another process.

File is already open in 
C:\Python312\python\python.exe (PID 14560)
2026-07-31 10:06:44,366 WARNING persist_feature_snapshot failed for CRM: IOException: IO Error: Cannot open file "C:\Project Y\data\ml_training.duckdb": The process cannot access the file because it is being used by another process.

File is already open in 
C:\Python312\python\python.exe (PID 14560)
2026-07-31 10:06:48,617 ERROR HTTP Error 401: {"finance":{"result":null,"error":{"code":"Unauthorized","description":"Invalid Crumb"}}}
2026-07-31 10:06:50,692 WARNING persist_feature_snapshot failed for NET: IOException: IO Error: Cannot open file "C:\Project Y\data\ml_training.duckdb": The process cannot access the file because it is being used by another process.

File is already open in 
C:\Python312\python\python.exe (PID 14560)
2026-07-31 10:06:50,842 WARNING persist_feature_snapshot failed for NOW: IOException: IO Error: Cannot open file "C:\Project Y\data\ml_training.duckdb": The process cannot access the file because it is being used by another process.

File is already open in 
C:\Python312\python\python.exe (PID 14560)
2026-07-31 10:06:52,248 WARNING persist_feature_snapshot failed for SAP: IOException: IO Error: Cannot open file "C:\Project Y\data\ml_training.duckdb": The process cannot access the file because it is being used by another process.

File is already open in 
C:\Python312\python\python.exe (PID 14560)
2026-07-31 10:06:54,440 WARNING persist_feature_snapshot failed for TEAM: IOException: IO Error: Cannot open file "C:\Project Y\data\ml_training.duckdb": The process cannot access the file because it is being used by another process.

File is already open in 
C:\Python312\python\python.exe (PID 14560)
2026-07-31 10:06:56,633 WARNING persist_feature_snapshot failed for CRM: IOException: IO Error: Cannot open file "C:\Project Y\data\ml_training.duckdb": The process cannot access the file because it is being used by another process.

File is already open in 
C:\Python312\python\python.exe (PID 14560)
2026-07-31 10:06:57,381 WARNING persist_feature_snapshot failed for INTU: IOException: IO Error: Cannot open file "C:\Project Y\data\ml_training.duckdb": The process cannot access the file because it is being used by another process.

File is already open in 
C:\Python312\python\python.exe (PID 14560)
2026-07-31 10:06:58,944 WARNING persist_feature_snapshot failed for ADBE: IOException: IO Error: Cannot open file "C:\Project Y\data\ml_training.duckdb": The process cannot access the file because it is being used by another process.

File is already open in 
C:\Python312\python\python.exe (PID 14560)
2026-07-31 10:07:00,704 WARNING persist_feature_snapshot failed for RGTI: IOException: IO Error: Cannot open file "C:\Project Y\data\ml_training.duckdb": The process cannot access the file because it is being used by another process.

File is already open in 
C:\Python312\python\python.exe (PID 14560)
2026-07-31 10:07:29,821 ERROR HTTP Error 401: {"finance":{"result":null,"error":{"code":"Unauthorized","description":"Invalid Crumb"}}}
2026-07-31 10:07:43,665 ERROR HTTP Error 401: {"finance":{"result":null,"error":{"code":"Unauthorized","description":"Invalid Crumb"}}}
2026-07-31 10:07:48,757 ERROR HTTP Error 401: {"finance":{"result":null,"error":{"code":"Unauthorized","description":"Invalid Crumb"}}}
2026-07-31 10:08:08,567 WARNING analyze_ticker(CVNA, short_dte) failed: [WinError 32] The process cannot access the file because it is being used by another process: 'C:\\Project Y\\data\\oi_cache.json.tmp' -> 'C:\\Project Y\\data\\oi_cache.json'
2026-07-31 10:08:16,008 WARNING analyze_ticker(COST) failed: [WinError 5] Access is denied: 'C:\\Project Y\\data\\oi_cache.json.tmp' -> 'C:\\Project Y\\data\\oi_cache.json'
2026-07-31 10:08:19,486 WARNING persist_feature_snapshot failed for NKE: IOException: IO Error: Cannot open file "C:\Project Y\data\ml_training.duckdb": The process cannot access the file because it is being used by another process.

File is already open in 
C:\Python312\python\python.exe (PID 14560)
2026-07-31 10:08:30,552 ERROR HTTP Error 401: {"finance":{"result":null,"error":{"code":"Unauthorized","description":"Invalid Crumb"}}}
2026-07-31 10:08:36,469 ERROR HTTP Error 401: {"finance":{"result":null,"error":{"code":"Unauthorized","description":"Invalid Crumb"}}}
2026-07-31 10:08:36,751 WARNING persist_feature_snapshot failed for ULTA: IOException: IO Error: Cannot open file "C:\Project Y\data\ml_training.duckdb": The process cannot access the file because it is being used by another process.

File is already open in 
C:\Python312\python\python.exe (PID 14560)
2026-07-31 10:08:41,721 WARNING persist_feature_snapshot failed for WMT: IOException: IO Error: Cannot open file "C:\Project Y\data\ml_training.duckdb": The process cannot access the file because it is being used by another process.

File is already open in 
C:\Python312\python\python.exe (PID 14560)
2026-07-31 10:08:47,433 WARNING analyze_ticker(MA) failed: Too Many Requests. Rate limited. Try after a while.
2026-07-31 10:08:48,671 ERROR HTTP Error 401: {"finance":{"result":null,"error":{"code":"Unauthorized","description":"Invalid Crumb"}}}
2026-07-31 10:08:48,785 WARNING persist_feature_snapshot failed for HD: IOException: IO Error: Cannot open file "C:\Project Y\data\ml_training.duckdb": The process cannot access the file because it is being used by another process.

File is already open in 
C:\Python312\python\python.exe (PID 14560)
2026-07-31 10:08:49,645 WARNING persist_feature_snapshot failed for ISRG: IOException: IO Error: Cannot open file "C:\Project Y\data\ml_training.duckdb": The process cannot access the file because it is being used by another process.

File is already open in 
C:\Python312\python\python.exe (PID 14560)
2026-07-31 10:08:49,871 WARNING persist_feature_snapshot failed for BSX: IOException: IO Error: Cannot open file "C:\Project Y\data\ml_training.duckdb": The process cannot access the file because it is being used by another process.

File is already open in 
C:\Python312\python\python.exe (PID 14560)
2026-07-31 10:08:50,069 WARNING persist_feature_snapshot failed for V: IOException: IO Error: Cannot open file "C:\Project Y\data\ml_training.duckdb": The process cannot access the file because it is being used by another process.

File is already open in 
C:\Python312\python\python.exe (PID 14560)
2026-07-31 10:08:50,332 WARNING persist_feature_snapshot failed for UNH: IOException: IO Error: Cannot open file "C:\Project Y\data\ml_training.duckdb": The process cannot access the file because it is being used by another process.

File is already open in 
C:\Python312\python\python.exe (PID 14560)
2026-07-31 10:08:50,918 WARNING persist_feature_snapshot failed for PG: IOException: IO Error: Cannot open file "C:\Project Y\data\ml_training.duckdb": The process cannot access the file because it is being used by another process.

File is already open in 
C:\Python312\python\python.exe (PID 14560)
2026-07-31 10:08:54,430 WARNING persist_feature_snapshot failed for WMT: IOException: IO Error: Cannot open file "C:\Project Y\data\ml_training.duckdb": The process cannot access the file because it is being used by another process.

File is already open in 
C:\Python312\python\python.exe (PID 14560)
2026-07-31 10:08:55,830 ERROR HTTP Error 401: {"finance":{"result":null,"error":{"code":"Unauthorized","description":"Invalid Crumb"}}}
2026-07-31 10:08:56,704 ERROR HTTP Error 401: {"finance":{"result":null,"error":{"code":"Unauthorized","description":"Invalid Crumb"}}}
2026-07-31 10:08:56,925 ERROR HTTP Error 401: {"finance":{"result":null,"error":{"code":"Unauthorized","description":"User is unable to access this feature - https://bit.ly/yahoo-finance-api-feedback"}}}
2026-07-31 10:08:56,995 ERROR HTTP Error 401: {"finance":{"result":null,"error":{"code":"Unauthorized","description":"Invalid Crumb"}}}
2026-07-31 10:08:57,803 ERROR HTTP Error 401: {"finance":{"result":null,"error":{"code":"Unauthorized","description":"Invalid Crumb"}}}
2026-07-31 10:08:57,880 ERROR HTTP Error 401: {"finance":{"result":null,"error":{"code":"Unauthorized","description":"Invalid Crumb"}}}
2026-07-31 10:08:58,060 ERROR HTTP Error 401: {"finance":{"result":null,"error":{"code":"Unauthorized","description":"Invalid Crumb"}}}
2026-07-31 10:08:58,575 ERROR HTTP Error 401: {"finance":{"result":null,"error":{"code":"Unauthorized","description":"Invalid Crumb"}}}
2026-07-31 10:08:58,643 ERROR HTTP Error 401: {"finance":{"result":null,"error":{"code":"Unauthorized","description":"User is unable to access this feature - https://bit.ly/yahoo-finance-api-feedback"}}}
2026-07-31 10:08:58,695 ERROR HTTP Error 401: {"finance":{"result":null,"error":{"code":"Unauthorized","description":"Invalid Crumb"}}}
2026-07-31 10:08:59,436 ERROR HTTP Error 401: {"finance":{"result":null,"error":{"code":"Unauthorized","description":"User is unable to access this feature - https://bit.ly/yahoo-finance-api-feedback"}}}
2026-07-31 10:08:59,579 ERROR HTTP Error 401: {"finance":{"result":null,"error":{"code":"Unauthorized","description":"Invalid Crumb"}}}
2026-07-31 10:08:59,579 ERROR HTTP Error 401: {"finance":{"result":null,"error":{"code":"Unauthorized","description":"Invalid Crumb"}}}
2026-07-31 10:08:59,990 ERROR HTTP Error 401: {"finance":{"result":null,"error":{"code":"Unauthorized","description":"Invalid Crumb"}}}
2026-07-31 10:09:01,978 WARNING persist_feature_snapshot failed for MA: IOException: IO Error: Cannot open file "C:\Project Y\data\ml_training.duckdb": The process cannot access the file because it is being used by another process.

File is already open in 
C:\Python312\python\python.exe (PID 14560)
2026-07-31 10:09:05,191 WARNING persist_feature_snapshot failed for JPM: IOException: IO Error: Cannot open file "C:\Project Y\data\ml_training.duckdb": The process cannot access the file because it is being used by another process.

File is already open in 
C:\Python312\python\python.exe (PID 14560)
2026-07-31 10:09:06,447 WARNING persist_feature_snapshot failed for ISRG: IOException: IO Error: Cannot open file "C:\Project Y\data\ml_training.duckdb": The process cannot access the file because it is being used by another process.

File is already open in 
C:\Python312\python\python.exe (PID 14560)
2026-07-31 10:09:06,884 WARNING persist_feature_snapshot failed for UNH: IOException: IO Error: Cannot open file "C:\Project Y\data\ml_training.duckdb": The process cannot access the file because it is being used by another process.

File is already open in 
C:\Python312\python\python.exe (PID 14560)
2026-07-31 10:09:07,337 WARNING persist_feature_snapshot failed for BSX: IOException: IO Error: Cannot open file "C:\Project Y\data\ml_training.duckdb": The process cannot access the file because it is being used by another process.

File is already open in 
C:\Python312\python\python.exe (PID 14560)
2026-07-31 10:09:08,895 WARNING persist_feature_snapshot failed for GS: IOException: IO Error: Cannot open file "C:\Project Y\data\ml_training.duckdb": The process cannot access the file because it is being used by another process.

File is already open in 
C:\Python312\python\python.exe (PID 14560)
2026-07-31 10:09:09,227 WARNING persist_feature_snapshot failed for V: IOException: IO Error: Cannot open file "C:\Project Y\data\ml_training.duckdb": The process cannot access the file because it is being used by another process.

File is already open in 
C:\Python312\python\python.exe (PID 14560)
2026-07-31 10:09:11,049 ERROR HTTP Error 401: {"finance":{"result":null,"error":{"code":"Unauthorized","description":"Invalid Crumb"}}}
2026-07-31 10:09:11,605 WARNING persist_feature_snapshot failed for MS: IOException: IO Error: Cannot open file "C:\Project Y\data\ml_training.duckdb": The process cannot access the file because it is being used by another process.

File is already open in 
C:\Python312\python\python.exe (PID 14560)
2026-07-31 10:09:12,078 ERROR HTTP Error 401: {"finance":{"result":null,"error":{"code":"Unauthorized","description":"Invalid Crumb"}}}
2026-07-31 10:09:15,933 ERROR HTTP Error 401: {"finance":{"result":null,"error":{"code":"Unauthorized","description":"Invalid Crumb"}}}
2026-07-31 10:09:15,933 ERROR HTTP Error 401: {"finance":{"result":null,"error":{"code":"Unauthorized","description":"Invalid Crumb"}}}
2026-07-31 10:09:16,171 ERROR HTTP Error 401: {"finance":{"result":null,"error":{"code":"Unauthorized","description":"Invalid Crumb"}}}
2026-07-31 10:09:16,183 ERROR HTTP Error 401: {"finance":{"result":null,"error":{"code":"Unauthorized","description":"Invalid Crumb"}}}
2026-07-31 10:09:16,190 ERROR HTTP Error 401: {"finance":{"result":null,"error":{"code":"Unauthorized","description":"Invalid Crumb"}}}
2026-07-31 10:09:16,754 ERROR HTTP Error 401: {"finance":{"result":null,"error":{"code":"Unauthorized","description":"User is unable to access this feature - https://bit.ly/yahoo-finance-api-feedback"}}}
2026-07-31 10:09:16,917 ERROR HTTP Error 401: {"finance":{"result":null,"error":{"code":"Unauthorized","description":"User is unable to access this feature - https://bit.ly/yahoo-finance-api-feedback"}}}
2026-07-31 10:09:17,285 ERROR HTTP Error 401: {"finance":{"result":null,"error":{"code":"Unauthorized","description":"Invalid Crumb"}}}
2026-07-31 10:09:17,315 ERROR HTTP Error 401: {"finance":{"result":null,"error":{"code":"Unauthorized","description":"Invalid Crumb"}}}
2026-07-31 10:09:17,735 ERROR HTTP Error 401: {"finance":{"result":null,"error":{"code":"Unauthorized","description":"Invalid Crumb"}}}
2026-07-31 10:09:17,737 ERROR HTTP Error 401: {"finance":{"result":null,"error":{"code":"Unauthorized","description":"User is unable to access this feature - https://bit.ly/yahoo-finance-api-feedback"}}}
2026-07-31 10:09:17,738 ERROR HTTP Error 401: {"finance":{"result":null,"error":{"code":"Unauthorized","description":"Invalid Crumb"}}}
2026-07-31 10:09:25,834 ERROR HTTP Error 401: {"finance":{"result":null,"error":{"code":"Unauthorized","description":"Invalid Crumb"}}}
2026-07-31 10:09:29,143 ERROR HTTP Error 401: {"finance":{"result":null,"error":{"code":"Unauthorized","description":"Invalid Crumb"}}}
2026-07-31 10:09:31,469 ERROR HTTP Error 401: {"finance":{"result":null,"error":{"code":"Unauthorized","description":"Invalid Crumb"}}}
2026-07-31 10:09:33,469 ERROR HTTP Error 401: {"finance":{"result":null,"error":{"code":"Unauthorized","description":"Invalid Crumb"}}}
2026-07-31 10:09:37,078 ERROR HTTP Error 401: {"finance":{"result":null,"error":{"code":"Unauthorized","description":"Invalid Crumb"}}}
2026-07-31 10:09:39,451 ERROR HTTP Error 401: {"finance":{"result":null,"error":{"code":"Unauthorized","description":"Invalid Crumb"}}}
2026-07-31 10:09:45,511 ERROR HTTP Error 401: {"finance":{"result":null,"error":{"code":"Unauthorized","description":"Invalid Crumb"}}}
2026-07-31 10:09:50,335 ERROR HTTP Error 401: {"finance":{"result":null,"error":{"code":"Unauthorized","description":"Invalid Crumb"}}}
2026-07-31 10:09:50,658 ERROR HTTP Error 401: {"finance":{"result":null,"error":{"code":"Unauthorized","description":"Invalid Crumb"}}}
2026-07-31 10:09:50,688 ERROR HTTP Error 401: {"finance":{"result":null,"error":{"code":"Unauthorized","description":"Invalid Crumb"}}}
2026-07-31 10:09:53,436 ERROR HTTP Error 401: {"finance":{"result":null,"error":{"code":"Unauthorized","description":"Invalid Crumb"}}}
2026-07-31 10:09:57,324 ERROR HTTP Error 401: {"finance":{"result":null,"error":{"code":"Unauthorized","description":"Invalid Crumb"}}}
2026-07-31 10:09:59,481 ERROR HTTP Error 401: {"finance":{"result":null,"error":{"code":"Unauthorized","description":"Invalid Crumb"}}}
2026-07-31 10:10:04,846 ERROR HTTP Error 401: {"finance":{"result":null,"error":{"code":"Unauthorized","description":"Invalid Crumb"}}}
2026-07-31 10:10:07,529 ERROR HTTP Error 401: {"finance":{"result":null,"error":{"code":"Unauthorized","description":"Invalid Crumb"}}}
2026-07-31 10:10:10,347 ERROR HTTP Error 401: {"finance":{"result":null,"error":{"code":"Unauthorized","description":"Invalid Crumb"}}}
2026-07-31 10:10:10,753 WARNING persist_feature_snapshot failed for RTX: IOException: IO Error: Cannot open file "C:\Project Y\data\ml_training.duckdb": The process cannot access the file because it is being used by another process.

File is already open in 
C:\Python312\python\python.exe (PID 14560)
2026-07-31 10:10:11,306 WARNING persist_feature_snapshot failed for NEE: IOException: IO Error: Cannot open file "C:\Project Y\data\ml_training.duckdb": The process cannot access the file because it is being used by another process.

File is already open in 
C:\Python312\python\python.exe (PID 14560)
2026-07-31 10:10:11,528 WARNING persist_feature_snapshot failed for VST: IOException: IO Error: Cannot open file "C:\Project Y\data\ml_training.duckdb": The process cannot access the file because it is being used by another process.

File is already open in 
C:\Python312\python\python.exe (PID 14560)
2026-07-31 10:10:11,961 WARNING persist_feature_snapshot failed for FCX: IOException: IO Error: Cannot open file "C:\Project Y\data\ml_training.duckdb": The process cannot access the file because it is being used by another process.

File is already open in 
C:\Python312\python\python.exe (PID 14560)
2026-07-31 10:10:13,529 WARNING persist_feature_snapshot failed for COP: IOException: IO Error: Cannot open file "C:\Project Y\data\ml_training.duckdb": The process cannot access the file because it is being used by another process.

File is already open in 
C:\Python312\python\python.exe (PID 14560)
C:\Python312\python\python.exe (PID 14380)
2026-07-31 10:10:14,562 WARNING persist_feature_snapshot failed for NEM: IOException: IO Error: Cannot open file "C:\Project Y\data\ml_training.duckdb": The process cannot access the file because it is being used by another process.

File is already open in 
C:\Python312\python\python.exe (PID 14560)
2026-07-31 10:10:17,021 ERROR HTTP Error 401: {"finance":{"result":null,"error":{"code":"Unauthorized","description":"Invalid Crumb"}}}
2026-07-31 10:10:17,682 ERROR HTTP Error 401: {"finance":{"result":null,"error":{"code":"Unauthorized","description":"Invalid Crumb"}}}
2026-07-31 10:10:18,060 WARNING persist_feature_snapshot failed for AMT: IOException: IO Error: Cannot open file "C:\Project Y\data\ml_training.duckdb": The process cannot access the file because it is being used by another process.

File is already open in 
C:\Python312\python\python.exe (PID 14560)
2026-07-31 10:10:18,990 WARNING persist_feature_snapshot failed for CEG: IOException: IO Error: Cannot open file "C:\Project Y\data\ml_training.duckdb": The process cannot access the file because it is being used by another process.

File is already open in 
C:\Python312\python\python.exe (PID 14560)
2026-07-31 10:10:20,398 ERROR HTTP Error 401: {"finance":{"result":null,"error":{"code":"Unauthorized","description":"Invalid Crumb"}}}
2026-07-31 10:10:22,435 ERROR HTTP Error 401: {"finance":{"result":null,"error":{"code":"Unauthorized","description":"Invalid Crumb"}}}
2026-07-31 10:10:22,885 ERROR HTTP Error 401: {"finance":{"result":null,"error":{"code":"Unauthorized","description":"Invalid Crumb"}}}
2026-07-31 10:10:22,902 ERROR HTTP Error 401: {"finance":{"result":null,"error":{"code":"Unauthorized","description":"User is unable to access this feature - https://bit.ly/yahoo-finance-api-feedback"}}}
2026-07-31 10:10:22,910 ERROR HTTP Error 401: {"finance":{"result":null,"error":{"code":"Unauthorized","description":"Invalid Crumb"}}}
2026-07-31 10:10:24,565 ERROR HTTP Error 401: {"finance":{"result":null,"error":{"code":"Unauthorized","description":"Invalid Crumb"}}}
2026-07-31 10:10:25,504 WARNING persist_feature_snapshot failed for NEE: IOException: IO Error: Cannot open file "C:\Project Y\data\ml_training.duckdb": The process cannot access the file because it is being used by another process.

File is already open in 
C:\Python312\python\python.exe (PID 14560)
2026-07-31 10:10:26,859 WARNING persist_feature_snapshot failed for VST: IOException: IO Error: Cannot open file "C:\Project Y\data\ml_training.duckdb": The process cannot access the file because it is being used by another process.

File is already open in 
C:\Python312\python\python.exe (PID 14560)
2026-07-31 10:10:27,193 WARNING persist_feature_snapshot failed for FCX: IOException: IO Error: Cannot open file "C:\Project Y\data\ml_training.duckdb": The process cannot access the file because it is being used by another process.

File is already open in 
C:\Python312\python\python.exe (PID 14560)
2026-07-31 10:10:31,323 WARNING persist_feature_snapshot failed for EQIX: IOException: IO Error: Cannot open file "C:\Project Y\data\ml_training.duckdb": The process cannot access the file because it is being used by another process.

File is already open in 
C:\Python312\python\python.exe (PID 14560)
2026-07-31 10:10:31,406 ERROR HTTP Error 401: {"finance":{"result":null,"error":{"code":"Unauthorized","description":"Invalid Crumb"}}}
2026-07-31 10:10:32,107 WARNING persist_feature_snapshot failed for AMT: IOException: IO Error: Cannot open file "C:\Project Y\data\ml_training.duckdb": The process cannot access the file because it is being used by another process.

File is already open in 
C:\Python312\python\python.exe (PID 14560)
2026-07-31 10:10:32,656 ERROR HTTP Error 401: {"finance":{"result":null,"error":{"code":"Unauthorized","description":"Invalid Crumb"}}}
2026-07-31 10:10:32,666 ERROR HTTP Error 401: {"finance":{"result":null,"error":{"code":"Unauthorized","description":"Invalid Crumb"}}}
2026-07-31 10:10:33,604 WARNING persist_feature_snapshot failed for SOFI: IOException: IO Error: Cannot open file "C:\Project Y\data\ml_training.duckdb": The process cannot access the file because it is being used by another process.

File is already open in 
C:\Python312\python\python.exe (PID 14560)
2026-07-31 10:10:33,815 WARNING persist_feature_snapshot failed for NEM: IOException: IO Error: Cannot open file "C:\Project Y\data\ml_training.duckdb": The process cannot access the file because it is being used by another process.

File is already open in 
C:\Python312\python\python.exe (PID 14560)
2026-07-31 10:10:33,876 ERROR HTTP Error 401: {"finance":{"result":null,"error":{"code":"Unauthorized","description":"User is unable to access this feature - https://bit.ly/yahoo-finance-api-feedback"}}}
2026-07-31 10:10:34,099 ERROR HTTP Error 401: {"finance":{"result":null,"error":{"code":"Unauthorized","description":"Invalid Crumb"}}}
2026-07-31 10:10:34,677 ERROR HTTP Error 401: {"finance":{"result":null,"error":{"code":"Unauthorized","description":"Invalid Crumb"}}}
2026-07-31 10:10:34,990 ERROR HTTP Error 401: {"finance":{"result":null,"error":{"code":"Unauthorized","description":"User is unable to access this feature - https://bit.ly/yahoo-finance-api-feedback"}}}
2026-07-31 10:10:35,689 ERROR HTTP Error 401: {"finance":{"result":null,"error":{"code":"Unauthorized","description":"User is unable to access this feature - https://bit.ly/yahoo-finance-api-feedback"}}}
2026-07-31 10:10:35,692 ERROR HTTP Error 401: {"finance":{"result":null,"error":{"code":"Unauthorized","description":"Invalid Crumb"}}}
2026-07-31 10:10:35,693 ERROR HTTP Error 401: {"finance":{"result":null,"error":{"code":"Unauthorized","description":"Invalid Crumb"}}}
2026-07-31 10:10:36,725 ERROR HTTP Error 401: {"finance":{"result":null,"error":{"code":"Unauthorized","description":"Invalid Crumb"}}}
2026-07-31 10:10:36,919 ERROR HTTP Error 401: {"finance":{"result":null,"error":{"code":"Unauthorized","description":"Invalid Crumb"}}}
2026-07-31 10:10:37,122 ERROR HTTP Error 401: {"finance":{"result":null,"error":{"code":"Unauthorized","description":"Invalid Crumb"}}}
2026-07-31 10:10:38,790 ERROR HTTP Error 401: {"finance":{"result":null,"error":{"code":"Unauthorized","description":"Invalid Crumb"}}}
2026-07-31 10:10:38,995 WARNING persist_feature_snapshot failed for IWM: IOException: IO Error: Cannot open file "C:\Project Y\data\ml_training.duckdb": The process cannot access the file because it is being used by another process.

File is already open in 
C:\Python312\python\python.exe (PID 14560)
2026-07-31 10:10:40,489 WARNING persist_feature_snapshot failed for XLE: IOException: IO Error: Cannot open file "C:\Project Y\data\ml_training.duckdb": The process cannot access the file because it is being used by another process.

File is already open in 
C:\Python312\python\python.exe (PID 14560)
C:\Python312\python\python.exe (PID 14380)
2026-07-31 10:10:42,063 ERROR HTTP Error 401: {"finance":{"result":null,"error":{"code":"Unauthorized","description":"Invalid Crumb"}}}
2026-07-31 10:10:42,273 WARNING persist_feature_snapshot failed for EQIX: IOException: IO Error: Cannot open file "C:\Project Y\data\ml_training.duckdb": The process cannot access the file because it is being used by another process.

File is already open in 
C:\Python312\python\python.exe (PID 14560)
2026-07-31 10:10:42,465 WARNING persist_feature_snapshot failed for C: IOException: IO Error: Cannot open file "C:\Project Y\data\ml_training.duckdb": The process cannot access the file because it is being used by another process.

File is already open in 
C:\Python312\python\python.exe (PID 14560)
2026-07-31 10:10:42,657 WARNING persist_feature_snapshot failed for GLD: IOException: IO Error: Cannot open file "C:\Project Y\data\ml_training.duckdb": The process cannot access the file because it is being used by another process.

File is already open in 
C:\Python312\python\python.exe (PID 14560)
2026-07-31 10:10:44,628 WARNING persist_feature_snapshot failed for WFC: IOException: IO Error: Cannot open file "C:\Project Y\data\ml_training.duckdb": The process cannot access the file because it is being used by another process.

File is already open in 
C:\Python312\python\python.exe (PID 14560)
2026-07-31 10:10:45,561 WARNING persist_feature_snapshot failed for SOFI: IOException: IO Error: Cannot open file "C:\Project Y\data\ml_training.duckdb": The process cannot access the file because it is being used by another process.

File is already open in 
C:\Python312\python\python.exe (PID 14560)
2026-07-31 10:10:46,938 WARNING persist_feature_snapshot failed for SCHW: IOException: IO Error: Cannot open file "C:\Project Y\data\ml_training.duckdb": The process cannot access the file because it is being used by another process.

File is already open in 
C:\Python312\python\python.exe (PID 14560)
2026-07-31 10:10:50,332 ERROR HTTP Error 401: {"finance":{"result":null,"error":{"code":"Unauthorized","description":"Invalid Crumb"}}}
2026-07-31 10:10:50,435 ERROR HTTP Error 401: {"finance":{"result":null,"error":{"code":"Unauthorized","description":"Invalid Crumb"}}}
2026-07-31 10:10:51,586 ERROR HTTP Error 401: {"finance":{"result":null,"error":{"code":"Unauthorized","description":"Invalid Crumb"}}}
2026-07-31 10:10:51,970 ERROR HTTP Error 401: {"finance":{"result":null,"error":{"code":"Unauthorized","description":"Invalid Crumb"}}}
2026-07-31 10:10:52,417 ERROR HTTP Error 401: {"finance":{"result":null,"error":{"code":"Unauthorized","description":"Invalid Crumb"}}}
2026-07-31 10:10:52,682 ERROR HTTP Error 401: {"finance":{"result":null,"error":{"code":"Unauthorized","description":"Invalid Crumb"}}}
2026-07-31 10:10:52,825 ERROR HTTP Error 401: {"finance":{"result":null,"error":{"code":"Unauthorized","description":"Invalid Crumb"}}}
2026-07-31 10:10:52,832 ERROR HTTP Error 401: {"finance":{"result":null,"error":{"code":"Unauthorized","description":"Invalid Crumb"}}}
2026-07-31 10:10:53,180 WARNING persist_feature_snapshot failed for IWM: IOException: IO Error: Cannot open file "C:\Project Y\data\ml_training.duckdb": The process cannot access the file because it is being used by another process.

File is already open in 
C:\Python312\python\python.exe (PID 14560)
2026-07-31 10:10:57,730 WARNING persist_feature_snapshot failed for WFC: IOException: IO Error: Cannot open file "C:\Project Y\data\ml_training.duckdb": The process cannot access the file because it is being used by another process.

File is already open in 
C:\Python312\python\python.exe (PID 14560)
2026-07-31 10:10:57,935 WARNING persist_feature_snapshot failed for XLE: IOException: IO Error: Cannot open file "C:\Project Y\data\ml_training.duckdb": The process cannot access the file because it is being used by another process.

File is already open in 
C:\Python312\python\python.exe (PID 14560)
2026-07-31 10:11:01,715 WARNING persist_feature_snapshot failed for C: IOException: IO Error: Cannot open file "C:\Project Y\data\ml_training.duckdb": The process cannot access the file because it is being used by another process.

File is already open in 
C:\Python312\python\python.exe (PID 14560)
2026-07-31 10:11:02,145 ERROR HTTP Error 401: {"finance":{"result":null,"error":{"code":"Unauthorized","description":"Invalid Crumb"}}}
2026-07-31 10:11:02,517 WARNING persist_feature_snapshot failed for SCHW: IOException: IO Error: Cannot open file "C:\Project Y\data\ml_training.duckdb": The process cannot access the file because it is being used by another process.

File is already open in 
C:\Python312\python\python.exe (PID 14560)
2026-07-31 10:11:02,570 ERROR HTTP Error 401: {"finance":{"result":null,"error":{"code":"Unauthorized","description":"User is unable to access this feature - https://bit.ly/yahoo-finance-api-feedback"}}}
2026-07-31 10:11:02,886 WARNING persist_feature_snapshot failed for AXP: IOException: IO Error: Cannot open file "C:\Project Y\data\ml_training.duckdb": The process cannot access the file because it is being used by another process.

File is already open in 
C:\Python312\python\python.exe (PID 14560)
2026-07-31 10:11:03,393 WARNING persist_feature_snapshot failed for GLD: IOException: IO Error: Cannot open file "C:\Project Y\data\ml_training.duckdb": The process cannot access the file because it is being used by another process.

File is already open in 
C:\Python312\python\python.exe (PID 14560)
2026-07-31 10:11:04,058 WARNING persist_feature_snapshot failed for JNJ: IOException: IO Error: Cannot open file "C:\Project Y\data\ml_training.duckdb": The process cannot access the file because it is being used by another process.

File is already open in 
C:\Python312\python\python.exe (PID 14560)
2026-07-31 10:11:07,603 WARNING persist_feature_snapshot failed for TGT: IOException: IO Error: Cannot open file "C:\Project Y\data\ml_training.duckdb": The process cannot access the file because it is being used by another process.

File is already open in 
C:\Python312\python\python.exe (PID 14560)
2026-07-31 10:11:09,509 WARNING persist_feature_snapshot failed for LOW: IOException: IO Error: Cannot open file "C:\Project Y\data\ml_training.duckdb": The process cannot access the file because it is being used by another process.

File is already open in 
C:\Python312\python\python.exe (PID 14560)
2026-07-31 10:11:09,563 ERROR HTTP Error 401: {"finance":{"result":null,"error":{"code":"Unauthorized","description":"Invalid Crumb"}}}
2026-07-31 10:11:09,923 ERROR HTTP Error 401: {"finance":{"result":null,"error":{"code":"Unauthorized","description":"Invalid Crumb"}}}
2026-07-31 10:11:10,219 ERROR HTTP Error 401: {"finance":{"result":null,"error":{"code":"Unauthorized","description":"Invalid Crumb"}}}
2026-07-31 10:11:10,848 ERROR HTTP Error 401: {"finance":{"result":null,"error":{"code":"Unauthorized","description":"User is unable to access this feature - https://bit.ly/yahoo-finance-api-feedback"}}}
2026-07-31 10:11:11,090 ERROR HTTP Error 401: {"finance":{"result":null,"error":{"code":"Unauthorized","description":"Invalid Crumb"}}}
2026-07-31 10:11:11,224 ERROR HTTP Error 401: {"finance":{"result":null,"error":{"code":"Unauthorized","description":"Invalid Crumb"}}}
2026-07-31 10:11:12,464 ERROR HTTP Error 401: {"finance":{"result":null,"error":{"code":"Unauthorized","description":"Invalid Crumb"}}}
2026-07-31 10:11:12,466 ERROR HTTP Error 401: {"finance":{"result":null,"error":{"code":"Unauthorized","description":"Invalid Crumb"}}}
2026-07-31 10:11:13,180 ERROR HTTP Error 401: {"finance":{"result":null,"error":{"code":"Unauthorized","description":"User is unable to access this feature - https://bit.ly/yahoo-finance-api-feedback"}}}
2026-07-31 10:11:13,625 WARNING persist_feature_snapshot failed for UPS: IOException: IO Error: Cannot open file "C:\Project Y\data\ml_training.duckdb": The process cannot access the file because it is being used by another process.

File is already open in 
C:\Python312\python\python.exe (PID 14560)
2026-07-31 10:11:16,241 ERROR HTTP Error 401: {"finance":{"result":null,"error":{"code":"Unauthorized","description":"Invalid Crumb"}}}
2026-07-31 10:11:17,135 WARNING persist_feature_snapshot failed for FDX: ConnectionException: Connection Error: Can't open a connection to same database file with a different configuration than existing connections
2026-07-31 10:11:18,613 WARNING persist_feature_snapshot failed for JNJ: IOException: IO Error: Cannot open file "C:\Project Y\data\ml_training.duckdb": The process cannot access the file because it is being used by another process.

File is already open in 
C:\Python312\python\python.exe (PID 14560)
2026-07-31 10:11:19,259 WARNING persist_feature_snapshot failed for AXP: IOException: IO Error: Cannot open file "C:\Project Y\data\ml_training.duckdb": The process cannot access the file because it is being used by another process.

File is already open in 
C:\Python312\python\python.exe (PID 14560)
2026-07-31 10:11:19,329 ERROR HTTP Error 401: {"finance":{"result":null,"error":{"code":"Unauthorized","description":"Invalid Crumb"}}}
2026-07-31 10:11:19,579 WARNING persist_feature_snapshot failed for SLB: IOException: IO Error: Cannot open file "C:\Project Y\data\ml_training.duckdb": The process cannot access the file because it is being used by another process.

File is already open in 
C:\Python312\python\python.exe (PID 14560)
2026-07-31 10:11:19,896 WARNING persist_feature_snapshot failed for T: IOException: IO Error: Cannot open file "C:\Project Y\data\ml_training.duckdb": The process cannot access the file because it is being used by another process.

File is already open in 
C:\Python312\python\python.exe (PID 14560)
2026-07-31 10:11:20,824 WARNING persist_feature_snapshot failed for LOW: IOException: IO Error: Cannot open file "C:\Project Y\data\ml_training.duckdb": The process cannot access the file because it is being used by another process.

File is already open in 
C:\Python312\python\python.exe (PID 14560)
2026-07-31 10:11:21,733 WARNING persist_feature_snapshot failed for TGT: IOException: IO Error: Cannot open file "C:\Project Y\data\ml_training.duckdb": The process cannot access the file because it is being used by another process.

File is already open in 
C:\Python312\python\python.exe (PID 14560)
2026-07-31 10:11:22,446 WARNING persist_feature_snapshot failed for UPS: IOException: IO Error: Cannot open file "C:\Project Y\data\ml_training.duckdb": The process cannot access the file because it is being used by another process.

File is already open in 
C:\Python312\python\python.exe (PID 14560)
2026-07-31 10:11:25,051 ERROR HTTP Error 401: {"finance":{"result":null,"error":{"code":"Unauthorized","description":"Invalid Crumb"}}}
2026-07-31 10:11:25,507 ERROR HTTP Error 401: {"finance":{"result":null,"error":{"code":"Unauthorized","description":"Invalid Crumb"}}}
2026-07-31 10:11:25,536 ERROR HTTP Error 401: {"finance":{"result":null,"error":{"code":"Unauthorized","description":"User is unable to access this feature - https://bit.ly/yahoo-finance-api-feedback"}}}
2026-07-31 10:11:25,865 ERROR HTTP Error 401: {"finance":{"result":null,"error":{"code":"Unauthorized","description":"User is unable to access this feature - https://bit.ly/yahoo-finance-api-feedback"}}}
2026-07-31 10:11:25,871 ERROR HTTP Error 401: {"finance":{"result":null,"error":{"code":"Unauthorized","description":"Invalid Crumb"}}}
2026-07-31 10:11:27,425 WARNING persist_feature_snapshot failed for FDX: IOException: IO Error: Cannot open file "C:\Project Y\data\ml_training.duckdb": The process cannot access the file because it is being used by another process.

File is already open in 
C:\Python312\python\python.exe (PID 14560)
2026-07-31 10:11:28,922 WARNING persist_feature_snapshot failed for VZ: IOException: IO Error: Cannot open file "C:\Project Y\data\ml_training.duckdb": The process cannot access the file because it is being used by another process.

File is already open in 
C:\Python312\python\python.exe (PID 14560)
2026-07-31 10:11:29,867 WARNING persist_feature_snapshot failed for SLB: IOException: IO Error: Cannot open file "C:\Project Y\data\ml_training.duckdb": The process cannot access the file because it is being used by another process.

File is already open in 
C:\Python312\python\python.exe (PID 14560)
2026-07-31 10:11:29,984 WARNING persist_feature_snapshot failed for T: IOException: IO Error: Cannot open file "C:\Project Y\data\ml_training.duckdb": The process cannot access the file because it is being used by another process.

File is already open in 
C:\Python312\python\python.exe (PID 14560)
2026-07-31 10:11:30,083 ERROR HTTP Error 401: {"finance":{"result":null,"error":{"code":"Unauthorized","description":"Invalid Crumb"}}}
2026-07-31 10:11:35,678 WARNING persist_feature_snapshot failed for VZ: IOException: IO Error: Cannot open file "C:\Project Y\data\ml_training.duckdb": The process cannot access the file because it is being used by another process.

File is already open in 
C:\Python312\python\python.exe (PID 14560)
2026-07-31 10:11:37,092 INFO [gate:capital] TSM Call Debit Spread rejected — required $1650.00 > buying_power $1500.00 × 100% = $1500.00
2026-07-31 10:11:37,093 INFO [gate:capital] TSM Put Debit Spread rejected — required $2000.00 > buying_power $1500.00 × 100% = $1500.00
2026-07-31 10:11:37,095 INFO [gate:capital] TSM Diagonal Spread rejected — required $2210.00 > buying_power $1500.00 × 100% = $1500.00
2026-07-31 10:11:37,097 INFO [gate:capital] MSFT Put Debit Spread rejected — required $1790.00 > buying_power $1500.00 × 100% = $1500.00
2026-07-31 10:11:37,101 INFO [gate:capital] INTC Bear Combo rejected — required $1552.00 > buying_power $1500.00 × 100% = $1500.00
2026-07-31 10:11:37,103 INFO [gate:capital] LRCX Put Credit Spread rejected — required $1750.00 > buying_power $1500.00 × 100% = $1500.00
2026-07-31 10:11:37,104 INFO [gate:capital] LRCX Iron Butterfly rejected — required $2150.00 > buying_power $1500.00 × 100% = $1500.00
2026-07-31 10:11:37,106 INFO [gate:capital] LRCX Put Debit Spread rejected — required $2430.00 > buying_power $1500.00 × 100% = $1500.00
2026-07-31 10:11:37,107 INFO [gate:capital] LRCX Bear Combo rejected — required $7604.00 > buying_power $1500.00 × 100% = $1500.00
2026-07-31 10:11:37,108 INFO [gate:capital] LRCX Diagonal Spread rejected — required $2575.00 > buying_power $1500.00 × 100% = $1500.00
2026-07-31 10:11:37,111 INFO [gate:capital] LRCX Iron Butterfly rejected — required $2010.00 > buying_power $1500.00 × 100% = $1500.00
2026-07-31 10:11:37,112 INFO [gate:capital] LRCX Call Debit Spread rejected — required $1580.00 > buying_power $1500.00 × 100% = $1500.00
2026-07-31 10:11:37,112 INFO [gate:capital] LRCX Bear Combo rejected — required $2658.00 > buying_power $1500.00 × 100% = $1500.00
2026-07-31 10:11:37,112 INFO [gate:capital] CDNS Call Debit Spread rejected — required $1645.00 > buying_power $1500.00 × 100% = $1500.00
2026-07-31 10:11:37,112 INFO [gate:capital] SNPS Call Debit Spread rejected — required $1725.00 > buying_power $1500.00 × 100% = $1500.00
2026-07-31 10:11:37,112 INFO [gate:capital] SNPS Put Debit Spread rejected — required $2010.00 > buying_power $1500.00 × 100% = $1500.00
2026-07-31 10:11:37,112 INFO [gate:capital] TEAM Bear Combo rejected — required $2310.00 > buying_power $1500.00 × 100% = $1500.00
2026-07-31 10:11:37,112 INFO [gate:capital] TEAM Bear Combo rejected — required $1930.00 > buying_power $1500.00 × 100% = $1500.00
2026-07-31 10:11:37,127 INFO [gate:capital] APP Iron Butterfly rejected — required $3890.00 > buying_power $1500.00 × 100% = $1500.00
2026-07-31 10:11:37,127 INFO [gate:capital] APP Call Debit Spread rejected — required $2530.00 > buying_power $1500.00 × 100% = $1500.00
2026-07-31 10:11:37,127 INFO [gate:capital] APP Put Debit Spread rejected — required $3100.00 > buying_power $1500.00 × 100% = $1500.00
2026-07-31 10:11:37,127 INFO [gate:capital] APP Bear Combo rejected — required $5370.00 > buying_power $1500.00 × 100% = $1500.00
2026-07-31 10:11:37,127 INFO [gate:capital] APP Diagonal Spread rejected — required $3470.00 > buying_power $1500.00 × 100% = $1500.00
2026-07-31 10:11:37,147 INFO [gate:capital] APP Call Credit Spread rejected — required $4090.00 > buying_power $1500.00 × 100% = $1500.00
2026-07-31 10:11:37,148 INFO [gate:capital] APP Call Debit Spread rejected — required $2160.00 > buying_power $1500.00 × 100% = $1500.00
2026-07-31 10:11:37,149 INFO [gate:capital] APP Put Debit Spread rejected — required $2300.00 > buying_power $1500.00 × 100% = $1500.00
2026-07-31 10:11:37,151 INFO [gate:capital] APP Bear Combo rejected — required $5500.00 > buying_power $1500.00 × 100% = $1500.00
2026-07-31 10:11:37,156 INFO [gate:capital] MA Put Debit Spread rejected — required $1550.00 > buying_power $1500.00 × 100% = $1500.00
2026-07-31 10:11:37,161 INFO [gate:capital] GS Call Debit Spread rejected — required $4505.00 > buying_power $1500.00 × 100% = $1500.00
2026-07-31 10:11:37,163 INFO [gate:capital] GS Put Debit Spread rejected — required $2695.00 > buying_power $1500.00 × 100% = $1500.00
2026-07-31 10:11:37,165 INFO [gate:capital] GS Call Debit Spread rejected — required $2645.00 > buying_power $1500.00 × 100% = $1500.00
2026-07-31 10:11:37,167 INFO [gate:capital] GS Put Debit Spread rejected — required $2001.00 > buying_power $1500.00 × 100% = $1500.00
2026-07-31 10:11:37,170 INFO [gate:capital] VRT Bear Combo rejected — required $2531.00 > buying_power $1500.00 × 100% = $1500.00
2026-07-31 10:11:37,172 INFO [gate:capital] VRT Bear Combo rejected — required $1850.00 > buying_power $1500.00 × 100% = $1500.00
2026-07-31 10:11:37,181 INFO [gate:capital] EQIX Call Debit Spread rejected — required $4270.00 > buying_power $1500.00 × 100% = $1500.00
2026-07-31 10:11:37,186 INFO [filter] 1199 rejected, 50 survived — gate breakdown: {'expected_roi': 165, 'iv_edge': 100, 'ml_confidence': 361, 'strikes_incomplete': 327, 'min_profit': 84, 'no_ev_or_pop': 60, 'capital_feasibility': 35, 'liquidity': 67}
2026-07-31 10:11:37,187 INFO [filter] strikes_incomplete by structure: {'Short Straddle': 50, 'Short Strangle': 47, 'Jade Lizard': 46, 'Iron Condor': 32, 'Call Credit Spread': 30, 'Put Credit Spread': 24, 'Calendar Spread': 22, 'Diagonal Spread': 22, 'Put Debit Spread': 11, 'Call Debit Spread': 10, 'Iron Butterfly': 9, 'Bear Combo': 6, 'Financed Long Put': 5, 'Ratio Put Backspread': 4, 'Financed Long Call': 3, 'Ratio Call Backspread': 2, 'Covered Call': 2, 'Risk Reversal': 1, 'Long Strangle': 1}
2026-07-31 10:12:12,684 INFO Ranking: composite score (XGBRanker not trained)
2026-07-31 10:12:12,701 INFO [capital_rejected] 35 entries persisted to capital_rejected.jsonl
2026-07-31 10:12:12,950 WARNING option_chain(V, 2026-08-07) failed: Too Many Requests. Rate limited. Try after a while.
2026-07-31 10:12:13,312 WARNING option_chain(V, 2026-08-07) failed: Too Many Requests. Rate limited. Try after a while.
2026-07-31 10:12:13,420 INFO Paper trade #1: 20260731AM_V_CDS_1  credit=6.150  expiry=2026-08-07
2026-07-31 10:12:13,709 WARNING Failed to write training snapshot for 20260731AM_V_CDS_1: IO Error: Cannot open file "C:\Project Y\data\ml_training.duckdb": The process cannot access the file because it is being used by another process.

File is already open in 
C:\Python312\python\python.exe (PID 14560)
2026-07-31 10:12:13,885 WARNING option_chain(AAPL, 2026-08-07) failed: Too Many Requests. Rate limited. Try after a while.
2026-07-31 10:12:14,058 WARNING option_chain(AAPL, 2026-08-07) failed: Too Many Requests. Rate limited. Try after a while.
2026-07-31 10:12:14,408 INFO Paper trade #2: 20260731AM_AAPL_CDS_2  credit=8.780  expiry=2026-08-07
2026-07-31 10:12:14,614 WARNING Failed to write training snapshot for 20260731AM_AAPL_CDS_2: IO Error: Cannot open file "C:\Project Y\data\ml_training.duckdb": The process cannot access the file because it is being used by another process.

File is already open in 
C:\Python312\python\python.exe (PID 14560)
2026-07-31 10:12:14,761 WARNING option_chain(MSFT, 2026-08-07) failed: Too Many Requests. Rate limited. Try after a while.
2026-07-31 10:12:14,982 WARNING option_chain(MSFT, 2026-08-07) failed: Too Many Requests. Rate limited. Try after a while.
2026-07-31 10:12:14,990 WARNING [capital] Skipping MSFT Call Debit Spread — needs $714.00 but only $493.00 buying power available.
2026-07-31 10:12:15,172 WARNING option_chain(BAC, 2026-08-07) failed: Too Many Requests. Rate limited. Try after a while.
2026-07-31 10:12:15,350 WARNING option_chain(BAC, 2026-08-07) failed: Too Many Requests. Rate limited. Try after a while.
2026-07-31 10:12:15,533 INFO Paper trade #3: 20260731AM_BAC_PDS_3  credit=1.340  expiry=2026-08-07
2026-07-31 10:12:15,786 WARNING Failed to write training snapshot for 20260731AM_BAC_PDS_3: IO Error: Cannot open file "C:\Project Y\data\ml_training.duckdb": The process cannot access the file because it is being used by another process.

File is already open in 
C:\Python312\python\python.exe (PID 14560)
2026-07-31 10:12:16,166 WARNING Scan snapshot write failed for AMD: IO Error: Cannot open file "C:\Project Y\data\ml_training.duckdb": The process cannot access the file because it is being used by another process.

File is already open in 
C:\Python312\python\python.exe (PID 14560)
2026-07-31 10:12:16,302 WARNING Scan snapshot write failed for AMD: IO Error: Cannot open file "C:\Project Y\data\ml_training.duckdb": The process cannot access the file because it is being used by another process.

File is already open in 
C:\Python312\python\python.exe (PID 14560)
2026-07-31 10:12:16,421 WARNING Scan snapshot write failed for TQQQ: IO Error: Cannot open file "C:\Project Y\data\ml_training.duckdb": The process cannot access the file because it is being used by another process.

File is already open in 
C:\Python312\python\python.exe (PID 14560)
2026-07-31 10:12:16,536 WARNING Scan snapshot write failed for TQQQ: IO Error: Cannot open file "C:\Project Y\data\ml_training.duckdb": The process cannot access the file because it is being used by another process.

File is already open in 
C:\Python312\python\python.exe (PID 14560)
2026-07-31 10:12:16,668 WARNING Scan snapshot write failed for TSM: IO Error: Cannot open file "C:\Project Y\data\ml_training.duckdb": The process cannot access the file because it is being used by another process.

File is already open in 
C:\Python312\python\python.exe (PID 14560)
2026-07-31 10:12:16,781 WARNING Scan snapshot write failed for TSM: IO Error: Cannot open file "C:\Project Y\data\ml_training.duckdb": The process cannot access the file because it is being used by another process.

File is already open in 
C:\Python312\python\python.exe (PID 14560)
2026-07-31 10:12:16,904 WARNING Scan snapshot write failed for NVDA: IO Error: Cannot open file "C:\Project Y\data\ml_training.duckdb": The process cannot access the file because it is being used by another process.

File is already open in 
C:\Python312\python\python.exe (PID 14560)
2026-07-31 10:12:16,998 WARNING Scan snapshot write failed for NVDA: IO Error: Cannot open file "C:\Project Y\data\ml_training.duckdb": The process cannot access the file because it is being used by another process.

File is already open in 
C:\Python312\python\python.exe (PID 14560)
2026-07-31 10:12:17,102 WARNING Scan snapshot write failed for AVGO: IO Error: Cannot open file "C:\Project Y\data\ml_training.duckdb": The process cannot access the file because it is being used by another process.

File is already open in 
C:\Python312\python\python.exe (PID 14560)
2026-07-31 10:12:17,215 WARNING Scan snapshot write failed for AVGO: IO Error: Cannot open file "C:\Project Y\data\ml_training.duckdb": The process cannot access the file because it is being used by another process.

File is already open in 
C:\Python312\python\python.exe (PID 14560)
2026-07-31 10:12:17,311 WARNING Scan snapshot write failed for MSFT: IO Error: Cannot open file "C:\Project Y\data\ml_training.duckdb": The process cannot access the file because it is being used by another process.

File is already open in 
C:\Python312\python\python.exe (PID 14560)
2026-07-31 10:12:17,417 WARNING Scan snapshot write failed for MSFT: IO Error: Cannot open file "C:\Project Y\data\ml_training.duckdb": The process cannot access the file because it is being used by another process.

File is already open in 
C:\Python312\python\python.exe (PID 14560)
2026-07-31 10:12:17,675 WARNING Scan snapshot write failed for QQQ: IO Error: Cannot open file "C:\Project Y\data\ml_training.duckdb": The process cannot access the file because it is being used by another process.

File is already open in 
C:\Python312\python\python.exe (PID 14560)
2026-07-31 10:12:17,773 WARNING Scan snapshot write failed for QQQ: IO Error: Cannot open file "C:\Project Y\data\ml_training.duckdb": The process cannot access the file because it is being used by another process.

File is already open in 
C:\Python312\python\python.exe (PID 14560)
2026-07-31 10:12:17,968 WARNING Scan snapshot write failed for SPY: IO Error: Cannot open file "C:\Project Y\data\ml_training.duckdb": The process cannot access the file because it is being used by another process.

File is already open in 
C:\Python312\python\python.exe (PID 14560)
2026-07-31 10:12:18,159 WARNING Scan snapshot write failed for SPY: IO Error: Cannot open file "C:\Project Y\data\ml_training.duckdb": The process cannot access the file because it is being used by another process.

File is already open in 
C:\Python312\python\python.exe (PID 14560)
2026-07-31 10:12:18,365 WARNING Scan snapshot write failed for ARM: IO Error: Cannot open file "C:\Project Y\data\ml_training.duckdb": The process cannot access the file because it is being used by another process.

File is already open in 
C:\Python312\python\python.exe (PID 14560)
2026-07-31 10:12:18,890 WARNING Scan snapshot write failed for ARM: IO Error: Cannot open file "C:\Project Y\data\ml_training.duckdb": The process cannot access the file because it is being used by another process.

File is already open in 
C:\Python312\python\python.exe (PID 14560)
2026-07-31 10:12:20,328 WARNING Scan snapshot write failed for QCOM: IO Error: Cannot open file "C:\Project Y\data\ml_training.duckdb": The process cannot access the file because it is being used by another process.

File is already open in 
C:\Python312\python\python.exe (PID 14560)
2026-07-31 10:12:20,578 WARNING Scan snapshot write failed for QCOM: IO Error: Cannot open file "C:\Project Y\data\ml_training.duckdb": The process cannot access the file because it is being used by another process.

File is already open in 
C:\Python312\python\python.exe (PID 14560)
2026-07-31 10:12:20,713 WARNING Scan snapshot write failed for INTC: IO Error: Cannot open file "C:\Project Y\data\ml_training.duckdb": The process cannot access the file because it is being used by another process.

File is already open in 
C:\Python312\python\python.exe (PID 14560)
2026-07-31 10:12:20,847 WARNING Scan snapshot write failed for INTC: IO Error: Cannot open file "C:\Project Y\data\ml_training.duckdb": The process cannot access the file because it is being used by another process.

File is already open in 
C:\Python312\python\python.exe (PID 14560)
2026-07-31 10:12:21,070 WARNING Scan snapshot write failed for TXN: IO Error: Cannot open file "C:\Project Y\data\ml_training.duckdb": The process cannot access the file because it is being used by another process.

File is already open in 
C:\Python312\python\python.exe (PID 14560)
2026-07-31 10:12:21,272 WARNING Scan snapshot write failed for TXN: IO Error: Cannot open file "C:\Project Y\data\ml_training.duckdb": The process cannot access the file because it is being used by another process.

File is already open in 
C:\Python312\python\python.exe (PID 14560)
2026-07-31 10:12:21,503 WARNING Scan snapshot write failed for PLTR: IO Error: Cannot open file "C:\Project Y\data\ml_training.duckdb": The process cannot access the file because it is being used by another process.

File is already open in 
C:\Python312\python\python.exe (PID 14560)
2026-07-31 10:12:21,648 WARNING Scan snapshot write failed for PLTR: IO Error: Cannot open file "C:\Project Y\data\ml_training.duckdb": The process cannot access the file because it is being used by another process.

File is already open in 
C:\Python312\python\python.exe (PID 14560)
2026-07-31 10:12:21,727 WARNING Scan snapshot write failed for LRCX: IO Error: Cannot open file "C:\Project Y\data\ml_training.duckdb": The process cannot access the file because it is being used by another process.

File is already open in 
C:\Python312\python\python.exe (PID 14560)
2026-07-31 10:12:21,890 WARNING Scan snapshot write failed for LRCX: IO Error: Cannot open file "C:\Project Y\data\ml_training.duckdb": The process cannot access the file because it is being used by another process.

File is already open in 
C:\Python312\python\python.exe (PID 14560)
2026-07-31 10:12:22,000 WARNING Scan snapshot write failed for ASML: IO Error: Cannot open file "C:\Project Y\data\ml_training.duckdb": The process cannot access the file because it is being used by another process.

File is already open in 
C:\Python312\python\python.exe (PID 14560)
2026-07-31 10:12:22,132 WARNING Scan snapshot write failed for ASML: IO Error: Cannot open file "C:\Project Y\data\ml_training.duckdb": The process cannot access the file because it is being used by another process.

File is already open in 
C:\Python312\python\python.exe (PID 14560)
2026-07-31 10:12:22,298 WARNING Scan snapshot write failed for CDNS: IO Error: Cannot open file "C:\Project Y\data\ml_training.duckdb": The process cannot access the file because it is being used by another process.

File is already open in 
C:\Python312\python\python.exe (PID 14560)
2026-07-31 10:12:22,500 WARNING Scan snapshot write failed for CDNS: IO Error: Cannot open file "C:\Project Y\data\ml_training.duckdb": The process cannot access the file because it is being used by another process.

File is already open in 
C:\Python312\python\python.exe (PID 14560)
2026-07-31 10:12:22,697 WARNING Scan snapshot write failed for MU: IO Error: Cannot open file "C:\Project Y\data\ml_training.duckdb": The process cannot access the file because it is being used by another process.

File is already open in 
C:\Python312\python\python.exe (PID 14560)
2026-07-31 10:12:22,761 WARNING Scan snapshot write failed for MU: IO Error: Cannot open file "C:\Project Y\data\ml_training.duckdb": The process cannot access the file because it is being used by another process.

2026-07-31 10:12:22,968 WARNING Scan snapshot write failed for KLAC: IO Error: Cannot open file "C:\Project Y\data\ml_training.duckdb": The process cannot access the file because it is being used by another process.

File is already open in 
C:\Python312\python\python.exe (PID 14560)
2026-07-31 10:12:23,178 WARNING Scan snapshot write failed for SNPS: IO Error: Cannot open file "C:\Project Y\data\ml_training.duckdb": The process cannot access the file because it is being used by another process.

File is already open in 
C:\Python312\python\python.exe (PID 14560)
2026-07-31 10:12:23,368 WARNING Scan snapshot write failed for SNPS: IO Error: Cannot open file "C:\Project Y\data\ml_training.duckdb": The process cannot access the file because it is being used by another process.

File is already open in 
C:\Python312\python\python.exe (PID 14560)
2026-07-31 10:12:23,553 WARNING Scan snapshot write failed for SNOW: IO Error: Cannot open file "C:\Project Y\data\ml_training.duckdb": The process cannot access the file because it is being used by another process.

File is already open in 
C:\Python312\python\python.exe (PID 14560)
2026-07-31 10:12:23,741 WARNING Scan snapshot write failed for SNOW: IO Error: Cannot open file "C:\Project Y\data\ml_training.duckdb": The process cannot access the file because it is being used by another process.

File is already open in 
C:\Python312\python\python.exe (PID 14560)
2026-07-31 10:12:23,923 WARNING Scan snapshot write failed for ORCL: IO Error: Cannot open file "C:\Project Y\data\ml_training.duckdb": The process cannot access the file because it is being used by another process.

File is already open in 
C:\Python312\python\python.exe (PID 14560)
2026-07-31 10:12:24,039 WARNING Scan snapshot write failed for MDB: IO Error: Cannot open file "C:\Project Y\data\ml_training.duckdb": The process cannot access the file because it is being used by another process.

File is already open in 
C:\Python312\python\python.exe (PID 14560)
2026-07-31 10:12:24,219 WARNING Scan snapshot write failed for MDB: IO Error: Cannot open file "C:\Project Y\data\ml_training.duckdb": The process cannot access the file because it is being used by another process.

File is already open in 
C:\Python312\python\python.exe (PID 14560)
2026-07-31 10:12:24,360 WARNING Scan snapshot write failed for NOW: IO Error: Cannot open file "C:\Project Y\data\ml_training.duckdb": The process cannot access the file because it is being used by another process.

File is already open in 
C:\Python312\python\python.exe (PID 14560)
2026-07-31 10:12:24,514 WARNING Scan snapshot write failed for CRM: IO Error: Cannot open file "C:\Project Y\data\ml_training.duckdb": The process cannot access the file because it is being used by another process.

File is already open in 
C:\Python312\python\python.exe (PID 14560)
2026-07-31 10:12:24,633 WARNING Scan snapshot write failed for CRM: IO Error: Cannot open file "C:\Project Y\data\ml_training.duckdb": The process cannot access the file because it is being used by another process.

File is already open in 
C:\Python312\python\python.exe (PID 14560)
2026-07-31 10:12:24,770 WARNING Scan snapshot write failed for NET: IO Error: Cannot open file "C:\Project Y\data\ml_training.duckdb": The process cannot access the file because it is being used by another process.

File is already open in 
C:\Python312\python\python.exe (PID 14560)
2026-07-31 10:12:24,930 WARNING Scan snapshot write failed for NET: IO Error: Cannot open file "C:\Project Y\data\ml_training.duckdb": The process cannot access the file because it is being used by another process.

File is already open in 
C:\Python312\python\python.exe (PID 14560)
2026-07-31 10:12:25,049 WARNING Scan snapshot write failed for SAP: IO Error: Cannot open file "C:\Project Y\data\ml_training.duckdb": The process cannot access the file because it is being used by another process.

File is already open in 
C:\Python312\python\python.exe (PID 14560)
2026-07-31 10:12:25,257 WARNING Scan snapshot write failed for SAP: IO Error: Cannot open file "C:\Project Y\data\ml_training.duckdb": The process cannot access the file because it is being used by another process.

File is already open in 
C:\Python312\python\python.exe (PID 14560)
2026-07-31 10:12:25,413 WARNING Scan snapshot write failed for SPOT: IO Error: Cannot open file "C:\Project Y\data\ml_training.duckdb": The process cannot access the file because it is being used by another process.

File is already open in 
C:\Python312\python\python.exe (PID 14560)
2026-07-31 10:12:25,553 WARNING Scan snapshot write failed for SPOT: IO Error: Cannot open file "C:\Project Y\data\ml_training.duckdb": The process cannot access the file because it is being used by another process.

File is already open in 
C:\Python312\python\python.exe (PID 14560)
2026-07-31 10:12:25,712 WARNING Scan snapshot write failed for DIS: IO Error: Cannot open file "C:\Project Y\data\ml_training.duckdb": The process cannot access the file because it is being used by another process.

File is already open in 
C:\Python312\python\python.exe (PID 14560)
2026-07-31 10:12:25,864 WARNING Scan snapshot write failed for DIS: IO Error: Cannot open file "C:\Project Y\data\ml_training.duckdb": The process cannot access the file because it is being used by another process.

File is already open in 
C:\Python312\python\python.exe (PID 14560)
2026-07-31 10:12:26,016 WARNING Scan snapshot write failed for ADBE: IO Error: Cannot open file "C:\Project Y\data\ml_training.duckdb": The process cannot access the file because it is being used by another process.

File is already open in 
C:\Python312\python\python.exe (PID 14560)
2026-07-31 10:12:26,141 WARNING Scan snapshot write failed for ADBE: IO Error: Cannot open file "C:\Project Y\data\ml_training.duckdb": The process cannot access the file because it is being used by another process.

File is already open in 
C:\Python312\python\python.exe (PID 14560)
2026-07-31 10:12:26,235 WARNING Scan snapshot write failed for RGTI: IO Error: Cannot open file "C:\Project Y\data\ml_training.duckdb": The process cannot access the file because it is being used by another process.

File is already open in 
C:\Python312\python\python.exe (PID 14560)
2026-07-31 10:12:26,346 WARNING Scan snapshot write failed for RGTI: IO Error: Cannot open file "C:\Project Y\data\ml_training.duckdb": The process cannot access the file because it is being used by another process.

File is already open in 
C:\Python312\python\python.exe (PID 14560)
2026-07-31 10:12:26,497 WARNING Scan snapshot write failed for TEAM: IO Error: Cannot open file "C:\Project Y\data\ml_training.duckdb": The process cannot access the file because it is being used by another process.

File is already open in 
C:\Python312\python\python.exe (PID 14560)
2026-07-31 10:12:26,635 WARNING Scan snapshot write failed for TEAM: IO Error: Cannot open file "C:\Project Y\data\ml_training.duckdb": The process cannot access the file because it is being used by another process.

File is already open in 
C:\Python312\python\python.exe (PID 14560)
2026-07-31 10:12:26,743 WARNING Scan snapshot write failed for UBER: IO Error: Cannot open file "C:\Project Y\data\ml_training.duckdb": The process cannot access the file because it is being used by another process.

File is already open in 
C:\Python312\python\python.exe (PID 14560)
2026-07-31 10:12:26,858 WARNING Scan snapshot write failed for UBER: IO Error: Cannot open file "C:\Project Y\data\ml_training.duckdb": The process cannot access the file because it is being used by another process.

File is already open in 
C:\Python312\python\python.exe (PID 14560)
2026-07-31 10:12:26,977 WARNING Scan snapshot write failed for SHOP: IO Error: Cannot open file "C:\Project Y\data\ml_training.duckdb": The process cannot access the file because it is being used by another process.

File is already open in 
C:\Python312\python\python.exe (PID 14560)
2026-07-31 10:12:27,090 WARNING Scan snapshot write failed for SHOP: IO Error: Cannot open file "C:\Project Y\data\ml_training.duckdb": The process cannot access the file because it is being used by another process.

File is already open in 
C:\Python312\python\python.exe (PID 14560)
2026-07-31 10:12:27,228 WARNING Scan snapshot write failed for MELI: IO Error: Cannot open file "C:\Project Y\data\ml_training.duckdb": The process cannot access the file because it is being used by another process.

2026-07-31 10:12:27,443 WARNING Scan snapshot write failed for MELI: IO Error: Cannot open file "C:\Project Y\data\ml_training.duckdb": The process cannot access the file because it is being used by another process.

File is already open in 
C:\Python312\python\python.exe (PID 14560)
2026-07-31 10:12:27,581 WARNING Scan snapshot write failed for INTU: IO Error: Cannot open file "C:\Project Y\data\ml_training.duckdb": The process cannot access the file because it is being used by another process.

File is already open in 
C:\Python312\python\python.exe (PID 14560)
2026-07-31 10:12:27,946 WARNING Scan snapshot write failed for INTU: IO Error: Cannot open file "C:\Project Y\data\ml_training.duckdb": The process cannot access the file because it is being used by another process.

File is already open in 
C:\Python312\python\python.exe (PID 14560)
2026-07-31 10:12:28,312 WARNING Scan snapshot write failed for TMUS: IO Error: Cannot open file "C:\Project Y\data\ml_training.duckdb": The process cannot access the file because it is being used by another process.

File is already open in 
C:\Python312\python\python.exe (PID 14560)
2026-07-31 10:12:28,464 WARNING Scan snapshot write failed for TMUS: IO Error: Cannot open file "C:\Project Y\data\ml_training.duckdb": The process cannot access the file because it is being used by another process.

File is already open in 
C:\Python312\python\python.exe (PID 14560)
2026-07-31 10:12:29,509 WARNING Scan snapshot write failed for GOOGL: IO Error: Cannot open file "C:\Project Y\data\ml_training.duckdb": The process cannot access the file because it is being used by another process.

File is already open in 
C:\Python312\python\python.exe (PID 14560)
2026-07-31 10:12:29,704 WARNING Scan snapshot write failed for GOOGL: IO Error: Cannot open file "C:\Project Y\data\ml_training.duckdb": The process cannot access the file because it is being used by another process.

File is already open in 
C:\Python312\python\python.exe (PID 14560)
2026-07-31 10:12:29,830 WARNING Scan snapshot write failed for CVNA: IO Error: Cannot open file "C:\Project Y\data\ml_training.duckdb": The process cannot access the file because it is being used by another process.

File is already open in 
C:\Python312\python\python.exe (PID 14560)
2026-07-31 10:12:30,004 WARNING Scan snapshot write failed for NFLX: IO Error: Cannot open file "C:\Project Y\data\ml_training.duckdb": The process cannot access the file because it is being used by another process.

File is already open in 
C:\Python312\python\python.exe (PID 14560)
2026-07-31 10:12:30,162 WARNING Scan snapshot write failed for NFLX: IO Error: Cannot open file "C:\Project Y\data\ml_training.duckdb": The process cannot access the file because it is being used by another process.

File is already open in 
C:\Python312\python\python.exe (PID 14560)
2026-07-31 10:12:30,292 WARNING Scan snapshot write failed for APP: IO Error: Cannot open file "C:\Project Y\data\ml_training.duckdb": The process cannot access the file because it is being used by another process.

File is already open in 
C:\Python312\python\python.exe (PID 14560)
2026-07-31 10:12:30,453 WARNING Scan snapshot write failed for APP: IO Error: Cannot open file "C:\Project Y\data\ml_training.duckdb": The process cannot access the file because it is being used by another process.

File is already open in 
C:\Python312\python\python.exe (PID 14560)
2026-07-31 10:12:30,589 WARNING Scan snapshot write failed for TSLA: IO Error: Cannot open file "C:\Project Y\data\ml_training.duckdb": The process cannot access the file because it is being used by another process.

File is already open in 
C:\Python312\python\python.exe (PID 14560)
2026-07-31 10:12:30,843 WARNING Scan snapshot write failed for TSLA: IO Error: Cannot open file "C:\Project Y\data\ml_training.duckdb": The process cannot access the file because it is being used by another process.

File is already open in 
C:\Python312\python\python.exe (PID 14560)
2026-07-31 10:12:31,040 WARNING Scan snapshot write failed for AMZN: IO Error: Cannot open file "C:\Project Y\data\ml_training.duckdb": The process cannot access the file because it is being used by another process.

File is already open in 
C:\Python312\python\python.exe (PID 14560)
2026-07-31 10:12:31,278 WARNING Scan snapshot write failed for AMZN: IO Error: Cannot open file "C:\Project Y\data\ml_training.duckdb": The process cannot access the file because it is being used by another process.

File is already open in 
C:\Python312\python\python.exe (PID 14560)
2026-07-31 10:12:31,470 WARNING Scan snapshot write failed for LLY: IO Error: Cannot open file "C:\Project Y\data\ml_training.duckdb": The process cannot access the file because it is being used by another process.

File is already open in 
C:\Python312\python\python.exe (PID 14560)
2026-07-31 10:12:31,615 WARNING Scan snapshot write failed for LLY: IO Error: Cannot open file "C:\Project Y\data\ml_training.duckdb": The process cannot access the file because it is being used by another process.

File is already open in 
C:\Python312\python\python.exe (PID 14560)
2026-07-31 10:12:31,728 WARNING Scan snapshot write failed for META: IO Error: Cannot open file "C:\Project Y\data\ml_training.duckdb": The process cannot access the file because it is being used by another process.

File is already open in 
C:\Python312\python\python.exe (PID 14560)
2026-07-31 10:12:32,021 WARNING Scan snapshot write failed for META: IO Error: Cannot open file "C:\Project Y\data\ml_training.duckdb": The process cannot access the file because it is being used by another process.

File is already open in 
C:\Python312\python\python.exe (PID 14560)
2026-07-31 10:12:32,235 WARNING Scan snapshot write failed for NVO: IO Error: Cannot open file "C:\Project Y\data\ml_training.duckdb": The process cannot access the file because it is being used by another process.

File is already open in 
C:\Python312\python\python.exe (PID 14560)
2026-07-31 10:12:32,423 WARNING Scan snapshot write failed for NVO: IO Error: Cannot open file "C:\Project Y\data\ml_training.duckdb": The process cannot access the file because it is being used by another process.

File is already open in 
C:\Python312\python\python.exe (PID 14560)
2026-07-31 10:12:32,548 WARNING Scan snapshot write failed for ABBV: IO Error: Cannot open file "C:\Project Y\data\ml_training.duckdb": The process cannot access the file because it is being used by another process.

File is already open in 
C:\Python312\python\python.exe (PID 14560)
2026-07-31 10:12:32,673 WARNING Scan snapshot write failed for ABBV: IO Error: Cannot open file "C:\Project Y\data\ml_training.duckdb": The process cannot access the file because it is being used by another process.

File is already open in 
C:\Python312\python\python.exe (PID 14560)
2026-07-31 10:12:32,854 WARNING Scan snapshot write failed for ULTA: IO Error: Cannot open file "C:\Project Y\data\ml_training.duckdb": The process cannot access the file because it is being used by another process.

File is already open in 
C:\Python312\python\python.exe (PID 14560)
2026-07-31 10:12:32,901 WARNING Scan snapshot write failed for ULTA: IO Error: Cannot open file "C:\Project Y\data\ml_training.duckdb": The process cannot access the file because it is being used by another process.

2026-07-31 10:12:33,040 WARNING Scan snapshot write failed for NKE: IO Error: Cannot open file "C:\Project Y\data\ml_training.duckdb": The process cannot access the file because it is being used by another process.

File is already open in 
C:\Python312\python\python.exe (PID 14560)
2026-07-31 10:12:33,167 WARNING Scan snapshot write failed for NKE: IO Error: Cannot open file "C:\Project Y\data\ml_training.duckdb": The process cannot access the file because it is being used by another process.

File is already open in 
C:\Python312\python\python.exe (PID 14560)
2026-07-31 10:12:33,322 WARNING Scan snapshot write failed for AMGN: IO Error: Cannot open file "C:\Project Y\data\ml_training.duckdb": The process cannot access the file because it is being used by another process.

File is already open in 
C:\Python312\python\python.exe (PID 14560)
2026-07-31 10:12:33,499 WARNING Scan snapshot write failed for AMGN: IO Error: Cannot open file "C:\Project Y\data\ml_training.duckdb": The process cannot access the file because it is being used by another process.

File is already open in 
C:\Python312\python\python.exe (PID 14560)
2026-07-31 10:12:33,655 WARNING Scan snapshot write failed for COST: IO Error: Cannot open file "C:\Project Y\data\ml_training.duckdb": The process cannot access the file because it is being used by another process.

File is already open in 
C:\Python312\python\python.exe (PID 14560)
2026-07-31 10:12:33,806 WARNING Scan snapshot write failed for HD: IO Error: Cannot open file "C:\Project Y\data\ml_training.duckdb": The process cannot access the file because it is being used by another process.

File is already open in 
C:\Python312\python\python.exe (PID 14560)
2026-07-31 10:12:33,895 WARNING Scan snapshot write failed for HD: IO Error: Cannot open file "C:\Project Y\data\ml_training.duckdb": The process cannot access the file because it is being used by another process.

File is already open in 
C:\Python312\python\python.exe (PID 14560)
2026-07-31 10:12:34,060 WARNING Scan snapshot write failed for BRK-B: IO Error: Cannot open file "C:\Project Y\data\ml_training.duckdb": The process cannot access the file because it is being used by another process.

File is already open in 
C:\Python312\python\python.exe (PID 14560)
2026-07-31 10:12:34,395 WARNING Scan snapshot write failed for BRK-B: IO Error: Cannot open file "C:\Project Y\data\ml_training.duckdb": The process cannot access the file because it is being used by another process.

File is already open in 
C:\Python312\python\python.exe (PID 14560)
2026-07-31 10:12:34,592 WARNING Scan snapshot write failed for PG: IO Error: Cannot open file "C:\Project Y\data\ml_training.duckdb": The process cannot access the file because it is being used by another process.

File is already open in 
C:\Python312\python\python.exe (PID 14560)
2026-07-31 10:12:34,763 WARNING Scan snapshot write failed for PG: IO Error: Cannot open file "C:\Project Y\data\ml_training.duckdb": The process cannot access the file because it is being used by another process.

File is already open in 
C:\Python312\python\python.exe (PID 14560)
2026-07-31 10:12:34,919 WARNING Scan snapshot write failed for WMT: IO Error: Cannot open file "C:\Project Y\data\ml_training.duckdb": The process cannot access the file because it is being used by another process.

File is already open in 
C:\Python312\python\python.exe (PID 14560)
2026-07-31 10:12:35,018 WARNING Scan snapshot write failed for WMT: IO Error: Cannot open file "C:\Project Y\data\ml_training.duckdb": The process cannot access the file because it is being used by another process.

File is already open in 
C:\Python312\python\python.exe (PID 14560)
2026-07-31 10:12:35,058 WARNING Scan snapshot write failed for MA: IO Error: Cannot open file "C:\Project Y\data\ml_training.duckdb": The process cannot access the file because it is being used by another process.

2026-07-31 10:12:35,218 WARNING Scan snapshot write failed for UNH: IO Error: Cannot open file "C:\Project Y\data\ml_training.duckdb": The process cannot access the file because it is being used by another process.

File is already open in 
C:\Python312\python\python.exe (PID 14560)
2026-07-31 10:12:35,351 WARNING Scan snapshot write failed for UNH: IO Error: Cannot open file "C:\Project Y\data\ml_training.duckdb": The process cannot access the file because it is being used by another process.

File is already open in 
C:\Python312\python\python.exe (PID 14560)
2026-07-31 10:12:35,574 WARNING Scan snapshot write failed for ISRG: IO Error: Cannot open file "C:\Project Y\data\ml_training.duckdb": The process cannot access the file because it is being used by another process.

File is already open in 
C:\Python312\python\python.exe (PID 14560)
2026-07-31 10:12:35,755 WARNING Scan snapshot write failed for ISRG: IO Error: Cannot open file "C:\Project Y\data\ml_training.duckdb": The process cannot access the file because it is being used by another process.

File is already open in 
C:\Python312\python\python.exe (PID 14560)
2026-07-31 10:12:35,946 WARNING Scan snapshot write failed for BSX: IO Error: Cannot open file "C:\Project Y\data\ml_training.duckdb": The process cannot access the file because it is being used by another process.

File is already open in 
C:\Python312\python\python.exe (PID 14560)
2026-07-31 10:12:36,069 WARNING Scan snapshot write failed for BSX: IO Error: Cannot open file "C:\Project Y\data\ml_training.duckdb": The process cannot access the file because it is being used by another process.

File is already open in 
C:\Python312\python\python.exe (PID 14560)
2026-07-31 10:12:36,161 WARNING Scan snapshot write failed for ETN: IO Error: Cannot open file "C:\Project Y\data\ml_training.duckdb": The process cannot access the file because it is being used by another process.

File is already open in 
C:\Python312\python\python.exe (PID 14560)
2026-07-31 10:12:36,285 WARNING Scan snapshot write failed for ETN: IO Error: Cannot open file "C:\Project Y\data\ml_training.duckdb": The process cannot access the file because it is being used by another process.

File is already open in 
C:\Python312\python\python.exe (PID 14560)
2026-07-31 10:12:36,398 WARNING Scan snapshot write failed for CAT: IO Error: Cannot open file "C:\Project Y\data\ml_training.duckdb": The process cannot access the file because it is being used by another process.

File is already open in 
C:\Python312\python\python.exe (PID 14560)
2026-07-31 10:12:36,503 WARNING Scan snapshot write failed for CAT: IO Error: Cannot open file "C:\Project Y\data\ml_training.duckdb": The process cannot access the file because it is being used by another process.

File is already open in 
C:\Python312\python\python.exe (PID 14560)
2026-07-31 10:12:36,624 WARNING Scan snapshot write failed for MS: IO Error: Cannot open file "C:\Project Y\data\ml_training.duckdb": The process cannot access the file because it is being used by another process.

File is already open in 
C:\Python312\python\python.exe (PID 14560)
2026-07-31 10:12:37,332 WARNING Scan snapshot write failed for MS: IO Error: Cannot open file "C:\Project Y\data\ml_training.duckdb": The process cannot access the file because it is being used by another process.

2026-07-31 10:12:37,565 WARNING Scan snapshot write failed for GS: IO Error: Cannot open file "C:\Project Y\data\ml_training.duckdb": The process cannot access the file because it is being used by another process.

File is already open in 
C:\Python312\python\python.exe (PID 14560)
2026-07-31 10:12:37,688 WARNING Scan snapshot write failed for GS: IO Error: Cannot open file "C:\Project Y\data\ml_training.duckdb": The process cannot access the file because it is being used by another process.

File is already open in 
C:\Python312\python\python.exe (PID 14560)
2026-07-31 10:12:37,836 WARNING Scan snapshot write failed for XOM: IO Error: Cannot open file "C:\Project Y\data\ml_training.duckdb": The process cannot access the file because it is being used by another process.

File is already open in 
C:\Python312\python\python.exe (PID 14560)
2026-07-31 10:12:37,999 WARNING Scan snapshot write failed for XOM: IO Error: Cannot open file "C:\Project Y\data\ml_training.duckdb": The process cannot access the file because it is being used by another process.

File is already open in 
C:\Python312\python\python.exe (PID 14560)
2026-07-31 10:12:38,202 WARNING Scan snapshot write failed for JPM: IO Error: Cannot open file "C:\Project Y\data\ml_training.duckdb": The process cannot access the file because it is being used by another process.

File is already open in 
C:\Python312\python\python.exe (PID 14560)
2026-07-31 10:12:38,318 WARNING Scan snapshot write failed for JPM: IO Error: Cannot open file "C:\Project Y\data\ml_training.duckdb": The process cannot access the file because it is being used by another process.

File is already open in 
C:\Python312\python\python.exe (PID 14560)
2026-07-31 10:12:38,514 WARNING Scan snapshot write failed for CVX: IO Error: Cannot open file "C:\Project Y\data\ml_training.duckdb": The process cannot access the file because it is being used by another process.

File is already open in 
C:\Python312\python\python.exe (PID 14560)
2026-07-31 10:12:38,665 WARNING Scan snapshot write failed for CVX: IO Error: Cannot open file "C:\Project Y\data\ml_training.duckdb": The process cannot access the file because it is being used by another process.

File is already open in 
C:\Python312\python\python.exe (PID 14560)
2026-07-31 10:12:38,804 WARNING Scan snapshot write failed for GE: IO Error: Cannot open file "C:\Project Y\data\ml_training.duckdb": The process cannot access the file because it is being used by another process.

File is already open in 
C:\Python312\python\python.exe (PID 14560)
2026-07-31 10:12:38,918 WARNING Scan snapshot write failed for GE: IO Error: Cannot open file "C:\Project Y\data\ml_training.duckdb": The process cannot access the file because it is being used by another process.

File is already open in 
C:\Python312\python\python.exe (PID 14560)
2026-07-31 10:12:39,050 WARNING Scan snapshot write failed for OXY: IO Error: Cannot open file "C:\Project Y\data\ml_training.duckdb": The process cannot access the file because it is being used by another process.

File is already open in 
C:\Python312\python\python.exe (PID 14560)
2026-07-31 10:12:39,218 WARNING Scan snapshot write failed for OXY: IO Error: Cannot open file "C:\Project Y\data\ml_training.duckdb": The process cannot access the file because it is being used by another process.

File is already open in 
C:\Python312\python\python.exe (PID 14560)
2026-07-31 10:12:39,321 WARNING Scan snapshot write failed for HON: IO Error: Cannot open file "C:\Project Y\data\ml_training.duckdb": The process cannot access the file because it is being used by another process.

File is already open in 
C:\Python312\python\python.exe (PID 14560)
2026-07-31 10:12:39,492 WARNING Scan snapshot write failed for HON: IO Error: Cannot open file "C:\Project Y\data\ml_training.duckdb": The process cannot access the file because it is being used by another process.

File is already open in 
C:\Python312\python\python.exe (PID 14560)
2026-07-31 10:12:39,756 WARNING Scan snapshot write failed for VRT: IO Error: Cannot open file "C:\Project Y\data\ml_training.duckdb": The process cannot access the file because it is being used by another process.

File is already open in 
C:\Python312\python\python.exe (PID 14560)
2026-07-31 10:12:39,878 WARNING Scan snapshot write failed for VRT: IO Error: Cannot open file "C:\Project Y\data\ml_training.duckdb": The process cannot access the file because it is being used by another process.

File is already open in 
C:\Python312\python\python.exe (PID 14560)
2026-07-31 10:12:40,002 WARNING Scan snapshot write failed for DE: IO Error: Cannot open file "C:\Project Y\data\ml_training.duckdb": The process cannot access the file because it is being used by another process.

File is already open in 
C:\Python312\python\python.exe (PID 14560)
2026-07-31 10:12:40,152 WARNING Scan snapshot write failed for DE: IO Error: Cannot open file "C:\Project Y\data\ml_training.duckdb": The process cannot access the file because it is being used by another process.

File is already open in 
C:\Python312\python\python.exe (PID 14560)
2026-07-31 10:12:40,292 WARNING Scan snapshot write failed for RTX: IO Error: Cannot open file "C:\Project Y\data\ml_training.duckdb": The process cannot access the file because it is being used by another process.

File is already open in 
C:\Python312\python\python.exe (PID 14560)
2026-07-31 10:12:40,425 WARNING Scan snapshot write failed for RTX: IO Error: Cannot open file "C:\Project Y\data\ml_training.duckdb": The process cannot access the file because it is being used by another process.

File is already open in 
C:\Python312\python\python.exe (PID 14560)
2026-07-31 10:12:40,545 WARNING Scan snapshot write failed for CEG: IO Error: Cannot open file "C:\Project Y\data\ml_training.duckdb": The process cannot access the file because it is being used by another process.

File is already open in 
C:\Python312\python\python.exe (PID 14560)
2026-07-31 10:12:40,717 WARNING Scan snapshot write failed for CEG: IO Error: Cannot open file "C:\Project Y\data\ml_training.duckdb": The process cannot access the file because it is being used by another process.

File is already open in 
C:\Python312\python\python.exe (PID 14560)
2026-07-31 10:12:40,834 WARNING Scan snapshot write failed for NEE: IO Error: Cannot open file "C:\Project Y\data\ml_training.duckdb": The process cannot access the file because it is being used by another process.

File is already open in 
C:\Python312\python\python.exe (PID 14560)
2026-07-31 10:12:40,945 WARNING Scan snapshot write failed for NEE: IO Error: Cannot open file "C:\Project Y\data\ml_training.duckdb": The process cannot access the file because it is being used by another process.

File is already open in 
C:\Python312\python\python.exe (PID 14560)
2026-07-31 10:12:41,098 WARNING Scan snapshot write failed for VST: IO Error: Cannot open file "C:\Project Y\data\ml_training.duckdb": The process cannot access the file because it is being used by another process.

File is already open in 
C:\Python312\python\python.exe (PID 14560)
2026-07-31 10:12:41,237 WARNING Scan snapshot write failed for VST: IO Error: Cannot open file "C:\Project Y\data\ml_training.duckdb": The process cannot access the file because it is being used by another process.

File is already open in 
C:\Python312\python\python.exe (PID 14560)
2026-07-31 10:12:41,390 WARNING Scan snapshot write failed for FCX: IO Error: Cannot open file "C:\Project Y\data\ml_training.duckdb": The process cannot access the file because it is being used by another process.

File is already open in 
C:\Python312\python\python.exe (PID 14560)
2026-07-31 10:12:41,499 WARNING Scan snapshot write failed for FCX: IO Error: Cannot open file "C:\Project Y\data\ml_training.duckdb": The process cannot access the file because it is being used by another process.

File is already open in 
C:\Python312\python\python.exe (PID 14560)
2026-07-31 10:14:07,280 INFO [scan_morning] scan snapshots: 44 saved, 5 skipped (opened), 144 errors
2026-07-31 10:14:07,280 INFO Scan snapshots: 44 saved, 5 skipped
2026-08-03 10:00:45,076 WARNING [warmup] E*TRADE not authenticated — option chains will fall back to yfinance
2026-08-03 10:00:45,164 INFO ml_cache disk file is stale (253564s) — trying DuckDB
2026-08-03 10:00:45,380 INFO ml_cache loaded from DuckDB fallback: 83 tickers
2026-08-03 10:00:45,438 INFO [prefetch] step 1 — batch daily history for 102 tickers
2026-08-03 10:01:01,969 INFO [prefetch] daily history done: 102 ok, 0 fail  (16.5s)
2026-08-03 10:01:01,969 INFO [prefetch] step 2 — batch weekly history for 101 tickers
2026-08-03 10:01:16,895 INFO [prefetch] weekly history done: 101 ok, 0 fail  (31.5s)
2026-08-03 10:01:16,899 INFO [prefetch] step 3+4 — expirations + chains for 101 tickers (serial)
2026-08-03 10:02:21,956 INFO [prefetch] done in 97s — hist 102/102, weekly 101/101, exps 101/101, chains 220 (fail 0)
2026-08-03 10:02:21,956 INFO [scan] cache ready — 524 total keys, 220 chain keys
2026-08-03 10:02:23,233 ERROR HTTP Error 404: {"quoteSummary":{"result":null,"error":{"code":"Not Found","description":"No fundamentals data found for symbol: TQQQ"}}}
2026-08-03 10:02:23,662 ERROR HTTP Error 404: {"quoteSummary":{"result":null,"error":{"code":"Not Found","description":"No fundamentals data found for symbol: TQQQ"}}}
2026-08-03 10:02:23,958 ERROR HTTP Error 404: {"quoteSummary":{"result":null,"error":{"code":"Not Found","description":"No fundamentals data found for symbol: SPY"}}}
2026-08-03 10:02:24,005 ERROR HTTP Error 404: {"quoteSummary":{"result":null,"error":{"code":"Not Found","description":"No fundamentals data found for symbol: QQQ"}}}
2026-08-03 10:02:24,400 ERROR HTTP Error 404: {"quoteSummary":{"result":null,"error":{"code":"Not Found","description":"No fundamentals data found for symbol: SPY"}}}
2026-08-03 10:02:24,641 ERROR HTTP Error 404: {"quoteSummary":{"result":null,"error":{"code":"Not Found","description":"No fundamentals data found for symbol: QQQ"}}}
2026-08-03 10:02:36,673 ERROR HTTP Error 404: {"quoteSummary":{"result":null,"error":{"code":"Not Found","description":"No fundamentals data found for symbol: QQQ"}}}
2026-08-03 10:02:37,014 ERROR HTTP Error 404: {"quoteSummary":{"result":null,"error":{"code":"Not Found","description":"No fundamentals data found for symbol: QQQ"}}}
2026-08-03 10:02:40,945 WARNING persist_feature_snapshot failed for TSM: ConnectionException: Connection Error: Can't open a connection to same database file with a different configuration than existing connections
2026-08-03 10:02:41,579 ERROR HTTP Error 401: {"finance":{"result":null,"error":{"code":"Unauthorized","description":"Invalid Crumb"}}}
2026-08-03 10:02:45,982 ERROR HTTP Error 404: {"quoteSummary":{"result":null,"error":{"code":"Not Found","description":"No fundamentals data found for symbol: TQQQ"}}}
2026-08-03 10:02:46,544 ERROR HTTP Error 404: {"quoteSummary":{"result":null,"error":{"code":"Not Found","description":"No fundamentals data found for symbol: TQQQ"}}}
2026-08-03 10:02:51,748 ERROR HTTP Error 404: {"quoteSummary":{"result":null,"error":{"code":"Not Found","description":"No fundamentals data found for symbol: SPY"}}}
2026-08-03 10:02:52,068 ERROR HTTP Error 404: {"quoteSummary":{"result":null,"error":{"code":"Not Found","description":"No fundamentals data found for symbol: SPY"}}}
2026-08-03 10:03:46,555 ERROR HTTP Error 401: {"finance":{"result":null,"error":{"code":"Unauthorized","description":"Invalid Crumb"}}}
2026-08-03 10:03:53,795 ERROR HTTP Error 401: {"finance":{"result":null,"error":{"code":"Unauthorized","description":"Invalid Crumb"}}}
2026-08-03 10:03:53,800 ERROR HTTP Error 401: {"finance":{"result":null,"error":{"code":"Unauthorized","description":"Invalid Crumb"}}}
2026-08-03 10:04:58,053 ERROR HTTP Error 401: {"finance":{"result":null,"error":{"code":"Unauthorized","description":"User is unable to access this feature - https://bit.ly/yahoo-finance-api-feedback"}}}
2026-08-03 10:05:06,566 ERROR HTTP Error 401: {"finance":{"result":null,"error":{"code":"Unauthorized","description":"Invalid Crumb"}}}
2026-08-03 10:05:09,341 WARNING persist_feature_snapshot failed for NKE: ConnectionException: Connection Error: Can't open a connection to same database file with a different configuration than existing connections
2026-08-03 10:05:43,134 ERROR HTTP Error 401: {"finance":{"result":null,"error":{"code":"Unauthorized","description":"Invalid Crumb"}}}
2026-08-03 10:05:52,410 WARNING persist_feature_snapshot failed for PG: ConnectionException: Connection Error: Can't open a connection to same database file with a different configuration than existing connections
2026-08-03 10:06:14,189 WARNING persist_feature_snapshot failed for GE: IOException: IO Error: Cannot open file "C:\Project Y\data\ml_training.duckdb": The process cannot access the file because it is being used by another process.

File is already open in 
C:\Python312\python\python.exe (PID 7568)
2026-08-03 10:06:18,027 WARNING persist_feature_snapshot failed for VRT: IOException: IO Error: Cannot open file "C:\Project Y\data\ml_training.duckdb": The process cannot access the file because it is being used by another process.

File is already open in 
C:\Python312\python\python.exe (PID 7568)
2026-08-03 10:06:54,642 ERROR HTTP Error 401: {"finance":{"result":null,"error":{"code":"Unauthorized","description":"Invalid Crumb"}}}
2026-08-03 10:07:08,137 ERROR HTTP Error 404: {"quoteSummary":{"result":null,"error":{"code":"Not Found","description":"No fundamentals data found for symbol: IWM"}}}
2026-08-03 10:07:08,610 ERROR HTTP Error 404: {"quoteSummary":{"result":null,"error":{"code":"Not Found","description":"No fundamentals data found for symbol: IWM"}}}
2026-08-03 10:07:09,695 ERROR HTTP Error 404: {"quoteSummary":{"result":null,"error":{"code":"Not Found","description":"No fundamentals data found for symbol: GLD"}}}
2026-08-03 10:07:10,118 ERROR HTTP Error 404: {"quoteSummary":{"result":null,"error":{"code":"Not Found","description":"No fundamentals data found for symbol: GLD"}}}
2026-08-03 10:07:12,707 ERROR HTTP Error 404: {"quoteSummary":{"result":null,"error":{"code":"Not Found","description":"No fundamentals data found for symbol: XLE"}}}
2026-08-03 10:07:13,273 ERROR HTTP Error 404: {"quoteSummary":{"result":null,"error":{"code":"Not Found","description":"No fundamentals data found for symbol: XLE"}}}
2026-08-03 10:07:21,945 ERROR HTTP Error 401: {"finance":{"result":null,"error":{"code":"Unauthorized","description":"Invalid Crumb"}}}
2026-08-03 10:07:23,990 ERROR HTTP Error 404: {"quoteSummary":{"result":null,"error":{"code":"Not Found","description":"No fundamentals data found for symbol: IWM"}}}
2026-08-03 10:07:24,312 ERROR HTTP Error 404: {"quoteSummary":{"result":null,"error":{"code":"Not Found","description":"No fundamentals data found for symbol: IWM"}}}
2026-08-03 10:07:26,867 ERROR HTTP Error 404: {"quoteSummary":{"result":null,"error":{"code":"Not Found","description":"No fundamentals data found for symbol: GLD"}}}
2026-08-03 10:07:27,150 ERROR HTTP Error 404: {"quoteSummary":{"result":null,"error":{"code":"Not Found","description":"No fundamentals data found for symbol: GLD"}}}
2026-08-03 10:07:30,405 ERROR HTTP Error 401: {"finance":{"result":null,"error":{"code":"Unauthorized","description":"Invalid Crumb"}}}
2026-08-03 10:07:30,408 ERROR HTTP Error 401: {"finance":{"result":null,"error":{"code":"Unauthorized","description":"Invalid Crumb"}}}
2026-08-03 10:07:32,288 ERROR HTTP Error 404: {"quoteSummary":{"result":null,"error":{"code":"Not Found","description":"No fundamentals data found for symbol: XLE"}}}
2026-08-03 10:07:32,593 ERROR HTTP Error 404: {"quoteSummary":{"result":null,"error":{"code":"Not Found","description":"No fundamentals data found for symbol: XLE"}}}
2026-08-03 10:07:48,760 WARNING persist_feature_snapshot failed for XLE: IOException: IO Error: Cannot open file "C:\Project Y\data\ml_training.duckdb": The process cannot access the file because it is being used by another process.

File is already open in 
C:\Python312\python\python.exe (PID 7568)
2026-08-03 10:07:49,314 WARNING persist_feature_snapshot failed for WFC: IOException: IO Error: Cannot open file "C:\Project Y\data\ml_training.duckdb": The process cannot access the file because it is being used by another process.

File is already open in 
C:\Python312\python\python.exe (PID 7568)
2026-08-03 10:08:13,990 ERROR HTTP Error 401: {"finance":{"result":null,"error":{"code":"Unauthorized","description":"Invalid Crumb"}}}
2026-08-03 10:08:28,205 INFO [gate:capital] TSM Call Debit Spread rejected — required $2290.00 > buying_power $1500.00 × 100% = $1500.00
2026-08-03 10:08:28,205 INFO [gate:capital] TSM Put Debit Spread rejected — required $2065.00 > buying_power $1500.00 × 100% = $1500.00
2026-08-03 10:08:28,205 INFO [gate:capital] TSM Diagonal Spread rejected — required $2510.00 > buying_power $1500.00 × 100% = $1500.00
2026-08-03 10:08:28,212 INFO [gate:capital] MSFT Call Debit Spread rejected — required $1777.00 > buying_power $1500.00 × 100% = $1500.00
2026-08-03 10:08:28,212 INFO [gate:capital] AVGO Call Debit Spread rejected — required $2390.00 > buying_power $1500.00 × 100% = $1500.00
2026-08-03 10:08:28,212 INFO [gate:capital] AVGO Put Debit Spread rejected — required $3410.00 > buying_power $1500.00 × 100% = $1500.00
2026-08-03 10:08:28,212 INFO [gate:capital] AVGO Diagonal Spread rejected — required $2700.00 > buying_power $1500.00 × 100% = $1500.00
2026-08-03 10:08:28,212 INFO [gate:capital] TXN Put Debit Spread rejected — required $1736.00 > buying_power $1500.00 × 100% = $1500.00
2026-08-03 10:08:28,212 INFO [gate:capital] TXN Diagonal Spread rejected — required $1905.00 > buying_power $1500.00 × 100% = $1500.00
2026-08-03 10:08:28,212 INFO [gate:capital] QCOM Bear Combo rejected — required $1521.00 > buying_power $1500.00 × 100% = $1500.00
2026-08-03 10:08:28,212 INFO [gate:capital] INTC Bear Combo rejected — required $2587.00 > buying_power $1500.00 × 100% = $1500.00
2026-08-03 10:08:28,219 INFO [gate:capital] CDNS Put Debit Spread rejected — required $1805.00 > buying_power $1500.00 × 100% = $1500.00
2026-08-03 10:08:28,219 INFO [gate:capital] CDNS Diagonal Spread rejected — required $2040.00 > buying_power $1500.00 × 100% = $1500.00
2026-08-03 10:08:28,219 INFO [gate:capital] META Call Debit Spread rejected — required $1880.00 > buying_power $1500.00 × 100% = $1500.00
2026-08-03 10:08:28,219 INFO [gate:capital] META Put Debit Spread rejected — required $2470.00 > buying_power $1500.00 × 100% = $1500.00
2026-08-03 10:08:28,219 INFO [gate:capital] META Put Debit Spread rejected — required $1665.00 > buying_power $1500.00 × 100% = $1500.00
2026-08-03 10:08:28,226 INFO [gate:capital] MA Put Debit Spread rejected — required $1650.00 > buying_power $1500.00 × 100% = $1500.00
2026-08-03 10:08:28,226 INFO [gate:capital] ISRG Call Debit Spread rejected — required $1950.00 > buying_power $1500.00 × 100% = $1500.00
2026-08-03 10:08:28,226 INFO [gate:capital] ISRG Put Debit Spread rejected — required $2790.00 > buying_power $1500.00 × 100% = $1500.00
2026-08-03 10:08:28,226 INFO [gate:capital] GS Call Debit Spread rejected — required $3210.00 > buying_power $1500.00 × 100% = $1500.00
2026-08-03 10:08:28,226 INFO [gate:capital] GS Put Debit Spread rejected — required $5985.00 > buying_power $1500.00 × 100% = $1500.00
2026-08-03 10:08:28,226 INFO [gate:capital] GE Put Debit Spread rejected — required $1610.00 > buying_power $1500.00 × 100% = $1500.00
2026-08-03 10:08:28,233 INFO [gate:capital] EQIX Call Debit Spread rejected — required $2690.00 > buying_power $1500.00 × 100% = $1500.00
2026-08-03 10:08:28,233 INFO [gate:capital] EQIX Put Debit Spread rejected — required $4130.00 > buying_power $1500.00 × 100% = $1500.00
2026-08-03 10:08:28,233 INFO [gate:capital] EQIX Diagonal Spread rejected — required $4840.00 > buying_power $1500.00 × 100% = $1500.00
2026-08-03 10:08:28,233 INFO [gate:capital] FDX Put Debit Spread rejected — required $1808.00 > buying_power $1500.00 × 100% = $1500.00
2026-08-03 10:08:28,240 INFO [filter] 672 rejected, 41 survived — gate breakdown: {'capital_feasibility': 26, 'expected_roi': 81, 'ml_confidence': 267, 'no_ev_or_pop': 40, 'iv_edge': 46, 'liquidity': 36, 'min_profit': 23, 'strikes_incomplete': 153}
2026-08-03 10:08:28,240 INFO [filter] strikes_incomplete by structure: {'Short Strangle': 26, 'Short Straddle': 26, 'Jade Lizard': 25, 'Iron Condor': 15, 'Call Credit Spread': 13, 'Put Credit Spread': 13, 'Calendar Spread': 11, 'Diagonal Spread': 10, 'Call Debit Spread': 4, 'Iron Butterfly': 3, 'Put Debit Spread': 2, 'Covered Call': 1, 'Risk Reversal': 1, 'Bear Combo': 1, 'Long Strangle': 1, 'Financed Long Call': 1}
2026-08-03 10:09:00,466 ERROR $PLTR: possibly delisted; no price data found  (period=90d)
2026-08-03 10:09:00,534 ERROR $MU: possibly delisted; no price data found  (period=90d)
2026-08-03 10:09:00,547 ERROR $TSLA: possibly delisted; no price data found  (period=90d)
2026-08-03 10:09:00,549 ERROR $V: possibly delisted; no price data found  (period=90d)
2026-08-03 10:09:10,485 ERROR $TSM: possibly delisted; no price data found  (period=90d)
2026-08-03 10:09:10,550 ERROR $UNH: possibly delisted; no price data found  (period=90d)
2026-08-03 10:09:10,559 ERROR 
6 Failed downloads:
2026-08-03 10:09:10,559 ERROR ['PLTR', 'MU', 'TSLA', 'V', 'TSM', 'UNH']: possibly delisted; no price data found  (period=90d)
2026-08-03 10:09:11,712 INFO Ranking: composite score (XGBRanker not trained)
2026-08-03 10:09:11,826 INFO [capital_rejected] 26 entries persisted to capital_rejected.jsonl
2026-08-03 10:09:12,868 INFO Paper trade #1: 20260803AM_NOW_CDS_1  credit=6.165  expiry=2026-08-21
2026-08-03 10:09:14,279 INFO Training snapshot written for paper trade 20260803AM_NOW_CDS_1
2026-08-03 10:09:14,644 INFO Paper trade #2: 20260803AM_INTC_CDS_2  credit=6.595  expiry=2026-09-18
2026-08-03 10:09:15,978 INFO Training snapshot written for paper trade 20260803AM_INTC_CDS_2
2026-08-03 10:09:16,264 WARNING [capital] Skipping GLD Call Debit Spread — needs $344.00 but only $170.00 buying power available.
2026-08-03 10:09:16,614 WARNING [capital] Skipping IWM Put Debit Spread — needs $573.00 but only $170.00 buying power available.
2026-08-03 10:09:16,857 INFO Paper trade #3: 20260803AM_QCOM_COV_3  credit=1.930  expiry=2026-08-21
2026-08-03 10:09:17,744 INFO Training snapshot written for paper trade 20260803AM_QCOM_COV_3
2026-08-03 10:10:28,960 INFO [scan_morning] scan snapshots: 112 saved, 4 skipped (opened), 0 errors
2026-08-03 10:10:28,960 INFO Scan snapshots: 112 saved, 4 skipped
2026-08-04 10:00:42,227 WARNING [warmup] E*TRADE not authenticated — option chains will fall back to yfinance
2026-08-04 10:00:42,342 INFO ml_cache disk file is stale (61139s) — trying DuckDB
2026-08-04 10:00:42,647 INFO ml_cache loaded from DuckDB fallback: 83 tickers
2026-08-04 10:00:42,687 INFO [prefetch] step 1 — batch daily history for 102 tickers
2026-08-04 10:00:57,362 INFO [prefetch] daily history done: 102 ok, 0 fail  (14.7s)
2026-08-04 10:00:57,362 INFO [prefetch] step 2 — batch weekly history for 101 tickers
2026-08-04 10:01:12,177 INFO [prefetch] weekly history done: 101 ok, 0 fail  (29.5s)
2026-08-04 10:01:12,181 INFO [prefetch] step 3+4 — expirations + chains for 101 tickers (serial)
2026-08-04 10:02:40,308 INFO [prefetch] done in 118s — hist 102/102, weekly 101/101, exps 101/101, chains 386 (fail 0)
2026-08-04 10:02:40,308 INFO [scan] cache ready — 690 total keys, 386 chain keys
2026-08-04 10:02:41,658 ERROR HTTP Error 404: {"quoteSummary":{"result":null,"error":{"code":"Not Found","description":"No fundamentals data found for symbol: TQQQ"}}}
2026-08-04 10:02:41,809 ERROR HTTP Error 404: {"quoteSummary":{"result":null,"error":{"code":"Not Found","description":"No fundamentals data found for symbol: SPY"}}}
2026-08-04 10:02:42,199 ERROR HTTP Error 404: {"quoteSummary":{"result":null,"error":{"code":"Not Found","description":"No fundamentals data found for symbol: TQQQ"}}}
2026-08-04 10:02:42,201 ERROR HTTP Error 404: {"quoteSummary":{"result":null,"error":{"code":"Not Found","description":"No fundamentals data found for symbol: SPY"}}}
2026-08-04 10:02:44,140 ERROR HTTP Error 404: {"quoteSummary":{"result":null,"error":{"code":"Not Found","description":"No fundamentals data found for symbol: QQQ"}}}
2026-08-04 10:02:44,660 ERROR HTTP Error 404: {"quoteSummary":{"result":null,"error":{"code":"Not Found","description":"No fundamentals data found for symbol: QQQ"}}}
2026-08-04 10:02:55,385 ERROR HTTP Error 404: {"quoteSummary":{"result":null,"error":{"code":"Not Found","description":"No fundamentals data found for symbol: TQQQ"}}}
2026-08-04 10:02:55,808 ERROR HTTP Error 404: {"quoteSummary":{"result":null,"error":{"code":"Not Found","description":"No fundamentals data found for symbol: TQQQ"}}}
2026-08-04 10:03:01,717 ERROR HTTP Error 404: {"quoteSummary":{"result":null,"error":{"code":"Not Found","description":"No fundamentals data found for symbol: QQQ"}}}
2026-08-04 10:03:02,035 ERROR HTTP Error 404: {"quoteSummary":{"result":null,"error":{"code":"Not Found","description":"No fundamentals data found for symbol: QQQ"}}}
2026-08-04 10:03:11,574 ERROR HTTP Error 404: {"quoteSummary":{"result":null,"error":{"code":"Not Found","description":"No fundamentals data found for symbol: SPY"}}}
2026-08-04 10:03:11,958 ERROR HTTP Error 404: {"quoteSummary":{"result":null,"error":{"code":"Not Found","description":"No fundamentals data found for symbol: SPY"}}}
2026-08-04 10:03:29,205 ERROR HTTP Error 401: {"finance":{"result":null,"error":{"code":"Unauthorized","description":"Invalid Crumb"}}}
2026-08-04 10:03:34,585 ERROR HTTP Error 401: {"finance":{"result":null,"error":{"code":"Unauthorized","description":"Invalid Crumb"}}}
2026-08-04 10:03:56,245 ERROR HTTP Error 401: {"finance":{"result":null,"error":{"code":"Unauthorized","description":"Invalid Crumb"}}}
2026-08-04 10:04:06,197 ERROR HTTP Error 401: {"finance":{"result":null,"error":{"code":"Unauthorized","description":"Invalid Crumb"}}}
2026-08-04 10:04:06,212 ERROR HTTP Error 401: {"finance":{"result":null,"error":{"code":"Unauthorized","description":"Invalid Crumb"}}}
2026-08-04 10:04:14,430 ERROR HTTP Error 401: {"finance":{"result":null,"error":{"code":"Unauthorized","description":"Invalid Crumb"}}}
2026-08-04 10:04:36,872 ERROR HTTP Error 401: {"finance":{"result":null,"error":{"code":"Unauthorized","description":"User is unable to access this feature - https://bit.ly/yahoo-finance-api-feedback"}}}
2026-08-04 10:04:36,882 ERROR HTTP Error 401: {"finance":{"result":null,"error":{"code":"Unauthorized","description":"Invalid Crumb"}}}
2026-08-04 10:04:43,280 ERROR HTTP Error 401: {"finance":{"result":null,"error":{"code":"Unauthorized","description":"Invalid Crumb"}}}
2026-08-04 10:04:43,321 ERROR HTTP Error 401: {"finance":{"result":null,"error":{"code":"Unauthorized","description":"Invalid Crumb"}}}
2026-08-04 10:04:49,739 ERROR HTTP Error 401: {"finance":{"result":null,"error":{"code":"Unauthorized","description":"Invalid Crumb"}}}
2026-08-04 10:04:49,826 ERROR HTTP Error 401: {"finance":{"result":null,"error":{"code":"Unauthorized","description":"Invalid Crumb"}}}
2026-08-04 10:05:44,958 ERROR HTTP Error 401: {"finance":{"result":null,"error":{"code":"Unauthorized","description":"Invalid Crumb"}}}
2026-08-04 10:05:44,989 ERROR HTTP Error 401: {"finance":{"result":null,"error":{"code":"Unauthorized","description":"Invalid Crumb"}}}
2026-08-04 10:05:50,265 ERROR HTTP Error 401: {"finance":{"result":null,"error":{"code":"Unauthorized","description":"User is unable to access this feature - https://bit.ly/yahoo-finance-api-feedback"}}}
2026-08-04 10:05:53,208 WARNING persist_feature_snapshot failed for XOM: ConnectionException: Connection Error: Can't open a connection to same database file with a different configuration than existing connections
2026-08-04 10:05:53,210 WARNING persist_feature_snapshot failed for CVX: ConnectionException: Connection Error: Can't open a connection to same database file with a different configuration than existing connections
2026-08-04 10:05:53,230 WARNING persist_feature_snapshot failed for NEE: ConnectionException: Connection Error: Can't open a connection to same database file with a different configuration than existing connections
2026-08-04 10:06:02,738 ERROR HTTP Error 404: {"quoteSummary":{"result":null,"error":{"code":"Not Found","description":"No fundamentals data found for symbol: IWM"}}}
2026-08-04 10:06:03,360 ERROR HTTP Error 404: {"quoteSummary":{"result":null,"error":{"code":"Not Found","description":"No fundamentals data found for symbol: IWM"}}}
2026-08-04 10:06:05,129 ERROR HTTP Error 401: {"finance":{"result":null,"error":{"code":"Unauthorized","description":"Invalid Crumb"}}}
2026-08-04 10:06:05,587 ERROR HTTP Error 404: {"quoteSummary":{"result":null,"error":{"code":"Not Found","description":"No fundamentals data found for symbol: GLD"}}}
2026-08-04 10:06:08,871 ERROR HTTP Error 404: {"quoteSummary":{"result":null,"error":{"code":"Not Found","description":"No fundamentals data found for symbol: XLE"}}}
2026-08-04 10:06:09,261 ERROR HTTP Error 404: {"quoteSummary":{"result":null,"error":{"code":"Not Found","description":"No fundamentals data found for symbol: XLE"}}}
2026-08-04 10:06:13,005 ERROR HTTP Error 404: {"quoteSummary":{"result":null,"error":{"code":"Not Found","description":"No fundamentals data found for symbol: IWM"}}}
2026-08-04 10:06:13,406 ERROR HTTP Error 404: {"quoteSummary":{"result":null,"error":{"code":"Not Found","description":"No fundamentals data found for symbol: IWM"}}}
2026-08-04 10:06:16,745 ERROR HTTP Error 404: {"quoteSummary":{"result":null,"error":{"code":"Not Found","description":"No fundamentals data found for symbol: GLD"}}}
2026-08-04 10:06:17,095 ERROR HTTP Error 404: {"quoteSummary":{"result":null,"error":{"code":"Not Found","description":"No fundamentals data found for symbol: GLD"}}}
2026-08-04 10:06:20,086 WARNING persist_feature_snapshot failed for IWM: IOException: IO Error: Cannot open file "C:\Project Y\data\ml_training.duckdb": The process cannot access the file because it is being used by another process.

File is already open in 
C:\Python312\python\python.exe (PID 11736)
2026-08-04 10:06:20,189 WARNING persist_feature_snapshot failed for XLE: IOException: IO Error: Cannot open file "C:\Project Y\data\ml_training.duckdb": The process cannot access the file because it is being used by another process.

File is already open in 
C:\Python312\python\python.exe (PID 11736)
2026-08-04 10:06:21,508 ERROR HTTP Error 404: {"quoteSummary":{"result":null,"error":{"code":"Not Found","description":"No fundamentals data found for symbol: XLE"}}}
2026-08-04 10:06:21,857 ERROR HTTP Error 404: {"quoteSummary":{"result":null,"error":{"code":"Not Found","description":"No fundamentals data found for symbol: XLE"}}}
2026-08-04 10:06:22,860 WARNING persist_feature_snapshot failed for WFC: IOException: IO Error: Cannot open file "C:\Project Y\data\ml_training.duckdb": The process cannot access the file because it is being used by another process.

File is already open in 
C:\Python312\python\python.exe (PID 11736)
2026-08-04 10:06:22,945 WARNING persist_feature_snapshot failed for GLD: IOException: IO Error: Cannot open file "C:\Project Y\data\ml_training.duckdb": The process cannot access the file because it is being used by another process.

File is already open in 
C:\Python312\python\python.exe (PID 11736)
2026-08-04 10:06:23,392 WARNING persist_feature_snapshot failed for SCHW: ConnectionException: Connection Error: Can't open a connection to same database file with a different configuration than existing connections
2026-08-04 10:06:24,672 ERROR HTTP Error 401: {"finance":{"result":null,"error":{"code":"Unauthorized","description":"Invalid Crumb"}}}
2026-08-04 10:06:25,311 ERROR HTTP Error 401: {"finance":{"result":null,"error":{"code":"Unauthorized","description":"User is unable to access this feature - https://bit.ly/yahoo-finance-api-feedback"}}}
2026-08-04 10:06:47,875 ERROR HTTP Error 401: {"finance":{"result":null,"error":{"code":"Unauthorized","description":"User is unable to access this feature - https://bit.ly/yahoo-finance-api-feedback"}}}
2026-08-04 10:06:51,218 WARNING persist_feature_snapshot failed for FDX: IOException: IO Error: Cannot open file "C:\Project Y\data\ml_training.duckdb": The process cannot access the file because it is being used by another process.

File is already open in 
C:\Python312\python\python.exe (PID 11736)
2026-08-04 10:06:51,389 WARNING persist_feature_snapshot failed for UPS: ConnectionException: Connection Error: Can't open a connection to same database file with a different configuration than existing connections
2026-08-04 10:07:04,996 INFO [gate:capital] QQQ Call Debit Spread rejected — required $2101.00 > buying_power $1500.00 × 100% = $1500.00
2026-08-04 10:07:04,996 INFO [gate:capital] QQQ Put Debit Spread rejected — required $2007.00 > buying_power $1500.00 × 100% = $1500.00
2026-08-04 10:07:05,018 INFO [gate:capital] AVGO Call Debit Spread rejected — required $2680.00 > buying_power $1500.00 × 100% = $1500.00
2026-08-04 10:07:05,034 INFO [gate:capital] TSM Put Debit Spread rejected — required $1800.00 > buying_power $1500.00 × 100% = $1500.00
2026-08-04 10:07:05,034 INFO [gate:capital] TSM Put Debit Spread rejected — required $1775.00 > buying_power $1500.00 × 100% = $1500.00
2026-08-04 10:07:05,034 INFO [gate:capital] MSFT Call Debit Spread rejected — required $1670.00 > buying_power $1500.00 × 100% = $1500.00
2026-08-04 10:07:05,034 INFO [gate:capital] MSFT Put Debit Spread rejected — required $1700.00 > buying_power $1500.00 × 100% = $1500.00
2026-08-04 10:07:05,034 INFO [gate:capital] ARM Call Debit Spread rejected — required $2030.00 > buying_power $1500.00 × 100% = $1500.00
2026-08-04 10:07:05,034 INFO [gate:capital] ARM Bear Combo rejected — required $3985.00 > buying_power $1500.00 × 100% = $1500.00
2026-08-04 10:07:05,034 INFO [gate:capital] ARM Diagonal Spread rejected — required $2640.00 > buying_power $1500.00 × 100% = $1500.00
2026-08-04 10:07:05,034 INFO [gate:capital] ARM Call Debit Spread rejected — required $1875.00 > buying_power $1500.00 × 100% = $1500.00
2026-08-04 10:07:05,034 INFO [gate:capital] ARM Bear Combo rejected — required $1694.00 > buying_power $1500.00 × 100% = $1500.00
2026-08-04 10:07:05,034 INFO [gate:capital] ARM Diagonal Spread rejected — required $2305.00 > buying_power $1500.00 × 100% = $1500.00
2026-08-04 10:07:05,034 INFO [gate:capital] MU Call Credit Spread rejected — required $4215.00 > buying_power $1500.00 × 100% = $1500.00
2026-08-04 10:07:05,034 INFO [gate:capital] MU Iron Condor rejected — required $4090.00 > buying_power $1500.00 × 100% = $1500.00
2026-08-04 10:07:05,034 INFO [gate:capital] MU Call Debit Spread rejected — required $6610.00 > buying_power $1500.00 × 100% = $1500.00
2026-08-04 10:07:05,034 INFO [gate:capital] MU Bear Combo rejected — required $12755.00 > buying_power $1500.00 × 100% = $1500.00
2026-08-04 10:07:05,034 INFO [gate:capital] MU Diagonal Spread rejected — required $8660.00 > buying_power $1500.00 × 100% = $1500.00
2026-08-04 10:07:05,034 INFO [gate:capital] MU Call Debit Spread rejected — required $5445.00 > buying_power $1500.00 × 100% = $1500.00
2026-08-04 10:07:05,034 INFO [gate:capital] MU Bear Combo rejected — required $10425.00 > buying_power $1500.00 × 100% = $1500.00
2026-08-04 10:07:05,034 INFO [gate:capital] TXN Diagonal Spread rejected — required $1775.00 > buying_power $1500.00 × 100% = $1500.00
2026-08-04 10:07:05,034 INFO [gate:capital] INTC Bear Combo rejected — required $2460.00 > buying_power $1500.00 × 100% = $1500.00
2026-08-04 10:07:05,034 INFO [gate:capital] KLAC Call Debit Spread rejected — required $1920.00 > buying_power $1500.00 × 100% = $1500.00
2026-08-04 10:07:05,034 INFO [gate:capital] KLAC Put Debit Spread rejected — required $2540.00 > buying_power $1500.00 × 100% = $1500.00
2026-08-04 10:07:05,034 INFO [gate:capital] LRCX Bear Combo rejected — required $4530.00 > buying_power $1500.00 × 100% = $1500.00
2026-08-04 10:07:05,034 INFO [gate:capital] LRCX Iron Butterfly rejected — required $2205.00 > buying_power $1500.00 × 100% = $1500.00
2026-08-04 10:07:05,049 INFO [gate:capital] LRCX Put Debit Spread rejected — required $2375.00 > buying_power $1500.00 × 100% = $1500.00
2026-08-04 10:07:05,049 INFO [gate:capital] LRCX Bear Combo rejected — required $3400.00 > buying_power $1500.00 × 100% = $1500.00
2026-08-04 10:07:05,049 INFO [gate:capital] ASML Put Credit Spread rejected — required $2610.00 > buying_power $1500.00 × 100% = $1500.00
2026-08-04 10:07:05,049 INFO [gate:capital] ASML Iron Butterfly rejected — required $11600.00 > buying_power $1500.00 × 100% = $1500.00
2026-08-04 10:07:05,049 INFO [gate:capital] ASML Call Debit Spread rejected — required $7550.00 > buying_power $1500.00 × 100% = $1500.00
2026-08-04 10:07:05,049 INFO [gate:capital] ASML Put Debit Spread rejected — required $7150.00 > buying_power $1500.00 × 100% = $1500.00
2026-08-04 10:07:05,049 INFO [gate:capital] ASML Bear Combo rejected — required $11380.00 > buying_power $1500.00 × 100% = $1500.00
2026-08-04 10:07:05,049 INFO [gate:capital] ASML Diagonal Spread rejected — required $12840.00 > buying_power $1500.00 × 100% = $1500.00
2026-08-04 10:07:05,049 INFO [gate:capital] ASML Put Credit Spread rejected — required $9450.00 > buying_power $1500.00 × 100% = $1500.00
2026-08-04 10:07:05,049 INFO [gate:capital] ASML Call Credit Spread rejected — required $5170.00 > buying_power $1500.00 × 100% = $1500.00
2026-08-04 10:07:05,049 INFO [gate:capital] ASML Iron Condor rejected — required $8620.00 > buying_power $1500.00 × 100% = $1500.00
2026-08-04 10:07:05,049 INFO [gate:capital] ASML Iron Butterfly rejected — required $4570.00 > buying_power $1500.00 × 100% = $1500.00
2026-08-04 10:07:05,049 INFO [gate:capital] ASML Bear Combo rejected — required $7220.00 > buying_power $1500.00 × 100% = $1500.00
2026-08-04 10:07:05,049 INFO [gate:capital] CDNS Call Debit Spread rejected — required $1610.00 > buying_power $1500.00 × 100% = $1500.00
2026-08-04 10:07:05,049 INFO [gate:capital] CDNS Put Debit Spread rejected — required $1590.00 > buying_power $1500.00 × 100% = $1500.00
2026-08-04 10:07:05,049 INFO [gate:capital] CDNS Diagonal Spread rejected — required $2130.00 > buying_power $1500.00 × 100% = $1500.00
2026-08-04 10:07:05,049 INFO [gate:capital] SNOW Call Credit Spread rejected — required $1784.00 > buying_power $1500.00 × 100% = $1500.00
2026-08-04 10:07:05,049 INFO [gate:capital] SNOW Iron Condor rejected — required $1724.00 > buying_power $1500.00 × 100% = $1500.00
2026-08-04 10:07:05,049 INFO [gate:capital] SNOW Call Debit Spread rejected — required $1660.00 > buying_power $1500.00 × 100% = $1500.00
2026-08-04 10:07:05,049 INFO [gate:capital] SNOW Bear Combo rejected — required $3246.00 > buying_power $1500.00 × 100% = $1500.00
2026-08-04 10:07:05,049 INFO [gate:capital] SNOW Put Credit Spread rejected — required $1521.00 > buying_power $1500.00 × 100% = $1500.00
2026-08-04 10:07:05,065 INFO [gate:capital] SNOW Bear Combo rejected — required $2739.00 > buying_power $1500.00 × 100% = $1500.00
2026-08-04 10:07:05,065 INFO [gate:capital] MDB Put Debit Spread rejected — required $2430.00 > buying_power $1500.00 × 100% = $1500.00
2026-08-04 10:07:05,065 INFO [gate:capital] MDB Bear Combo rejected — required $3800.00 > buying_power $1500.00 × 100% = $1500.00
2026-08-04 10:07:05,065 INFO [gate:capital] CRM Put Debit Spread rejected — required $1515.00 > buying_power $1500.00 × 100% = $1500.00
2026-08-04 10:07:05,065 INFO [gate:capital] INTU Iron Butterfly rejected — required $2840.00 > buying_power $1500.00 × 100% = $1500.00
2026-08-04 10:07:05,065 INFO [gate:capital] INTU Call Debit Spread rejected — required $2620.00 > buying_power $1500.00 × 100% = $1500.00
2026-08-04 10:07:05,065 INFO [gate:capital] INTU Put Debit Spread rejected — required $3110.00 > buying_power $1500.00 × 100% = $1500.00
2026-08-04 10:07:05,065 INFO [gate:capital] INTU Bear Combo rejected — required $6910.00 > buying_power $1500.00 × 100% = $1500.00
2026-08-04 10:07:05,065 INFO [gate:capital] INTU Diagonal Spread rejected — required $2350.00 > buying_power $1500.00 × 100% = $1500.00
2026-08-04 10:07:05,065 INFO [gate:capital] INTU Bear Combo rejected — required $2340.00 > buying_power $1500.00 × 100% = $1500.00
2026-08-04 10:07:05,065 INFO [gate:capital] META Call Debit Spread rejected — required $2675.00 > buying_power $1500.00 × 100% = $1500.00
2026-08-04 10:07:05,065 INFO [gate:capital] META Call Debit Spread rejected — required $1540.00 > buying_power $1500.00 × 100% = $1500.00
2026-08-04 10:07:05,065 INFO [gate:capital] META Put Debit Spread rejected — required $1630.00 > buying_power $1500.00 × 100% = $1500.00
2026-08-04 10:07:05,065 INFO [gate:capital] TSLA Call Debit Spread rejected — required $1795.00 > buying_power $1500.00 × 100% = $1500.00
2026-08-04 10:07:05,065 INFO [gate:capital] TSLA Put Debit Spread rejected — required $1600.00 > buying_power $1500.00 × 100% = $1500.00
2026-08-04 10:07:05,065 INFO [gate:capital] TSLA Diagonal Spread rejected — required $1835.00 > buying_power $1500.00 × 100% = $1500.00
2026-08-04 10:07:05,065 INFO [gate:capital] HD Call Debit Spread rejected — required $1627.00 > buying_power $1500.00 × 100% = $1500.00
2026-08-04 10:07:05,065 INFO [gate:capital] HD Put Debit Spread rejected — required $1965.00 > buying_power $1500.00 × 100% = $1500.00
2026-08-04 10:07:05,081 INFO [gate:capital] ULTA Put Debit Spread rejected — required $3740.00 > buying_power $1500.00 × 100% = $1500.00
2026-08-04 10:07:05,081 INFO [gate:capital] COST Iron Butterfly rejected — required $2995.00 > buying_power $1500.00 × 100% = $1500.00
2026-08-04 10:07:05,081 INFO [gate:capital] COST Call Debit Spread rejected — required $1925.00 > buying_power $1500.00 × 100% = $1500.00
2026-08-04 10:07:05,081 INFO [gate:capital] COST Put Debit Spread rejected — required $2490.00 > buying_power $1500.00 × 100% = $1500.00
2026-08-04 10:07:05,081 INFO [gate:capital] COST Bear Combo rejected — required $4693.00 > buying_power $1500.00 × 100% = $1500.00
2026-08-04 10:07:05,081 INFO [gate:capital] COST Iron Butterfly rejected — required $1920.00 > buying_power $1500.00 × 100% = $1500.00
2026-08-04 10:07:05,081 INFO [gate:capital] COST Put Debit Spread rejected — required $2182.00 > buying_power $1500.00 × 100% = $1500.00
2026-08-04 10:07:05,081 INFO [gate:capital] COST Bear Combo rejected — required $2967.00 > buying_power $1500.00 × 100% = $1500.00
2026-08-04 10:07:05,081 INFO [gate:capital] ABBV Bear Combo rejected — required $1558.00 > buying_power $1500.00 × 100% = $1500.00
2026-08-04 10:07:05,081 INFO [gate:capital] MA Call Debit Spread rejected — required $1785.00 > buying_power $1500.00 × 100% = $1500.00
2026-08-04 10:07:05,081 INFO [gate:capital] MA Put Debit Spread rejected — required $2030.00 > buying_power $1500.00 × 100% = $1500.00
2026-08-04 10:07:05,081 INFO [gate:capital] GS Call Debit Spread rejected — required $2175.00 > buying_power $1500.00 × 100% = $1500.00
2026-08-04 10:07:05,081 INFO [gate:capital] GS Put Debit Spread rejected — required $4100.00 > buying_power $1500.00 × 100% = $1500.00
2026-08-04 10:07:05,081 INFO [gate:capital] GS Call Debit Spread rejected — required $3006.00 > buying_power $1500.00 × 100% = $1500.00
2026-08-04 10:07:05,081 INFO [gate:capital] DE Put Debit Spread rejected — required $4440.00 > buying_power $1500.00 × 100% = $1500.00
2026-08-04 10:07:05,081 INFO [gate:capital] VRT Iron Butterfly rejected — required $1555.00 > buying_power $1500.00 × 100% = $1500.00
2026-08-04 10:07:05,081 INFO [gate:capital] VRT Call Debit Spread rejected — required $1600.00 > buying_power $1500.00 × 100% = $1500.00
2026-08-04 10:07:05,096 INFO [gate:capital] VRT Put Debit Spread rejected — required $1865.00 > buying_power $1500.00 × 100% = $1500.00
2026-08-04 10:07:05,096 INFO [gate:capital] VRT Bear Combo rejected — required $2768.00 > buying_power $1500.00 × 100% = $1500.00
2026-08-04 10:07:05,096 INFO [gate:capital] VRT Diagonal Spread rejected — required $2260.00 > buying_power $1500.00 × 100% = $1500.00
2026-08-04 10:07:05,096 INFO [gate:capital] VRT Bear Combo rejected — required $2699.00 > buying_power $1500.00 × 100% = $1500.00
2026-08-04 10:07:05,096 INFO [gate:capital] GE Call Debit Spread rejected — required $1733.00 > buying_power $1500.00 × 100% = $1500.00
2026-08-04 10:07:05,096 INFO [gate:capital] GE Put Debit Spread rejected — required $1890.00 > buying_power $1500.00 × 100% = $1500.00
2026-08-04 10:07:05,096 INFO [gate:capital] EQIX Call Debit Spread rejected — required $2550.00 > buying_power $1500.00 × 100% = $1500.00
2026-08-04 10:07:05,096 INFO [gate:capital] EQIX Put Debit Spread rejected — required $3460.00 > buying_power $1500.00 × 100% = $1500.00
2026-08-04 10:07:05,096 INFO [gate:capital] AXP Call Debit Spread rejected — required $1585.00 > buying_power $1500.00 × 100% = $1500.00
2026-08-04 10:07:05,096 INFO [filter] 1034 rejected, 126 survived — gate breakdown: {'capital_feasibility': 91, 'expected_roi': 322, 'no_ev_or_pop': 49, 'min_profit': 54, 'liquidity': 72, 'strikes_incomplete': 304, 'iv_edge': 73, 'ml_confidence': 69}
2026-08-04 10:07:05,112 INFO [filter] strikes_incomplete by structure: {'Short Straddle': 47, 'Short Strangle': 44, 'Jade Lizard': 43, 'Iron Condor': 29, 'Call Credit Spread': 27, 'Calendar Spread': 26, 'Diagonal Spread': 25, 'Put Credit Spread': 18, 'Iron Butterfly': 12, 'Put Debit Spread': 10, 'Call Debit Spread': 6, 'Ratio Put Backspread': 4, 'Bear Combo': 3, 'Covered Call': 2, 'Risk Reversal': 2, 'Long Strangle': 2, 'Ratio Call Backspread': 2, 'Cash Secured Put': 1, 'Financed Long Call': 1}
2026-08-04 10:07:50,975 INFO Ranking: composite score (XGBRanker not trained)
2026-08-04 10:07:51,032 INFO [capital_rejected] 91 entries persisted to capital_rejected.jsonl
2026-08-04 10:07:51,854 INFO Paper trade #1: 20260804AM_PLTR_CDS_1  credit=7.200  expiry=2026-09-18
2026-08-04 10:07:53,143 INFO Training snapshot written for paper trade 20260804AM_PLTR_CDS_1
2026-08-04 10:07:53,503 INFO Paper trade #2: 20260804AM_QCOM_CDS_2  credit=6.375  expiry=2026-08-21
2026-08-04 10:07:54,259 INFO Training snapshot written for paper trade 20260804AM_QCOM_CDS_2
2026-08-04 10:07:54,628 WARNING [capital] Skipping SPY Put Debit Spread — needs $577.00 but only $93.00 buying power available.
2026-08-04 10:07:55,110 WARNING [capital] Skipping TSM Call Debit Spread — needs $1425.00 but only $93.00 buying power available.
2026-08-04 10:07:55,381 WARNING [capital] Skipping VRT Call Debit Spread — needs $1395.00 but only $93.00 buying power available.
2026-08-04 10:07:55,674 WARNING [capital] Skipping QQQ Put Debit Spread — needs $893.00 but only $93.00 buying power available.
2026-08-04 10:07:56,014 WARNING [capital] Skipping WMT Call Debit Spread — needs $295.00 but only $93.00 buying power available.
2026-08-04 10:07:56,315 WARNING [capital] Skipping MSFT Call Debit Spread — needs $677.00 but only $93.00 buying power available.
2026-08-04 10:07:56,615 WARNING [capital] Skipping ORCL Call Debit Spread — needs $619.00 but only $93.00 buying power available.
2026-08-04 10:07:56,958 WARNING [capital] Skipping UNH Call Debit Spread — needs $655.00 but only $93.00 buying power available.
2026-08-04 10:07:57,207 WARNING [capital] Skipping NVDA Put Debit Spread — needs $434.00 but only $93.00 buying power available.
2026-08-04 10:07:57,538 WARNING [capital] Skipping CVX Put Debit Spread — needs $322.00 but only $93.00 buying power available.
2026-08-04 10:07:57,953 WARNING [capital] Skipping AAPL Call Debit Spread — needs $435.00 but only $93.00 buying power available.
2026-08-04 10:07:58,289 WARNING [capital] Skipping TSLA Call Debit Spread — needs $864.00 but only $93.00 buying power available.
2026-08-04 10:07:58,602 WARNING [capital] Skipping NOW Call Debit Spread — needs $374.00 but only $93.00 buying power available.
2026-08-04 10:10:09,509 INFO [scan_morning] scan snapshots: 195 saved, 4 skipped (opened), 0 errors
2026-08-04 10:10:09,509 INFO Scan snapshots: 195 saved, 4 skipped
2026-08-05 10:00:08,551 WARNING [warmup] E*TRADE not authenticated — option chains will fall back to yfinance
2026-08-05 10:00:08,600 INFO ml_cache disk file is stale (61163s) — trying DuckDB
2026-08-05 10:00:08,894 INFO ml_cache loaded from DuckDB fallback: 83 tickers
2026-08-05 10:00:08,932 INFO [prefetch] step 1 — batch daily history for 102 tickers
2026-08-05 10:00:24,743 INFO [prefetch] daily history done: 102 ok, 0 fail  (15.8s)
2026-08-05 10:00:24,743 INFO [prefetch] step 2 — batch weekly history for 101 tickers
2026-08-05 10:00:42,529 INFO [prefetch] weekly history done: 101 ok, 0 fail  (33.6s)
2026-08-05 10:00:42,558 INFO [prefetch] step 3+4 — expirations + chains for 101 tickers (serial)
2026-08-05 10:02:22,455 INFO [prefetch] done in 134s — hist 102/102, weekly 101/101, exps 101/101, chains 487 (fail 0)
2026-08-05 10:02:22,457 INFO [scan] cache ready — 791 total keys, 487 chain keys
2026-08-05 10:02:23,746 ERROR HTTP Error 404: {"quoteSummary":{"result":null,"error":{"code":"Not Found","description":"No fundamentals data found for symbol: QQQ"}}}
2026-08-05 10:02:23,785 ERROR HTTP Error 404: {"quoteSummary":{"result":null,"error":{"code":"Not Found","description":"No fundamentals data found for symbol: SPY"}}}
2026-08-05 10:02:23,808 ERROR HTTP Error 404: {"quoteSummary":{"result":null,"error":{"code":"Not Found","description":"No fundamentals data found for symbol: TQQQ"}}}
2026-08-05 10:02:24,040 ERROR HTTP Error 404: {"quoteSummary":{"result":null,"error":{"code":"Not Found","description":"No fundamentals data found for symbol: SPY"}}}
2026-08-05 10:02:24,040 ERROR HTTP Error 404: {"quoteSummary":{"result":null,"error":{"code":"Not Found","description":"No fundamentals data found for symbol: TQQQ"}}}
2026-08-05 10:02:24,040 ERROR HTTP Error 404: {"quoteSummary":{"result":null,"error":{"code":"Not Found","description":"No fundamentals data found for symbol: QQQ"}}}
2026-08-05 10:02:42,298 ERROR HTTP Error 404: {"quoteSummary":{"result":null,"error":{"code":"Not Found","description":"No fundamentals data found for symbol: SPY"}}}
2026-08-05 10:02:42,639 ERROR HTTP Error 404: {"quoteSummary":{"result":null,"error":{"code":"Not Found","description":"No fundamentals data found for symbol: SPY"}}}
2026-08-05 10:02:44,447 ERROR HTTP Error 404: {"quoteSummary":{"result":null,"error":{"code":"Not Found","description":"No fundamentals data found for symbol: QQQ"}}}
2026-08-05 10:02:44,963 ERROR HTTP Error 404: {"quoteSummary":{"result":null,"error":{"code":"Not Found","description":"No fundamentals data found for symbol: QQQ"}}}
2026-08-05 10:03:04,286 ERROR HTTP Error 404: {"quoteSummary":{"result":null,"error":{"code":"Not Found","description":"No fundamentals data found for symbol: TQQQ"}}}
2026-08-05 10:03:04,592 ERROR HTTP Error 404: {"quoteSummary":{"result":null,"error":{"code":"Not Found","description":"No fundamentals data found for symbol: TQQQ"}}}
2026-08-05 10:03:56,954 ERROR HTTP Error 401: {"finance":{"result":null,"error":{"code":"Unauthorized","description":"User is unable to access this feature - https://bit.ly/yahoo-finance-api-feedback"}}}
2026-08-05 10:04:00,259 ERROR HTTP Error 401: {"finance":{"result":null,"error":{"code":"Unauthorized","description":"Invalid Crumb"}}}
2026-08-05 10:04:00,605 ERROR HTTP Error 401: {"finance":{"result":null,"error":{"code":"Unauthorized","description":"User is unable to access this feature - https://bit.ly/yahoo-finance-api-feedback"}}}
2026-08-05 10:04:06,780 ERROR HTTP Error 401: {"finance":{"result":null,"error":{"code":"Unauthorized","description":"Invalid Crumb"}}}
2026-08-05 10:04:11,953 ERROR HTTP Error 401: {"finance":{"result":null,"error":{"code":"Unauthorized","description":"User is unable to access this feature - https://bit.ly/yahoo-finance-api-feedback"}}}
2026-08-05 10:04:23,489 ERROR HTTP Error 401: {"finance":{"result":null,"error":{"code":"Unauthorized","description":"Invalid Crumb"}}}
2026-08-05 10:05:47,361 ERROR HTTP Error 401: {"finance":{"result":null,"error":{"code":"Unauthorized","description":"Invalid Crumb"}}}
2026-08-05 10:05:56,393 WARNING persist_feature_snapshot failed for ABBV: ConnectionException: Connection Error: Can't open a connection to same database file with a different configuration than existing connections
2026-08-05 10:05:57,187 WARNING analyze_ticker(GS) failed: 'NoneType' object has no attribute 'copy'
2026-08-05 10:05:57,194 ERROR HTTP Error 401: {"finance":{"result":null,"error":{"code":"Unauthorized","description":"Invalid Crumb"}}}
2026-08-05 10:05:57,209 ERROR HTTP Error 401: {"finance":{"result":null,"error":{"code":"Unauthorized","description":"Invalid Crumb"}}}
2026-08-05 10:05:58,662 ERROR HTTP Error 401: {"finance":{"result":null,"error":{"code":"Unauthorized","description":"Invalid Crumb"}}}
2026-08-05 10:05:58,720 ERROR HTTP Error 401: {"finance":{"result":null,"error":{"code":"Unauthorized","description":"Invalid Crumb"}}}
2026-08-05 10:05:59,168 ERROR HTTP Error 401: {"finance":{"result":null,"error":{"code":"Unauthorized","description":"User is unable to access this feature - https://bit.ly/yahoo-finance-api-feedback"}}}
2026-08-05 10:06:29,872 ERROR HTTP Error 401: {"finance":{"result":null,"error":{"code":"Unauthorized","description":"User is unable to access this feature - https://bit.ly/yahoo-finance-api-feedback"}}}
2026-08-05 10:06:44,144 ERROR HTTP Error 401: {"finance":{"result":null,"error":{"code":"Unauthorized","description":"User is unable to access this feature - https://bit.ly/yahoo-finance-api-feedback"}}}
2026-08-05 10:06:58,465 ERROR HTTP Error 401: {"finance":{"result":null,"error":{"code":"Unauthorized","description":"User is unable to access this feature - https://bit.ly/yahoo-finance-api-feedback"}}}
2026-08-05 10:06:59,607 WARNING persist_feature_snapshot failed for EQIX: ConnectionException: Connection Error: Can't open a connection to same database file with a different configuration than existing connections
2026-08-05 10:06:59,616 WARNING persist_feature_snapshot failed for AMT: ConnectionException: Connection Error: Can't open a connection to same database file with a different configuration than existing connections
2026-08-05 10:07:10,101 ERROR HTTP Error 404: {"quoteSummary":{"result":null,"error":{"code":"Not Found","description":"No fundamentals data found for symbol: IWM"}}}
2026-08-05 10:07:10,488 ERROR HTTP Error 404: {"quoteSummary":{"result":null,"error":{"code":"Not Found","description":"No fundamentals data found for symbol: IWM"}}}
2026-08-05 10:07:11,206 ERROR HTTP Error 404: {"quoteSummary":{"result":null,"error":{"code":"Not Found","description":"No fundamentals data found for symbol: GLD"}}}
2026-08-05 10:07:11,705 ERROR HTTP Error 404: {"quoteSummary":{"result":null,"error":{"code":"Not Found","description":"No fundamentals data found for symbol: GLD"}}}
2026-08-05 10:07:12,908 ERROR HTTP Error 404: {"quoteSummary":{"result":null,"error":{"code":"Not Found","description":"No fundamentals data found for symbol: XLE"}}}
2026-08-05 10:07:13,324 ERROR HTTP Error 404: {"quoteSummary":{"result":null,"error":{"code":"Not Found","description":"No fundamentals data found for symbol: XLE"}}}
2026-08-05 10:07:28,659 ERROR HTTP Error 404: {"quoteSummary":{"result":null,"error":{"code":"Not Found","description":"No fundamentals data found for symbol: IWM"}}}
2026-08-05 10:07:29,257 ERROR HTTP Error 404: {"quoteSummary":{"result":null,"error":{"code":"Not Found","description":"No fundamentals data found for symbol: IWM"}}}
2026-08-05 10:07:34,371 ERROR HTTP Error 404: {"quoteSummary":{"result":null,"error":{"code":"Not Found","description":"No fundamentals data found for symbol: XLE"}}}
2026-08-05 10:07:35,252 ERROR HTTP Error 404: {"quoteSummary":{"result":null,"error":{"code":"Not Found","description":"No fundamentals data found for symbol: XLE"}}}
2026-08-05 10:07:40,802 WARNING persist_feature_snapshot failed for C: IOException: IO Error: Cannot open file "C:\Project Y\data\ml_training.duckdb": The process cannot access the file because it is being used by another process.

File is already open in 
C:\Python312\python\python.exe (PID 10960)
2026-08-05 10:07:41,061 WARNING persist_feature_snapshot failed for IWM: ConnectionException: Connection Error: Can't open a connection to same database file with a different configuration than existing connections
2026-08-05 10:07:47,527 ERROR HTTP Error 404: {"quoteSummary":{"result":null,"error":{"code":"Not Found","description":"No fundamentals data found for symbol: GLD"}}}
2026-08-05 10:07:47,882 ERROR HTTP Error 404: {"quoteSummary":{"result":null,"error":{"code":"Not Found","description":"No fundamentals data found for symbol: GLD"}}}
2026-08-05 10:07:52,495 ERROR HTTP Error 401: {"finance":{"result":null,"error":{"code":"Unauthorized","description":"Invalid Crumb"}}}
2026-08-05 10:07:52,884 ERROR HTTP Error 401: {"finance":{"result":null,"error":{"code":"Unauthorized","description":"User is unable to access this feature - https://bit.ly/yahoo-finance-api-feedback"}}}
2026-08-05 10:07:53,717 WARNING persist_feature_snapshot failed for MRK: IOException: IO Error: Cannot open file "C:\Project Y\data\ml_training.duckdb": The process cannot access the file because it is being used by another process.

File is already open in 
C:\Python312\python\python.exe (PID 10960)
2026-08-05 10:07:53,907 WARNING persist_feature_snapshot failed for JNJ: IOException: IO Error: Cannot open file "C:\Project Y\data\ml_training.duckdb": The process cannot access the file because it is being used by another process.

File is already open in 
C:\Python312\python\python.exe (PID 10960)
2026-08-05 10:07:54,789 ERROR HTTP Error 401: {"finance":{"result":null,"error":{"code":"Unauthorized","description":"Invalid Crumb"}}}
2026-08-05 10:08:22,867 ERROR HTTP Error 401: {"finance":{"result":null,"error":{"code":"Unauthorized","description":"Invalid Crumb"}}}
2026-08-05 10:08:22,877 ERROR HTTP Error 401: {"finance":{"result":null,"error":{"code":"Unauthorized","description":"Invalid Crumb"}}}
2026-08-05 10:08:31,278 INFO [gate:capital] SPY Call Debit Spread rejected — required $1552.00 > buying_power $1500.00 × 100% = $1500.00
2026-08-05 10:08:31,278 INFO [gate:capital] QQQ Call Debit Spread rejected — required $2282.00 > buying_power $1500.00 × 100% = $1500.00
2026-08-05 10:08:31,278 INFO [gate:capital] QQQ Put Debit Spread rejected — required $1937.00 > buying_power $1500.00 × 100% = $1500.00
2026-08-05 10:08:31,278 INFO [gate:capital] AMD Iron Condor rejected — required $1675.00 > buying_power $1500.00 × 100% = $1500.00
2026-08-05 10:08:31,278 INFO [gate:capital] AMD Iron Butterfly rejected — required $5180.00 > buying_power $1500.00 × 100% = $1500.00
2026-08-05 10:08:31,278 INFO [gate:capital] AMD Call Debit Spread rejected — required $3765.00 > buying_power $1500.00 × 100% = $1500.00
2026-08-05 10:08:31,278 INFO [gate:capital] AMD Put Debit Spread rejected — required $4935.00 > buying_power $1500.00 × 100% = $1500.00
2026-08-05 10:08:31,278 INFO [gate:capital] AMD Bear Combo rejected — required $11355.00 > buying_power $1500.00 × 100% = $1500.00
2026-08-05 10:08:31,294 INFO [gate:capital] AMD Diagonal Spread rejected — required $5365.00 > buying_power $1500.00 × 100% = $1500.00
2026-08-05 10:08:31,294 INFO [gate:capital] AMD Iron Butterfly rejected — required $1985.00 > buying_power $1500.00 × 100% = $1500.00
2026-08-05 10:08:31,294 INFO [gate:capital] AMD Call Debit Spread rejected — required $2215.00 > buying_power $1500.00 × 100% = $1500.00
2026-08-05 10:08:31,294 INFO [gate:capital] AMD Put Debit Spread rejected — required $2620.00 > buying_power $1500.00 × 100% = $1500.00
2026-08-05 10:08:31,294 INFO [gate:capital] AMD Bear Combo rejected — required $4535.00 > buying_power $1500.00 × 100% = $1500.00
2026-08-05 10:08:31,294 INFO [gate:capital] AVGO Call Debit Spread rejected — required $3035.00 > buying_power $1500.00 × 100% = $1500.00
2026-08-05 10:08:31,294 INFO [gate:capital] AVGO Put Debit Spread rejected — required $1545.00 > buying_power $1500.00 × 100% = $1500.00
2026-08-05 10:08:31,294 INFO [gate:capital] NVDA Put Debit Spread rejected — required $1505.00 > buying_power $1500.00 × 100% = $1500.00
2026-08-05 10:08:31,294 INFO [gate:capital] MSFT Call Debit Spread rejected — required $2246.00 > buying_power $1500.00 × 100% = $1500.00
2026-08-05 10:08:31,294 INFO [gate:capital] MSFT Diagonal Spread rejected — required $1535.00 > buying_power $1500.00 × 100% = $1500.00
2026-08-05 10:08:31,294 INFO [gate:capital] ARM Call Debit Spread rejected — required $1880.00 > buying_power $1500.00 × 100% = $1500.00
2026-08-05 10:08:31,294 INFO [gate:capital] ARM Bear Combo rejected — required $3885.00 > buying_power $1500.00 × 100% = $1500.00
2026-08-05 10:08:31,294 INFO [gate:capital] ARM Put Debit Spread rejected — required $2100.00 > buying_power $1500.00 × 100% = $1500.00
2026-08-05 10:08:31,294 INFO [gate:capital] ARM Bear Combo rejected — required $3299.00 > buying_power $1500.00 × 100% = $1500.00
2026-08-05 10:08:31,294 INFO [gate:capital] MU Call Credit Spread rejected — required $1750.00 > buying_power $1500.00 × 100% = $1500.00
2026-08-05 10:08:31,294 INFO [gate:capital] MU Iron Condor rejected — required $1705.00 > buying_power $1500.00 × 100% = $1500.00
2026-08-05 10:08:31,294 INFO [gate:capital] MU Call Debit Spread rejected — required $6115.00 > buying_power $1500.00 × 100% = $1500.00
2026-08-05 10:08:31,294 INFO [gate:capital] MU Bear Combo rejected — required $13990.00 > buying_power $1500.00 × 100% = $1500.00
2026-08-05 10:08:31,294 INFO [gate:capital] MU Call Debit Spread rejected — required $4435.00 > buying_power $1500.00 × 100% = $1500.00
2026-08-05 10:08:31,294 INFO [gate:capital] MU Bear Combo rejected — required $9825.00 > buying_power $1500.00 × 100% = $1500.00
2026-08-05 10:08:31,294 INFO [gate:capital] TSM Call Debit Spread rejected — required $1535.00 > buying_power $1500.00 × 100% = $1500.00
2026-08-05 10:08:31,294 INFO [gate:capital] TXN Put Debit Spread rejected — required $2090.00 > buying_power $1500.00 × 100% = $1500.00
2026-08-05 10:08:31,294 INFO [gate:capital] TXN Diagonal Spread rejected — required $1885.00 > buying_power $1500.00 × 100% = $1500.00
2026-08-05 10:08:31,311 INFO [gate:capital] INTC Bear Combo rejected — required $3078.00 > buying_power $1500.00 × 100% = $1500.00
2026-08-05 10:08:31,314 INFO [gate:capital] ASML Call Debit Spread rejected — required $6520.00 > buying_power $1500.00 × 100% = $1500.00
2026-08-05 10:08:31,315 INFO [gate:capital] ASML Put Debit Spread rejected — required $7700.00 > buying_power $1500.00 × 100% = $1500.00
2026-08-05 10:08:31,315 INFO [gate:capital] ASML Call Debit Spread rejected — required $5850.00 > buying_power $1500.00 × 100% = $1500.00
2026-08-05 10:08:31,315 INFO [gate:capital] ASML Put Debit Spread rejected — required $4770.00 > buying_power $1500.00 × 100% = $1500.00
2026-08-05 10:08:31,315 INFO [gate:capital] QCOM Bear Combo rejected — required $1751.00 > buying_power $1500.00 × 100% = $1500.00
2026-08-05 10:08:31,315 INFO [gate:capital] KLAC Call Debit Spread rejected — required $2100.00 > buying_power $1500.00 × 100% = $1500.00
2026-08-05 10:08:31,315 INFO [gate:capital] KLAC Put Debit Spread rejected — required $2750.00 > buying_power $1500.00 × 100% = $1500.00
2026-08-05 10:08:31,315 INFO [gate:capital] KLAC Bear Combo rejected — required $4600.00 > buying_power $1500.00 × 100% = $1500.00
2026-08-05 10:08:31,315 INFO [gate:capital] LRCX Call Debit Spread rejected — required $2425.00 > buying_power $1500.00 × 100% = $1500.00
2026-08-05 10:08:31,315 INFO [gate:capital] LRCX Put Debit Spread rejected — required $2805.00 > buying_power $1500.00 × 100% = $1500.00
2026-08-05 10:08:31,315 INFO [gate:capital] LRCX Bear Combo rejected — required $5654.00 > buying_power $1500.00 × 100% = $1500.00
2026-08-05 10:08:31,315 INFO [gate:capital] LRCX Put Credit Spread rejected — required $1976.00 > buying_power $1500.00 × 100% = $1500.00
2026-08-05 10:08:31,315 INFO [gate:capital] LRCX Iron Condor rejected — required $1901.00 > buying_power $1500.00 × 100% = $1500.00
2026-08-05 10:08:31,315 INFO [gate:capital] LRCX Call Debit Spread rejected — required $2000.00 > buying_power $1500.00 × 100% = $1500.00
2026-08-05 10:08:31,315 INFO [gate:capital] LRCX Put Debit Spread rejected — required $2080.00 > buying_power $1500.00 × 100% = $1500.00
2026-08-05 10:08:31,315 INFO [gate:capital] LRCX Bear Combo rejected — required $3588.00 > buying_power $1500.00 × 100% = $1500.00
2026-08-05 10:08:31,315 INFO [gate:capital] CDNS Call Debit Spread rejected — required $1625.00 > buying_power $1500.00 × 100% = $1500.00
2026-08-05 10:08:31,315 INFO [gate:capital] CDNS Diagonal Spread rejected — required $2230.00 > buying_power $1500.00 × 100% = $1500.00
2026-08-05 10:08:31,315 INFO [gate:capital] SNOW Call Debit Spread rejected — required $1595.00 > buying_power $1500.00 × 100% = $1500.00
2026-08-05 10:08:31,315 INFO [gate:capital] SNOW Bear Combo rejected — required $2807.00 > buying_power $1500.00 × 100% = $1500.00
2026-08-05 10:08:31,315 INFO [gate:capital] SNOW Bear Combo rejected — required $1565.00 > buying_power $1500.00 × 100% = $1500.00
2026-08-05 10:08:31,315 INFO [gate:capital] SNPS Call Debit Spread rejected — required $3270.00 > buying_power $1500.00 × 100% = $1500.00
2026-08-05 10:08:31,315 INFO [gate:capital] SNPS Put Debit Spread rejected — required $3850.00 > buying_power $1500.00 × 100% = $1500.00
2026-08-05 10:08:31,331 INFO [gate:capital] PLTR Iron Butterfly rejected — required $1810.00 > buying_power $1500.00 × 100% = $1500.00
2026-08-05 10:08:31,334 INFO [gate:capital] PLTR Bear Combo rejected — required $2392.00 > buying_power $1500.00 × 100% = $1500.00
2026-08-05 10:08:31,335 INFO [gate:capital] MDB Put Debit Spread rejected — required $1930.00 > buying_power $1500.00 × 100% = $1500.00
2026-08-05 10:08:31,336 INFO [gate:capital] MDB Bear Combo rejected — required $5135.00 > buying_power $1500.00 × 100% = $1500.00
2026-08-05 10:08:31,338 INFO [gate:capital] ADBE Call Debit Spread rejected — required $2195.00 > buying_power $1500.00 × 100% = $1500.00
2026-08-05 10:08:31,338 INFO [gate:capital] ADBE Put Debit Spread rejected — required $2250.00 > buying_power $1500.00 × 100% = $1500.00
2026-08-05 10:08:31,340 INFO [gate:capital] SAP Call Debit Spread rejected — required $1580.00 > buying_power $1500.00 × 100% = $1500.00
2026-08-05 10:08:31,341 INFO [gate:capital] INTU Call Debit Spread rejected — required $2980.00 > buying_power $1500.00 × 100% = $1500.00
2026-08-05 10:08:31,341 INFO [gate:capital] INTU Put Debit Spread rejected — required $3860.00 > buying_power $1500.00 × 100% = $1500.00
2026-08-05 10:08:31,342 INFO [gate:capital] INTU Diagonal Spread rejected — required $2230.00 > buying_power $1500.00 × 100% = $1500.00
2026-08-05 10:08:31,342 INFO [gate:capital] INTU Call Debit Spread rejected — required $1690.00 > buying_power $1500.00 × 100% = $1500.00
2026-08-05 10:08:31,342 INFO [gate:capital] NOW Bear Combo rejected — required $2477.00 > buying_power $1500.00 × 100% = $1500.00
2026-08-05 10:08:31,342 INFO [gate:capital] META Call Debit Spread rejected — required $2835.00 > buying_power $1500.00 × 100% = $1500.00
2026-08-05 10:08:31,342 INFO [gate:capital] META Put Debit Spread rejected — required $2905.00 > buying_power $1500.00 × 100% = $1500.00
2026-08-05 10:08:31,342 INFO [gate:capital] META Call Debit Spread rejected — required $1655.00 > buying_power $1500.00 × 100% = $1500.00
2026-08-05 10:08:31,342 INFO [gate:capital] TSLA Call Debit Spread rejected — required $1720.00 > buying_power $1500.00 × 100% = $1500.00
2026-08-05 10:08:31,348 INFO [gate:capital] TSLA Put Debit Spread rejected — required $2005.00 > buying_power $1500.00 × 100% = $1500.00
2026-08-05 10:08:31,348 INFO [gate:capital] COST Call Debit Spread rejected — required $1890.00 > buying_power $1500.00 × 100% = $1500.00
2026-08-05 10:08:31,348 INFO [gate:capital] COST Put Debit Spread rejected — required $2110.00 > buying_power $1500.00 × 100% = $1500.00
2026-08-05 10:08:31,348 INFO [gate:capital] COST Put Debit Spread rejected — required $2016.00 > buying_power $1500.00 × 100% = $1500.00
2026-08-05 10:08:31,348 INFO [gate:capital] ULTA Put Debit Spread rejected — required $7210.00 > buying_power $1500.00 × 100% = $1500.00
2026-08-05 10:08:31,348 INFO [gate:capital] HD Put Debit Spread rejected — required $2675.00 > buying_power $1500.00 × 100% = $1500.00
2026-08-05 10:08:31,348 INFO [gate:capital] ISRG Call Debit Spread rejected — required $2290.00 > buying_power $1500.00 × 100% = $1500.00
2026-08-05 10:08:31,348 INFO [gate:capital] ISRG Put Debit Spread rejected — required $2060.00 > buying_power $1500.00 × 100% = $1500.00
2026-08-05 10:08:31,348 INFO [gate:capital] UNH Put Debit Spread rejected — required $2100.00 > buying_power $1500.00 × 100% = $1500.00
2026-08-05 10:08:31,348 INFO [gate:capital] MA Call Debit Spread rejected — required $2410.00 > buying_power $1500.00 × 100% = $1500.00
2026-08-05 10:08:31,348 INFO [gate:capital] MA Put Debit Spread rejected — required $1830.00 > buying_power $1500.00 × 100% = $1500.00
2026-08-05 10:08:31,348 INFO [gate:capital] CAT Call Debit Spread rejected — required $4420.00 > buying_power $1500.00 × 100% = $1500.00
2026-08-05 10:08:31,363 INFO [gate:capital] CAT Put Debit Spread rejected — required $7410.00 > buying_power $1500.00 × 100% = $1500.00
2026-08-05 10:08:31,363 INFO [gate:capital] GE Put Debit Spread rejected — required $2515.00 > buying_power $1500.00 × 100% = $1500.00
2026-08-05 10:08:31,363 INFO [gate:capital] ETN Diagonal Spread rejected — required $2420.00 > buying_power $1500.00 × 100% = $1500.00
2026-08-05 10:08:31,363 INFO [gate:capital] DE Call Debit Spread rejected — required $3360.00 > buying_power $1500.00 × 100% = $1500.00
2026-08-05 10:08:31,363 INFO [gate:capital] DE Put Debit Spread rejected — required $3480.00 > buying_power $1500.00 × 100% = $1500.00
2026-08-05 10:08:31,363 INFO [gate:capital] VRT Call Debit Spread rejected — required $1585.00 > buying_power $1500.00 × 100% = $1500.00
2026-08-05 10:08:31,363 INFO [gate:capital] VRT Put Debit Spread rejected — required $1920.00 > buying_power $1500.00 × 100% = $1500.00
2026-08-05 10:08:31,363 INFO [gate:capital] VRT Bear Combo rejected — required $3165.00 > buying_power $1500.00 × 100% = $1500.00
2026-08-05 10:08:31,363 INFO [gate:capital] VRT Diagonal Spread rejected — required $2500.00 > buying_power $1500.00 × 100% = $1500.00
2026-08-05 10:08:31,363 INFO [gate:capital] VRT Bear Combo rejected — required $1985.00 > buying_power $1500.00 × 100% = $1500.00
2026-08-05 10:08:31,363 INFO [gate:capital] EQIX Call Debit Spread rejected — required $3550.00 > buying_power $1500.00 × 100% = $1500.00
2026-08-05 10:08:31,363 INFO [gate:capital] EQIX Put Debit Spread rejected — required $2795.00 > buying_power $1500.00 × 100% = $1500.00
2026-08-05 10:08:31,363 INFO [gate:capital] LOW Put Debit Spread rejected — required $1660.00 > buying_power $1500.00 × 100% = $1500.00
2026-08-05 10:08:31,381 INFO [filter] 1043 rejected, 121 survived — gate breakdown: {'capital_feasibility': 96, 'expected_roi': 325, 'no_ev_or_pop': 50, 'iv_edge': 86, 'strikes_incomplete': 297, 'min_profit': 60, 'liquidity': 92, 'ml_confidence': 37}
2026-08-05 10:08:31,383 INFO [filter] strikes_incomplete by structure: {'Short Straddle': 45, 'Short Strangle': 43, 'Jade Lizard': 42, 'Diagonal Spread': 26, 'Call Credit Spread': 24, 'Iron Condor': 24, 'Calendar Spread': 22, 'Put Credit Spread': 16, 'Iron Butterfly': 12, 'Put Debit Spread': 10, 'Ratio Put Backspread': 7, 'Bear Combo': 7, 'Call Debit Spread': 6, 'Financed Long Put': 3, 'Covered Call': 2, 'Risk Reversal': 2, 'Financed Long Call': 2, 'Long Strangle': 2, 'Cash Secured Put': 1, 'Ratio Call Backspread': 1}
2026-08-05 10:09:13,476 INFO [risk] Skip IWM — already have 5 open position(s)
2026-08-05 10:09:15,511 INFO Ranking: composite score (XGBRanker not trained)
2026-08-05 10:09:15,630 INFO [capital_rejected] 96 entries persisted to capital_rejected.jsonl
2026-08-05 10:09:17,033 INFO Paper trade #1: 20260805AM_SPY_CDS_1  credit=6.975  expiry=2026-08-14
2026-08-05 10:09:19,728 INFO Training snapshot written for paper trade 20260805AM_SPY_CDS_1
2026-08-05 10:09:20,158 WARNING [capital] Skipping VRT Call Debit Spread — needs $1100.00 but only $766.00 buying power available.
2026-08-05 10:09:20,476 INFO Paper trade #2: 20260805AM_SNOW_COV_2  credit=3.250  expiry=2026-08-14
2026-08-05 10:09:22,373 INFO Training snapshot written for paper trade 20260805AM_SNOW_COV_2
2026-08-05 10:09:22,752 WARNING [capital] Skipping QQQ Call Debit Spread — needs $1060.00 but only $766.00 buying power available.
2026-08-05 10:09:23,254 INFO Paper trade #3: 20260805AM_UNH_CDS_3  credit=5.455  expiry=2026-08-14
2026-08-05 10:09:24,740 INFO Training snapshot written for paper trade 20260805AM_UNH_CDS_3
2026-08-05 10:12:58,258 INFO [scan_morning] scan snapshots: 192 saved, 6 skipped (opened), 0 errors
2026-08-05 10:12:58,258 INFO Scan snapshots: 192 saved, 6 skipped
2026-08-06 10:00:30,295 WARNING [warmup] E*TRADE not authenticated — option chains will fall back to yfinance
2026-08-06 10:00:30,482 INFO ml_cache disk file is stale (147585s) — trying DuckDB
2026-08-06 10:00:31,590 INFO ml_cache loaded from DuckDB fallback: 83 tickers
2026-08-06 10:00:31,615 INFO [prefetch] step 1 — batch daily history for 102 tickers
2026-08-06 10:00:46,106 INFO [prefetch] daily history done: 102 ok, 0 fail  (14.5s)
2026-08-06 10:00:46,106 INFO [prefetch] step 2 — batch weekly history for 101 tickers
2026-08-06 10:01:01,836 INFO [prefetch] weekly history done: 101 ok, 0 fail  (30.2s)
2026-08-06 10:01:01,852 INFO [prefetch] step 3+4 — expirations + chains for 101 tickers (serial)
2026-08-06 10:02:40,244 INFO [prefetch] done in 129s — hist 102/102, weekly 101/101, exps 101/101, chains 403 (fail 0)
2026-08-06 10:02:40,244 INFO [scan] cache ready — 707 total keys, 403 chain keys
2026-08-06 10:02:41,615 ERROR HTTP Error 404: {"quoteSummary":{"result":null,"error":{"code":"Not Found","description":"No fundamentals data found for symbol: TQQQ"}}}
2026-08-06 10:02:42,134 ERROR HTTP Error 404: {"quoteSummary":{"result":null,"error":{"code":"Not Found","description":"No fundamentals data found for symbol: TQQQ"}}}
2026-08-06 10:02:42,134 ERROR HTTP Error 404: {"quoteSummary":{"result":null,"error":{"code":"Not Found","description":"No fundamentals data found for symbol: QQQ"}}}
2026-08-06 10:02:42,269 ERROR HTTP Error 404: {"quoteSummary":{"result":null,"error":{"code":"Not Found","description":"No fundamentals data found for symbol: SPY"}}}
2026-08-06 10:02:42,501 ERROR HTTP Error 404: {"quoteSummary":{"result":null,"error":{"code":"Not Found","description":"No fundamentals data found for symbol: QQQ"}}}
2026-08-06 10:02:42,518 ERROR HTTP Error 404: {"quoteSummary":{"result":null,"error":{"code":"Not Found","description":"No fundamentals data found for symbol: SPY"}}}
2026-08-06 10:03:00,417 ERROR HTTP Error 404: {"quoteSummary":{"result":null,"error":{"code":"Not Found","description":"No fundamentals data found for symbol: TQQQ"}}}
2026-08-06 10:03:00,764 ERROR HTTP Error 404: {"quoteSummary":{"result":null,"error":{"code":"Not Found","description":"No fundamentals data found for symbol: TQQQ"}}}
2026-08-06 10:03:01,518 ERROR HTTP Error 401: {"finance":{"result":null,"error":{"code":"Unauthorized","description":"Invalid Crumb"}}}
2026-08-06 10:03:01,550 ERROR HTTP Error 401: {"finance":{"result":null,"error":{"code":"Unauthorized","description":"Invalid Crumb"}}}
2026-08-06 10:03:09,804 ERROR HTTP Error 404: {"quoteSummary":{"result":null,"error":{"code":"Not Found","description":"No fundamentals data found for symbol: SPY"}}}
2026-08-06 10:03:10,433 ERROR HTTP Error 404: {"quoteSummary":{"result":null,"error":{"code":"Not Found","description":"No fundamentals data found for symbol: SPY"}}}
2026-08-06 10:03:23,027 WARNING analyze_ticker(QQQ) failed: 'NoneType' object has no attribute 'copy'
2026-08-06 10:03:23,851 ERROR HTTP Error 404: {"quoteSummary":{"result":null,"error":{"code":"Not Found","description":"No fundamentals data found for symbol: QQQ"}}}
2026-08-06 10:03:24,164 ERROR HTTP Error 404: {"quoteSummary":{"result":null,"error":{"code":"Not Found","description":"No fundamentals data found for symbol: QQQ"}}}
2026-08-06 10:04:03,849 WARNING persist_feature_snapshot failed for KLAC: ConnectionException: Connection Error: Can't open a connection to same database file with a different configuration than existing connections
2026-08-06 10:04:37,190 WARNING persist_feature_snapshot failed for NOW: ConnectionException: Connection Error: Can't open a connection to same database file with a different configuration than existing connections
2026-08-06 10:04:37,190 WARNING persist_feature_snapshot failed for ORCL: ConnectionException: Connection Error: Can't open a connection to same database file with a different configuration than existing connections
2026-08-06 10:04:37,237 WARNING persist_feature_snapshot failed for PLTR: ConnectionException: Connection Error: Can't open a connection to same database file with a different configuration than existing connections
2026-08-06 10:04:39,025 ERROR HTTP Error 401: {"finance":{"result":null,"error":{"code":"Unauthorized","description":"Invalid Crumb"}}}
2026-08-06 10:04:39,046 ERROR HTTP Error 401: {"finance":{"result":null,"error":{"code":"Unauthorized","description":"Invalid Crumb"}}}
2026-08-06 10:04:39,048 ERROR HTTP Error 401: {"finance":{"result":null,"error":{"code":"Unauthorized","description":"Invalid Crumb"}}}
2026-08-06 10:04:39,733 ERROR HTTP Error 401: {"finance":{"result":null,"error":{"code":"Unauthorized","description":"User is unable to access this feature - https://bit.ly/yahoo-finance-api-feedback"}}}
2026-08-06 10:04:52,696 WARNING analyze_ticker(INTU) failed: 'NoneType' object has no attribute 'copy'
2026-08-06 10:05:10,073 ERROR HTTP Error 401: {"finance":{"result":null,"error":{"code":"Unauthorized","description":"Invalid Crumb"}}}
2026-08-06 10:05:10,088 ERROR HTTP Error 401: {"finance":{"result":null,"error":{"code":"Unauthorized","description":"Invalid Crumb"}}}
2026-08-06 10:05:19,201 ERROR HTTP Error 401: {"finance":{"result":null,"error":{"code":"Unauthorized","description":"Invalid Crumb"}}}
2026-08-06 10:05:27,167 ERROR HTTP Error 401: {"finance":{"result":null,"error":{"code":"Unauthorized","description":"Invalid Crumb"}}}
2026-08-06 10:05:32,018 ERROR HTTP Error 401: {"finance":{"result":null,"error":{"code":"Unauthorized","description":"Invalid Crumb"}}}
2026-08-06 10:05:32,023 ERROR HTTP Error 401: {"finance":{"result":null,"error":{"code":"Unauthorized","description":"Invalid Crumb"}}}
2026-08-06 10:05:40,325 WARNING persist_feature_snapshot failed for SHOP: ConnectionException: Connection Error: Can't open a connection to same database file with a different configuration than existing connections
2026-08-06 10:05:52,696 WARNING analyze_ticker(HD) failed: 'NoneType' object has no attribute 'copy'
2026-08-06 10:05:52,707 ERROR HTTP Error 401: {"finance":{"result":null,"error":{"code":"Unauthorized","description":"User is unable to access this feature - https://bit.ly/yahoo-finance-api-feedback"}}}
2026-08-06 10:05:59,048 ERROR HTTP Error 401: {"finance":{"result":null,"error":{"code":"Unauthorized","description":"User is unable to access this feature - https://bit.ly/yahoo-finance-api-feedback"}}}
2026-08-06 10:06:20,165 ERROR HTTP Error 401: {"finance":{"result":null,"error":{"code":"Unauthorized","description":"Invalid Crumb"}}}
2026-08-06 10:06:20,172 ERROR HTTP Error 401: {"finance":{"result":null,"error":{"code":"Unauthorized","description":"Invalid Crumb"}}}
2026-08-06 10:06:28,033 ERROR HTTP Error 401: {"finance":{"result":null,"error":{"code":"Unauthorized","description":"Invalid Crumb"}}}
2026-08-06 10:06:45,896 ERROR HTTP Error 401: {"finance":{"result":null,"error":{"code":"Unauthorized","description":"Invalid Crumb"}}}
2026-08-06 10:07:58,843 ERROR HTTP Error 404: {"quoteSummary":{"result":null,"error":{"code":"Not Found","description":"No fundamentals data found for symbol: IWM"}}}
2026-08-06 10:07:59,561 ERROR HTTP Error 404: {"quoteSummary":{"result":null,"error":{"code":"Not Found","description":"No fundamentals data found for symbol: IWM"}}}
2026-08-06 10:08:01,643 ERROR HTTP Error 404: {"quoteSummary":{"result":null,"error":{"code":"Not Found","description":"No fundamentals data found for symbol: GLD"}}}
2026-08-06 10:08:01,980 ERROR HTTP Error 401: {"finance":{"result":null,"error":{"code":"Unauthorized","description":"Invalid Crumb"}}}
2026-08-06 10:08:01,995 ERROR HTTP Error 401: {"finance":{"result":null,"error":{"code":"Unauthorized","description":"Invalid Crumb"}}}
2026-08-06 10:08:02,927 ERROR HTTP Error 404: {"quoteSummary":{"result":null,"error":{"code":"Not Found","description":"No fundamentals data found for symbol: XLE"}}}
2026-08-06 10:08:03,498 WARNING persist_feature_snapshot failed for SOFI: IOException: IO Error: Cannot open file "C:\Project Y\data\ml_training.duckdb": The process cannot access the file because it is being used by another process.

File is already open in 
C:\Python312\python\python.exe (PID 10340)
2026-08-06 10:08:03,600 WARNING persist_feature_snapshot failed for FCX: IOException: IO Error: Cannot open file "C:\Project Y\data\ml_training.duckdb": The process cannot access the file because it is being used by another process.

File is already open in 
C:\Python312\python\python.exe (PID 10340)
2026-08-06 10:08:04,016 ERROR HTTP Error 404: {"quoteSummary":{"result":null,"error":{"code":"Not Found","description":"No fundamentals data found for symbol: XLE"}}}
2026-08-06 10:08:09,395 ERROR HTTP Error 404: {"quoteSummary":{"result":null,"error":{"code":"Not Found","description":"No fundamentals data found for symbol: IWM"}}}
2026-08-06 10:08:09,695 ERROR HTTP Error 404: {"quoteSummary":{"result":null,"error":{"code":"Not Found","description":"No fundamentals data found for symbol: IWM"}}}
2026-08-06 10:08:27,197 ERROR HTTP Error 404: {"quoteSummary":{"result":null,"error":{"code":"Not Found","description":"No fundamentals data found for symbol: XLE"}}}
2026-08-06 10:08:27,573 ERROR HTTP Error 404: {"quoteSummary":{"result":null,"error":{"code":"Not Found","description":"No fundamentals data found for symbol: XLE"}}}
2026-08-06 10:08:38,366 ERROR HTTP Error 404: {"quoteSummary":{"result":null,"error":{"code":"Not Found","description":"No fundamentals data found for symbol: GLD"}}}
2026-08-06 10:08:38,767 ERROR HTTP Error 404: {"quoteSummary":{"result":null,"error":{"code":"Not Found","description":"No fundamentals data found for symbol: GLD"}}}
2026-08-06 10:08:56,634 ERROR HTTP Error 401: {"finance":{"result":null,"error":{"code":"Unauthorized","description":"Invalid Crumb"}}}
2026-08-06 10:09:33,685 INFO [gate:capital] AVGO Call Debit Spread rejected — required $2450.00 > buying_power $1500.00 × 100% = $1500.00
2026-08-06 10:09:33,685 INFO [gate:capital] AVGO Put Debit Spread rejected — required $3535.00 > buying_power $1500.00 × 100% = $1500.00
2026-08-06 10:09:33,685 INFO [gate:capital] MSFT Put Debit Spread rejected — required $1625.00 > buying_power $1500.00 × 100% = $1500.00
2026-08-06 10:09:33,685 INFO [gate:capital] ARM Call Debit Spread rejected — required $1625.00 > buying_power $1500.00 × 100% = $1500.00
2026-08-06 10:09:33,685 INFO [gate:capital] ARM Bear Combo rejected — required $2980.00 > buying_power $1500.00 × 100% = $1500.00
2026-08-06 10:09:33,700 INFO [gate:capital] ARM Bear Combo rejected — required $3446.00 > buying_power $1500.00 × 100% = $1500.00
2026-08-06 10:09:33,700 INFO [gate:capital] AMD Call Credit Spread rejected — required $1790.00 > buying_power $1500.00 × 100% = $1500.00
2026-08-06 10:09:33,700 INFO [gate:capital] AMD Iron Condor rejected — required $1635.00 > buying_power $1500.00 × 100% = $1500.00
2026-08-06 10:09:33,700 INFO [gate:capital] AMD Iron Butterfly rejected — required $3785.00 > buying_power $1500.00 × 100% = $1500.00
2026-08-06 10:09:33,700 INFO [gate:capital] AMD Call Debit Spread rejected — required $3595.00 > buying_power $1500.00 × 100% = $1500.00
2026-08-06 10:09:33,700 INFO [gate:capital] AMD Put Debit Spread rejected — required $4975.00 > buying_power $1500.00 × 100% = $1500.00
2026-08-06 10:09:33,700 INFO [gate:capital] AMD Bear Combo rejected — required $10550.00 > buying_power $1500.00 × 100% = $1500.00
2026-08-06 10:09:33,700 INFO [gate:capital] AMD Diagonal Spread rejected — required $5355.00 > buying_power $1500.00 × 100% = $1500.00
2026-08-06 10:09:33,700 INFO [gate:capital] AMD Call Debit Spread rejected — required $1650.00 > buying_power $1500.00 × 100% = $1500.00
2026-08-06 10:09:33,700 INFO [gate:capital] AMD Put Debit Spread rejected — required $1865.00 > buying_power $1500.00 × 100% = $1500.00
2026-08-06 10:09:33,700 INFO [gate:capital] AMD Bear Combo rejected — required $3995.00 > buying_power $1500.00 × 100% = $1500.00
2026-08-06 10:09:33,716 INFO [gate:capital] AMD Diagonal Spread rejected — required $3555.00 > buying_power $1500.00 × 100% = $1500.00
2026-08-06 10:09:33,716 INFO [gate:capital] TSM Put Debit Spread rejected — required $1556.00 > buying_power $1500.00 × 100% = $1500.00
2026-08-06 10:09:33,716 INFO [gate:capital] MU Put Credit Spread rejected — required $1560.00 > buying_power $1500.00 × 100% = $1500.00
2026-08-06 10:09:33,722 INFO [gate:capital] MU Iron Condor rejected — required $1510.00 > buying_power $1500.00 × 100% = $1500.00
2026-08-06 10:09:33,722 INFO [gate:capital] MU Call Debit Spread rejected — required $4780.00 > buying_power $1500.00 × 100% = $1500.00
2026-08-06 10:09:33,722 INFO [gate:capital] MU Put Debit Spread rejected — required $6510.00 > buying_power $1500.00 × 100% = $1500.00
2026-08-06 10:09:33,722 INFO [gate:capital] MU Bear Combo rejected — required $11915.00 > buying_power $1500.00 × 100% = $1500.00
2026-08-06 10:09:33,722 INFO [gate:capital] MU Call Debit Spread rejected — required $3395.00 > buying_power $1500.00 × 100% = $1500.00
2026-08-06 10:09:33,722 INFO [gate:capital] MU Put Debit Spread rejected — required $5255.00 > buying_power $1500.00 × 100% = $1500.00
2026-08-06 10:09:33,722 INFO [gate:capital] MU Bear Combo rejected — required $8270.00 > buying_power $1500.00 × 100% = $1500.00
2026-08-06 10:09:33,722 INFO [gate:capital] KLAC Put Credit Spread rejected — required $1720.00 > buying_power $1500.00 × 100% = $1500.00
2026-08-06 10:09:33,722 INFO [gate:capital] KLAC Iron Butterfly rejected — required $1960.00 > buying_power $1500.00 × 100% = $1500.00
2026-08-06 10:09:33,722 INFO [gate:capital] KLAC Call Debit Spread rejected — required $1580.00 > buying_power $1500.00 × 100% = $1500.00
2026-08-06 10:09:33,722 INFO [gate:capital] KLAC Put Debit Spread rejected — required $2750.00 > buying_power $1500.00 × 100% = $1500.00
2026-08-06 10:09:33,722 INFO [gate:capital] ASML Call Debit Spread rejected — required $5880.00 > buying_power $1500.00 × 100% = $1500.00
2026-08-06 10:09:33,722 INFO [gate:capital] ASML Put Debit Spread rejected — required $8540.00 > buying_power $1500.00 × 100% = $1500.00
2026-08-06 10:09:33,738 INFO [gate:capital] ASML Call Debit Spread rejected — required $4250.00 > buying_power $1500.00 × 100% = $1500.00
2026-08-06 10:09:33,738 INFO [gate:capital] ASML Put Debit Spread rejected — required $5480.00 > buying_power $1500.00 × 100% = $1500.00
2026-08-06 10:09:33,738 INFO [gate:capital] TXN Diagonal Spread rejected — required $1825.00 > buying_power $1500.00 × 100% = $1500.00
2026-08-06 10:09:33,738 INFO [gate:capital] INTC Put Debit Spread rejected — required $1882.00 > buying_power $1500.00 × 100% = $1500.00
2026-08-06 10:09:33,738 INFO [gate:capital] INTC Bear Combo rejected — required $2552.00 > buying_power $1500.00 × 100% = $1500.00
2026-08-06 10:09:33,738 INFO [gate:capital] LRCX Call Debit Spread rejected — required $1625.00 > buying_power $1500.00 × 100% = $1500.00
2026-08-06 10:09:33,738 INFO [gate:capital] LRCX Put Debit Spread rejected — required $2325.00 > buying_power $1500.00 × 100% = $1500.00
2026-08-06 10:09:33,738 INFO [gate:capital] LRCX Bear Combo rejected — required $3335.00 > buying_power $1500.00 × 100% = $1500.00
2026-08-06 10:09:33,738 INFO [gate:capital] LRCX Diagonal Spread rejected — required $3230.00 > buying_power $1500.00 × 100% = $1500.00
2026-08-06 10:09:33,738 INFO [gate:capital] LRCX Iron Butterfly rejected — required $1590.00 > buying_power $1500.00 × 100% = $1500.00
2026-08-06 10:09:33,754 INFO [gate:capital] LRCX Put Debit Spread rejected — required $1895.00 > buying_power $1500.00 × 100% = $1500.00
2026-08-06 10:09:33,754 INFO [gate:capital] LRCX Bear Combo rejected — required $3058.00 > buying_power $1500.00 × 100% = $1500.00
2026-08-06 10:09:33,754 INFO [gate:capital] LRCX Diagonal Spread rejected — required $3440.00 > buying_power $1500.00 × 100% = $1500.00
2026-08-06 10:09:33,754 INFO [gate:capital] SNPS Call Debit Spread rejected — required $2720.00 > buying_power $1500.00 × 100% = $1500.00
2026-08-06 10:09:33,754 INFO [gate:capital] SNPS Put Debit Spread rejected — required $3670.00 > buying_power $1500.00 × 100% = $1500.00
2026-08-06 10:09:33,754 INFO [gate:capital] SNOW Bear Combo rejected — required $2300.00 > buying_power $1500.00 × 100% = $1500.00
2026-08-06 10:09:33,754 INFO [gate:capital] SNOW Put Credit Spread rejected — required $1720.00 > buying_power $1500.00 × 100% = $1500.00
2026-08-06 10:09:33,754 INFO [gate:capital] SNOW Bear Combo rejected — required $2063.00 > buying_power $1500.00 × 100% = $1500.00
2026-08-06 10:09:33,754 INFO [gate:capital] CDNS Call Debit Spread rejected — required $1720.00 > buying_power $1500.00 × 100% = $1500.00
2026-08-06 10:09:33,754 INFO [gate:capital] CDNS Diagonal Spread rejected — required $2120.00 > buying_power $1500.00 × 100% = $1500.00
2026-08-06 10:09:33,754 INFO [gate:capital] PLTR Bear Combo rejected — required $2140.00 > buying_power $1500.00 × 100% = $1500.00
2026-08-06 10:09:33,754 INFO [gate:capital] MDB Call Debit Spread rejected — required $2405.00 > buying_power $1500.00 × 100% = $1500.00
2026-08-06 10:09:33,754 INFO [gate:capital] MDB Put Debit Spread rejected — required $1610.00 > buying_power $1500.00 × 100% = $1500.00
2026-08-06 10:09:33,754 INFO [gate:capital] MDB Bear Combo rejected — required $4580.00 > buying_power $1500.00 × 100% = $1500.00
2026-08-06 10:09:33,754 INFO [gate:capital] CRM Put Debit Spread rejected — required $1675.00 > buying_power $1500.00 × 100% = $1500.00
2026-08-06 10:09:33,754 INFO [gate:capital] ADBE Put Debit Spread rejected — required $1895.00 > buying_power $1500.00 × 100% = $1500.00
2026-08-06 10:09:33,769 INFO [gate:capital] META Call Debit Spread rejected — required $2615.00 > buying_power $1500.00 × 100% = $1500.00
2026-08-06 10:09:33,769 INFO [gate:capital] TSLA Put Debit Spread rejected — required $2220.00 > buying_power $1500.00 × 100% = $1500.00
2026-08-06 10:09:33,769 INFO [gate:capital] ULTA Call Debit Spread rejected — required $3190.00 > buying_power $1500.00 × 100% = $1500.00
2026-08-06 10:09:33,769 INFO [gate:capital] ULTA Put Debit Spread rejected — required $3510.00 > buying_power $1500.00 × 100% = $1500.00
2026-08-06 10:09:33,769 INFO [gate:capital] COST Call Debit Spread rejected — required $2095.00 > buying_power $1500.00 × 100% = $1500.00
2026-08-06 10:09:33,769 INFO [gate:capital] COST Call Debit Spread rejected — required $2190.00 > buying_power $1500.00 × 100% = $1500.00
2026-08-06 10:09:33,769 INFO [gate:capital] LLY Call Debit Spread rejected — required $4990.00 > buying_power $1500.00 × 100% = $1500.00
2026-08-06 10:09:33,769 INFO [gate:capital] LLY Put Debit Spread rejected — required $6200.00 > buying_power $1500.00 × 100% = $1500.00
2026-08-06 10:09:33,769 INFO [gate:capital] LLY Call Debit Spread rejected — required $2455.00 > buying_power $1500.00 × 100% = $1500.00
2026-08-06 10:09:33,785 INFO [gate:capital] ISRG Call Debit Spread rejected — required $1750.00 > buying_power $1500.00 × 100% = $1500.00
2026-08-06 10:09:33,785 INFO [gate:capital] AMGN Call Debit Spread rejected — required $1650.00 > buying_power $1500.00 × 100% = $1500.00
2026-08-06 10:09:33,785 INFO [gate:capital] UNH Put Debit Spread rejected — required $2000.00 > buying_power $1500.00 × 100% = $1500.00
2026-08-06 10:09:33,785 INFO [gate:capital] MA Call Debit Spread rejected — required $1685.00 > buying_power $1500.00 × 100% = $1500.00
2026-08-06 10:09:33,785 INFO [gate:capital] MA Put Debit Spread rejected — required $1840.00 > buying_power $1500.00 × 100% = $1500.00
2026-08-06 10:09:33,785 INFO [gate:capital] ETN Call Debit Spread rejected — required $2400.00 > buying_power $1500.00 × 100% = $1500.00
2026-08-06 10:09:33,785 INFO [gate:capital] ETN Diagonal Spread rejected — required $2450.00 > buying_power $1500.00 × 100% = $1500.00
2026-08-06 10:09:33,785 INFO [gate:capital] DE Call Debit Spread rejected — required $3560.00 > buying_power $1500.00 × 100% = $1500.00
2026-08-06 10:09:33,785 INFO [gate:capital] DE Put Debit Spread rejected — required $3450.00 > buying_power $1500.00 × 100% = $1500.00
2026-08-06 10:09:33,785 INFO [gate:capital] DE Call Debit Spread rejected — required $1980.00 > buying_power $1500.00 × 100% = $1500.00
2026-08-06 10:09:33,785 INFO [gate:capital] VRT Call Debit Spread rejected — required $1619.00 > buying_power $1500.00 × 100% = $1500.00
2026-08-06 10:09:33,785 INFO [gate:capital] VRT Put Debit Spread rejected — required $1950.00 > buying_power $1500.00 × 100% = $1500.00
2026-08-06 10:09:33,785 INFO [gate:capital] VRT Bear Combo rejected — required $3494.00 > buying_power $1500.00 × 100% = $1500.00
2026-08-06 10:09:33,785 INFO [gate:capital] VRT Bear Combo rejected — required $2087.00 > buying_power $1500.00 × 100% = $1500.00
2026-08-06 10:09:33,785 INFO [gate:capital] CAT Call Debit Spread rejected — required $4940.00 > buying_power $1500.00 × 100% = $1500.00
2026-08-06 10:09:33,785 INFO [gate:capital] CAT Put Debit Spread rejected — required $5920.00 > buying_power $1500.00 × 100% = $1500.00
2026-08-06 10:09:33,785 INFO [gate:capital] CAT Call Debit Spread rejected — required $1870.00 > buying_power $1500.00 × 100% = $1500.00
2026-08-06 10:09:33,799 INFO [gate:capital] LOW Call Debit Spread rejected — required $1535.00 > buying_power $1500.00 × 100% = $1500.00
2026-08-06 10:09:33,799 INFO [filter] 1101 rejected, 134 survived — gate breakdown: {'min_profit': 59, 'expected_roi': 363, 'strikes_incomplete': 299, 'iv_edge': 87, 'capital_feasibility': 85, 'no_ev_or_pop': 57, 'liquidity': 110, 'ml_confidence': 41}
2026-08-06 10:09:33,799 INFO [filter] strikes_incomplete by structure: {'Short Straddle': 50, 'Short Strangle': 44, 'Jade Lizard': 43, 'Diagonal Spread': 27, 'Iron Condor': 26, 'Put Credit Spread': 24, 'Calendar Spread': 22, 'Call Credit Spread': 22, 'Put Debit Spread': 8, 'Call Debit Spread': 7, 'Iron Butterfly': 6, 'Bear Combo': 4, 'Ratio Put Backspread': 3, 'Financed Long Put': 3, 'Covered Call': 2, 'Risk Reversal': 2, 'Financed Long Call': 2, 'Long Strangle': 2, 'Cash Secured Put': 1, 'Ratio Call Backspread': 1}
2026-08-06 10:10:03,435 ERROR $WFC: possibly delisted; no price data found  (period=90d)
2026-08-06 10:10:03,449 ERROR $TGT: possibly delisted; no price data found  (period=90d)
2026-08-06 10:10:03,449 ERROR $PFE: possibly delisted; no price data found  (period=90d)
2026-08-06 10:10:03,610 ERROR $NKE: possibly delisted; no price data found  (period=90d)
2026-08-06 10:10:13,452 ERROR $NFLX: possibly delisted; no price data found  (period=90d)
2026-08-06 10:10:13,466 ERROR $GLD: possibly delisted; no price data found  (period=90d)
2026-08-06 10:10:13,473 ERROR 
6 Failed downloads:
2026-08-06 10:10:13,473 ERROR ['WFC', 'TGT', 'PFE', 'NKE', 'NFLX', 'GLD']: possibly delisted; no price data found  (period=90d)
2026-08-06 10:10:50,581 INFO [risk] Skip IWM — already have 5 open position(s)
2026-08-06 10:10:50,581 INFO [risk] Skip XLE — already have 5 open position(s)
2026-08-06 10:10:57,133 INFO Ranking: composite score (XGBRanker not trained)
2026-08-06 10:10:57,232 INFO [capital_rejected] 85 entries persisted to capital_rejected.jsonl
2026-08-06 10:10:58,791 INFO Paper trade #1: 20260806AM_SPY_PDS_1  credit=4.705  expiry=2026-08-14
2026-08-06 10:10:59,899 INFO Training snapshot written for paper trade 20260806AM_SPY_PDS_1
2026-08-06 10:11:00,316 INFO Paper trade #2: 20260806AM_TSM_CDS_2  credit=7.990  expiry=2026-08-14
2026-08-06 10:11:02,246 INFO Training snapshot written for paper trade 20260806AM_TSM_CDS_2
2026-08-06 10:11:02,594 WARNING [capital] Skipping NVDA Call Debit Spread — needs $548.00 but only $67.00 buying power available.
2026-08-06 10:11:03,076 WARNING [capital] Skipping ARM Call Debit Spread — needs $1220.00 but only $67.00 buying power available.
2026-08-06 10:11:03,413 WARNING [capital] Skipping UBER Call Debit Spread — needs $143.00 but only $67.00 buying power available.
2026-08-06 10:11:03,820 WARNING [capital] Skipping GOOGL Put Debit Spread — needs $1220.00 but only $67.00 buying power available.
2026-08-06 10:11:04,127 WARNING [capital] Skipping QCOM Call Debit Spread — needs $689.00 but only $67.00 buying power available.
2026-08-06 10:11:04,500 WARNING [capital] Skipping SNOW Put Debit Spread — needs $1490.00 but only $67.00 buying power available.
2026-08-06 10:11:04,846 WARNING [capital] Skipping QQQ Put Debit Spread — needs $819.00 but only $67.00 buying power available.
2026-08-06 10:11:05,248 INFO Paper trade #3: 20260806AM_VRT_COV_3  credit=4.350  expiry=2026-08-14
2026-08-06 10:11:06,501 INFO Training snapshot written for paper trade 20260806AM_VRT_COV_3
2026-08-06 10:14:21,696 INFO [scan_morning] scan snapshots: 190 saved, 6 skipped (opened), 0 errors
2026-08-06 10:14:21,696 INFO Scan snapshots: 190 saved, 6 skipped
2026-08-07 10:00:08,253 WARNING [warmup] E*TRADE not authenticated — option chains will fall back to yfinance
2026-08-07 10:00:08,293 INFO ml_cache loaded from disk: 83 tickers, age 927s
2026-08-07 10:00:08,309 INFO [prefetch] step 1 — batch daily history for 102 tickers
2026-08-07 10:00:24,602 INFO [prefetch] daily history done: 102 ok, 0 fail  (16.3s)
2026-08-07 10:00:24,603 INFO [prefetch] step 2 — batch weekly history for 101 tickers
2026-08-07 10:00:43,255 INFO [prefetch] weekly history done: 101 ok, 0 fail  (34.9s)
2026-08-07 10:00:43,268 INFO [prefetch] step 3+4 — expirations + chains for 101 tickers (serial)
2026-08-07 10:02:20,466 INFO [prefetch] done in 132s — hist 102/102, weekly 101/101, exps 101/101, chains 403 (fail 0)
2026-08-07 10:02:20,471 INFO [scan] cache ready — 707 total keys, 403 chain keys
2026-08-07 10:02:22,650 ERROR HTTP Error 404: {"quoteSummary":{"result":null,"error":{"code":"Not Found","description":"No fundamentals data found for symbol: QQQ"}}}
2026-08-07 10:02:22,651 ERROR HTTP Error 404: {"quoteSummary":{"result":null,"error":{"code":"Not Found","description":"No fundamentals data found for symbol: TQQQ"}}}
2026-08-07 10:02:23,354 ERROR HTTP Error 404: {"quoteSummary":{"result":null,"error":{"code":"Not Found","description":"No fundamentals data found for symbol: TQQQ"}}}
2026-08-07 10:02:23,844 ERROR HTTP Error 404: {"quoteSummary":{"result":null,"error":{"code":"Not Found","description":"No fundamentals data found for symbol: QQQ"}}}
2026-08-07 10:02:24,376 WARNING analyze_ticker(TQQQ) failed: [WinError 2] The system cannot find the file specified: 'C:\\Project Y\\data\\oi_cache.json.tmp' -> 'C:\\Project Y\\data\\oi_cache.json'
2026-08-07 10:02:25,133 ERROR HTTP Error 404: {"quoteSummary":{"result":null,"error":{"code":"Not Found","description":"No fundamentals data found for symbol: SPY"}}}
2026-08-07 10:02:25,420 ERROR HTTP Error 404: {"quoteSummary":{"result":null,"error":{"code":"Not Found","description":"No fundamentals data found for symbol: TQQQ"}}}
2026-08-07 10:02:25,830 ERROR HTTP Error 404: {"quoteSummary":{"result":null,"error":{"code":"Not Found","description":"No fundamentals data found for symbol: SPY"}}}
2026-08-07 10:02:26,032 ERROR HTTP Error 404: {"quoteSummary":{"result":null,"error":{"code":"Not Found","description":"No fundamentals data found for symbol: TQQQ"}}}
2026-08-07 10:02:51,475 WARNING persist_feature_snapshot failed for SPY: IOException: IO Error: Cannot open file "C:\Project Y\data\ml_training.duckdb": The process cannot access the file because it is being used by another process.

File is already open in 
C:\Python312\python\python.exe (PID 12076)
2026-08-07 10:02:51,766 WARNING persist_feature_snapshot failed for AMD: IOException: IO Error: Cannot open file "C:\Project Y\data\ml_training.duckdb": The process cannot access the file because it is being used by another process.

File is already open in 
C:\Python312\python\python.exe (PID 12076)
2026-08-07 10:02:51,896 WARNING persist_feature_snapshot failed for MSFT: IOException: IO Error: Cannot open file "C:\Project Y\data\ml_training.duckdb": The process cannot access the file because it is being used by another process.

File is already open in 
C:\Python312\python\python.exe (PID 12076)
2026-08-07 10:02:53,317 WARNING persist_feature_snapshot failed for QQQ: IOException: IO Error: Cannot open file "C:\Project Y\data\ml_training.duckdb": The process cannot access the file because it is being used by another process.

File is already open in 
C:\Python312\python\python.exe (PID 12076)
2026-08-07 10:02:55,533 WARNING persist_feature_snapshot failed for AVGO: IOException: IO Error: Cannot open file "C:\Project Y\data\ml_training.duckdb": The process cannot access the file because it is being used by another process.

File is already open in 
C:\Python312\python\python.exe (PID 12076)
2026-08-07 10:03:01,234 ERROR HTTP Error 404: {"quoteSummary":{"result":null,"error":{"code":"Not Found","description":"No fundamentals data found for symbol: QQQ"}}}
2026-08-07 10:03:01,895 ERROR HTTP Error 404: {"quoteSummary":{"result":null,"error":{"code":"Not Found","description":"No fundamentals data found for symbol: QQQ"}}}
2026-08-07 10:03:01,895 ERROR HTTP Error 404: {"quoteSummary":{"result":null,"error":{"code":"Not Found","description":"No fundamentals data found for symbol: SPY"}}}
2026-08-07 10:03:02,609 ERROR HTTP Error 404: {"quoteSummary":{"result":null,"error":{"code":"Not Found","description":"No fundamentals data found for symbol: SPY"}}}
2026-08-07 10:03:12,474 WARNING analyze_ticker(NVDA) failed: 'NoneType' object has no attribute 'copy'
2026-08-07 10:03:50,994 WARNING persist_feature_snapshot failed for NVDA: IOException: IO Error: Cannot open file "C:\Project Y\data\ml_training.duckdb": The process cannot access the file because it is being used by another process.

File is already open in 
C:\Python312\python\python.exe (PID 12076)
2026-08-07 10:04:08,985 WARNING analyze_ticker(INTC) failed: Too Many Requests. Rate limited. Try after a while.
2026-08-07 10:04:09,668 ERROR HTTP Error 401: {"finance":{"result":null,"error":{"code":"Unauthorized","description":"Invalid Crumb"}}}
2026-08-07 10:04:20,866 ERROR HTTP Error 401: {"finance":{"result":null,"error":{"code":"Unauthorized","description":"Invalid Crumb"}}}
2026-08-07 10:04:24,243 ERROR HTTP Error 401: {"finance":{"result":null,"error":{"code":"Unauthorized","description":"Invalid Crumb"}}}
2026-08-07 10:04:26,137 WARNING persist_feature_snapshot failed for MU: IOException: IO Error: Cannot open file "C:\Project Y\data\ml_training.duckdb": The process cannot access the file because it is being used by another process.

File is already open in 
C:\Python312\python\python.exe (PID 12076)
2026-08-07 10:04:28,466 WARNING persist_feature_snapshot failed for ASML: IOException: IO Error: Cannot open file "C:\Project Y\data\ml_training.duckdb": The process cannot access the file because it is being used by another process.

File is already open in 
C:\Python312\python\python.exe (PID 12076)
2026-08-07 10:04:29,248 ERROR HTTP Error 401: {"finance":{"result":null,"error":{"code":"Unauthorized","description":"Invalid Crumb"}}}
2026-08-07 10:04:30,266 ERROR HTTP Error 401: {"finance":{"result":null,"error":{"code":"Unauthorized","description":"Invalid Crumb"}}}
2026-08-07 10:04:31,929 WARNING analyze_ticker(ASML, short_dte) failed: [WinError 2] The system cannot find the file specified: 'C:\\Project Y\\data\\oi_cache.json.tmp' -> 'C:\\Project Y\\data\\oi_cache.json'
2026-08-07 10:04:32,126 WARNING persist_feature_snapshot failed for QCOM: IOException: IO Error: Cannot open file "C:\Project Y\data\ml_training.duckdb": The process cannot access the file because it is being used by another process.

File is already open in 
C:\Python312\python\python.exe (PID 12076)
2026-08-07 10:04:34,075 WARNING persist_feature_snapshot failed for LRCX: IOException: IO Error: Cannot open file "C:\Project Y\data\ml_training.duckdb": The process cannot access the file because it is being used by another process.

File is already open in 
C:\Python312\python\python.exe (PID 12076)
2026-08-07 10:04:40,157 ERROR HTTP Error 401: {"finance":{"result":null,"error":{"code":"Unauthorized","description":"Invalid Crumb"}}}
2026-08-07 10:04:40,420 WARNING persist_feature_snapshot failed for KLAC: IOException: IO Error: Cannot open file "C:\Project Y\data\ml_training.duckdb": The process cannot access the file because it is being used by another process.

File is already open in 
C:\Python312\python\python.exe (PID 12076)
2026-08-07 10:04:40,552 WARNING analyze_ticker(LRCX) failed: Too Many Requests. Rate limited. Try after a while.
2026-08-07 10:04:41,826 WARNING persist_feature_snapshot failed for ARM: IOException: IO Error: Cannot open file "C:\Project Y\data\ml_training.duckdb": The process cannot access the file because it is being used by another process.

File is already open in 
C:\Python312\python\python.exe (PID 12076)
2026-08-07 10:04:42,854 ERROR HTTP Error 401: {"finance":{"result":null,"error":{"code":"Unauthorized","description":"Invalid Crumb"}}}
2026-08-07 10:04:43,185 WARNING persist_feature_snapshot failed for TXN: IOException: IO Error: Cannot open file "C:\Project Y\data\ml_training.duckdb": The process cannot access the file because it is being used by another process.

File is already open in 
C:\Python312\python\python.exe (PID 12076)
2026-08-07 10:04:51,493 WARNING persist_feature_snapshot failed for INTC: IOException: IO Error: Cannot open file "C:\Project Y\data\ml_training.duckdb": The process cannot access the file because it is being used by another process.

File is already open in 
C:\Python312\python\python.exe (PID 12076)
2026-08-07 10:04:52,191 ERROR HTTP Error 401: {"finance":{"result":null,"error":{"code":"Unauthorized","description":"Invalid Crumb"}}}
2026-08-07 10:04:52,222 ERROR HTTP Error 401: {"finance":{"result":null,"error":{"code":"Unauthorized","description":"Invalid Crumb"}}}
2026-08-07 10:04:52,892 ERROR HTTP Error 401: {"finance":{"result":null,"error":{"code":"Unauthorized","description":"User is unable to access this feature - https://bit.ly/yahoo-finance-api-feedback"}}}
2026-08-07 10:04:57,512 WARNING persist_feature_snapshot failed for LRCX: IOException: IO Error: Cannot open file "C:\Project Y\data\ml_training.duckdb": The process cannot access the file because it is being used by another process.

File is already open in 
C:\Python312\python\python.exe (PID 12076)
2026-08-07 10:04:57,707 ERROR HTTP Error 401: {"finance":{"result":null,"error":{"code":"Unauthorized","description":"Invalid Crumb"}}}
2026-08-07 10:04:59,883 ERROR HTTP Error 401: {"finance":{"result":null,"error":{"code":"Unauthorized","description":"Invalid Crumb"}}}
2026-08-07 10:05:00,389 ERROR HTTP Error 401: {"finance":{"result":null,"error":{"code":"Unauthorized","description":"User is unable to access this feature - https://bit.ly/yahoo-finance-api-feedback"}}}
2026-08-07 10:05:01,116 WARNING persist_feature_snapshot failed for MU: IOException: IO Error: Cannot open file "C:\Project Y\data\ml_training.duckdb": The process cannot access the file because it is being used by another process.

File is already open in 
C:\Python312\python\python.exe (PID 12076)
2026-08-07 10:05:01,973 ERROR HTTP Error 401: {"finance":{"result":null,"error":{"code":"Unauthorized","description":"Invalid Crumb"}}}
2026-08-07 10:05:05,210 ERROR HTTP Error 401: {"finance":{"result":null,"error":{"code":"Unauthorized","description":"Invalid Crumb"}}}
2026-08-07 10:05:07,919 ERROR HTTP Error 401: {"finance":{"result":null,"error":{"code":"Unauthorized","description":"Invalid Crumb"}}}
2026-08-07 10:05:10,227 ERROR HTTP Error 401: {"finance":{"result":null,"error":{"code":"Unauthorized","description":"Invalid Crumb"}}}
2026-08-07 10:05:14,174 ERROR HTTP Error 401: {"finance":{"result":null,"error":{"code":"Unauthorized","description":"Invalid Crumb"}}}
2026-08-07 10:05:18,413 ERROR HTTP Error 401: {"finance":{"result":null,"error":{"code":"Unauthorized","description":"Invalid Crumb"}}}
2026-08-07 10:05:21,736 ERROR HTTP Error 401: {"finance":{"result":null,"error":{"code":"Unauthorized","description":"Invalid Crumb"}}}
2026-08-07 10:05:23,998 ERROR HTTP Error 401: {"finance":{"result":null,"error":{"code":"Unauthorized","description":"Invalid Crumb"}}}
2026-08-07 10:05:28,097 WARNING persist_feature_snapshot failed for CRM: IOException: IO Error: Cannot open file "C:\Project Y\data\ml_training.duckdb": The process cannot access the file because it is being used by another process.

2026-08-07 10:05:29,993 ERROR HTTP Error 401: {"finance":{"result":null,"error":{"code":"Unauthorized","description":"Invalid Crumb"}}}
2026-08-07 10:05:31,076 WARNING persist_feature_snapshot failed for CDNS: IOException: IO Error: Cannot open file "C:\Project Y\data\ml_training.duckdb": The process cannot access the file because it is being used by another process.

File is already open in 
C:\Python312\python\python.exe (PID 12076)
2026-08-07 10:05:32,094 WARNING persist_feature_snapshot failed for SNPS: IOException: IO Error: Cannot open file "C:\Project Y\data\ml_training.duckdb": The process cannot access the file because it is being used by another process.

File is already open in 
C:\Python312\python\python.exe (PID 12076)
2026-08-07 10:05:34,320 WARNING persist_feature_snapshot failed for PLTR: IOException: IO Error: Cannot open file "C:\Project Y\data\ml_training.duckdb": The process cannot access the file because it is being used by another process.

File is already open in 
C:\Python312\python\python.exe (PID 12076)
2026-08-07 10:05:34,981 ERROR HTTP Error 401: {"finance":{"result":null,"error":{"code":"Unauthorized","description":"Invalid Crumb"}}}
2026-08-07 10:05:35,649 ERROR HTTP Error 401: {"finance":{"result":null,"error":{"code":"Unauthorized","description":"User is unable to access this feature - https://bit.ly/yahoo-finance-api-feedback"}}}
2026-08-07 10:05:36,862 ERROR HTTP Error 401: {"finance":{"result":null,"error":{"code":"Unauthorized","description":"Invalid Crumb"}}}
2026-08-07 10:05:37,219 ERROR HTTP Error 401: {"finance":{"result":null,"error":{"code":"Unauthorized","description":"Invalid Crumb"}}}
2026-08-07 10:05:37,273 ERROR HTTP Error 401: {"finance":{"result":null,"error":{"code":"Unauthorized","description":"Invalid Crumb"}}}
2026-08-07 10:05:37,614 ERROR HTTP Error 401: {"finance":{"result":null,"error":{"code":"Unauthorized","description":"User is unable to access this feature - https://bit.ly/yahoo-finance-api-feedback"}}}
2026-08-07 10:05:37,941 WARNING persist_feature_snapshot failed for NOW: IOException: IO Error: Cannot open file "C:\Project Y\data\ml_training.duckdb": The process cannot access the file because it is being used by another process.

File is already open in 
C:\Python312\python\python.exe (PID 12076)
2026-08-07 10:05:38,460 WARNING persist_feature_snapshot failed for MDB: IOException: IO Error: Cannot open file "C:\Project Y\data\ml_training.duckdb": The process cannot access the file because it is being used by another process.

File is already open in 
C:\Python312\python\python.exe (PID 12076)
2026-08-07 10:05:38,605 ERROR HTTP Error 401: {"finance":{"result":null,"error":{"code":"Unauthorized","description":"Invalid Crumb"}}}
2026-08-07 10:05:45,118 ERROR HTTP Error 401: {"finance":{"result":null,"error":{"code":"Unauthorized","description":"Invalid Crumb"}}}
2026-08-07 10:05:45,118 ERROR HTTP Error 401: {"finance":{"result":null,"error":{"code":"Unauthorized","description":"Invalid Crumb"}}}
2026-08-07 10:05:45,487 ERROR HTTP Error 401: {"finance":{"result":null,"error":{"code":"Unauthorized","description":"User is unable to access this feature - https://bit.ly/yahoo-finance-api-feedback"}}}
2026-08-07 10:05:46,148 WARNING persist_feature_snapshot failed for ORCL: IOException: IO Error: Cannot open file "C:\Project Y\data\ml_training.duckdb": The process cannot access the file because it is being used by another process.

File is already open in 
C:\Python312\python\python.exe (PID 12076)
2026-08-07 10:05:46,829 ERROR HTTP Error 401: {"finance":{"result":null,"error":{"code":"Unauthorized","description":"Invalid Crumb"}}}
2026-08-07 10:05:50,284 WARNING persist_feature_snapshot failed for SAP: IOException: IO Error: Cannot open file "C:\Project Y\data\ml_training.duckdb": The process cannot access the file because it is being used by another process.

File is already open in 
C:\Python312\python\python.exe (PID 12076)
2026-08-07 10:05:51,785 WARNING persist_feature_snapshot failed for TEAM: IOException: IO Error: Cannot open file "C:\Project Y\data\ml_training.duckdb": The process cannot access the file because it is being used by another process.

File is already open in 
C:\Python312\python\python.exe (PID 12076)
2026-08-07 10:05:53,959 ERROR HTTP Error 401: {"finance":{"result":null,"error":{"code":"Unauthorized","description":"Invalid Crumb"}}}
2026-08-07 10:05:54,011 ERROR HTTP Error 401: {"finance":{"result":null,"error":{"code":"Unauthorized","description":"Invalid Crumb"}}}
2026-08-07 10:05:54,918 ERROR HTTP Error 401: {"finance":{"result":null,"error":{"code":"Unauthorized","description":"Invalid Crumb"}}}
2026-08-07 10:05:55,681 WARNING persist_feature_snapshot failed for NOW: IOException: IO Error: Cannot open file "C:\Project Y\data\ml_training.duckdb": The process cannot access the file because it is being used by another process.

File is already open in 
C:\Python312\python\python.exe (PID 12076)
2026-08-07 10:05:56,675 ERROR HTTP Error 401: {"finance":{"result":null,"error":{"code":"Unauthorized","description":"Invalid Crumb"}}}
2026-08-07 10:05:58,138 WARNING persist_feature_snapshot failed for ADBE: IOException: IO Error: Cannot open file "C:\Project Y\data\ml_training.duckdb": The process cannot access the file because it is being used by another process.

File is already open in 
C:\Python312\python\python.exe (PID 12076)
2026-08-07 10:05:58,601 WARNING persist_feature_snapshot failed for NET: IOException: IO Error: Cannot open file "C:\Project Y\data\ml_training.duckdb": The process cannot access the file because it is being used by another process.

File is already open in 
C:\Python312\python\python.exe (PID 12076)
2026-08-07 10:06:04,193 ERROR HTTP Error 401: {"finance":{"result":null,"error":{"code":"Unauthorized","description":"Invalid Crumb"}}}
2026-08-07 10:06:04,216 ERROR HTTP Error 401: {"finance":{"result":null,"error":{"code":"Unauthorized","description":"Invalid Crumb"}}}
2026-08-07 10:06:04,233 ERROR HTTP Error 401: {"finance":{"result":null,"error":{"code":"Unauthorized","description":"Invalid Crumb"}}}
2026-08-07 10:06:04,268 ERROR HTTP Error 401: {"finance":{"result":null,"error":{"code":"Unauthorized","description":"Invalid Crumb"}}}
2026-08-07 10:06:04,378 WARNING analyze_ticker(META) failed: [WinError 32] The process cannot access the file because it is being used by another process: 'C:\\Project Y\\data\\oi_cache.json.tmp' -> 'C:\\Project Y\\data\\oi_cache.json'
2026-08-07 10:06:04,683 ERROR HTTP Error 401: {"finance":{"result":null,"error":{"code":"Unauthorized","description":"User is unable to access this feature - https://bit.ly/yahoo-finance-api-feedback"}}}
2026-08-07 10:06:05,097 ERROR HTTP Error 401: {"finance":{"result":null,"error":{"code":"Unauthorized","description":"Invalid Crumb"}}}
2026-08-07 10:06:06,243 WARNING persist_feature_snapshot failed for SAP: IOException: IO Error: Cannot open file "C:\Project Y\data\ml_training.duckdb": The process cannot access the file because it is being used by another process.

File is already open in 
C:\Python312\python\python.exe (PID 12076)
2026-08-07 10:06:10,376 ERROR HTTP Error 401: {"finance":{"result":null,"error":{"code":"Unauthorized","description":"Invalid Crumb"}}}
2026-08-07 10:06:14,806 WARNING persist_feature_snapshot failed for GOOGL: IOException: IO Error: Cannot open file "C:\Project Y\data\ml_training.duckdb": The process cannot access the file because it is being used by another process.

File is already open in 
C:\Python312\python\python.exe (PID 12076)
2026-08-07 10:06:15,508 WARNING persist_feature_snapshot failed for TEAM: IOException: IO Error: Cannot open file "C:\Project Y\data\ml_training.duckdb": The process cannot access the file because it is being used by another process.

File is already open in 
C:\Python312\python\python.exe (PID 12076)
2026-08-07 10:06:15,851 WARNING persist_feature_snapshot failed for RGTI: IOException: IO Error: Cannot open file "C:\Project Y\data\ml_training.duckdb": The process cannot access the file because it is being used by another process.

File is already open in 
C:\Python312\python\python.exe (PID 12076)
2026-08-07 10:06:16,291 WARNING persist_feature_snapshot failed for INTU: IOException: IO Error: Cannot open file "C:\Project Y\data\ml_training.duckdb": The process cannot access the file because it is being used by another process.

File is already open in 
C:\Python312\python\python.exe (PID 12076)
2026-08-07 10:06:22,725 ERROR HTTP Error 401: {"finance":{"result":null,"error":{"code":"Unauthorized","description":"Invalid Crumb"}}}
2026-08-07 10:06:22,793 ERROR HTTP Error 401: {"finance":{"result":null,"error":{"code":"Unauthorized","description":"Invalid Crumb"}}}
2026-08-07 10:06:22,819 ERROR HTTP Error 401: {"finance":{"result":null,"error":{"code":"Unauthorized","description":"Invalid Crumb"}}}
2026-08-07 10:06:23,363 ERROR HTTP Error 401: {"finance":{"result":null,"error":{"code":"Unauthorized","description":"Invalid Crumb"}}}
2026-08-07 10:06:23,364 ERROR HTTP Error 401: {"finance":{"result":null,"error":{"code":"Unauthorized","description":"User is unable to access this feature - https://bit.ly/yahoo-finance-api-feedback"}}}
2026-08-07 10:06:23,730 ERROR HTTP Error 401: {"finance":{"result":null,"error":{"code":"Unauthorized","description":"Invalid Crumb"}}}
2026-08-07 10:06:23,894 WARNING persist_feature_snapshot failed for NET: IOException: IO Error: Cannot open file "C:\Project Y\data\ml_training.duckdb": The process cannot access the file because it is being used by another process.

File is already open in 
C:\Python312\python\python.exe (PID 12076)
2026-08-07 10:06:24,706 ERROR HTTP Error 401: {"finance":{"result":null,"error":{"code":"Unauthorized","description":"Invalid Crumb"}}}
2026-08-07 10:06:25,194 ERROR HTTP Error 401: {"finance":{"result":null,"error":{"code":"Unauthorized","description":"Invalid Crumb"}}}
2026-08-07 10:06:25,194 ERROR HTTP Error 401: {"finance":{"result":null,"error":{"code":"Unauthorized","description":"User is unable to access this feature - https://bit.ly/yahoo-finance-api-feedback"}}}
2026-08-07 10:06:25,194 ERROR HTTP Error 401: {"finance":{"result":null,"error":{"code":"Unauthorized","description":"User is unable to access this feature - https://bit.ly/yahoo-finance-api-feedback"}}}
2026-08-07 10:06:25,383 WARNING persist_feature_snapshot failed for ADBE: IOException: IO Error: Cannot open file "C:\Project Y\data\ml_training.duckdb": The process cannot access the file because it is being used by another process.

File is already open in 
C:\Python312\python\python.exe (PID 12076)
2026-08-07 10:06:26,464 WARNING analyze_ticker(RGTI, short_dte) failed: [WinError 5] Access is denied: 'C:\\Project Y\\data\\oi_cache.json.tmp' -> 'C:\\Project Y\\data\\oi_cache.json'
2026-08-07 10:06:28,934 WARNING persist_feature_snapshot failed for META: IOException: IO Error: Cannot open file "C:\Project Y\data\ml_training.duckdb": The process cannot access the file because it is being used by another process.

File is already open in 
C:\Python312\python\python.exe (PID 12076)
2026-08-07 10:06:32,493 ERROR HTTP Error 401: {"finance":{"result":null,"error":{"code":"Unauthorized","description":"Invalid Crumb"}}}
2026-08-07 10:06:32,822 WARNING persist_feature_snapshot failed for NFLX: IOException: IO Error: Cannot open file "C:\Project Y\data\ml_training.duckdb": The process cannot access the file because it is being used by another process.

File is already open in 
C:\Python312\python\python.exe (PID 12076)
2026-08-07 10:06:33,448 ERROR HTTP Error 401: {"finance":{"result":null,"error":{"code":"Unauthorized","description":"Invalid Crumb"}}}
2026-08-07 10:06:33,514 ERROR HTTP Error 401: {"finance":{"result":null,"error":{"code":"Unauthorized","description":"User is unable to access this feature - https://bit.ly/yahoo-finance-api-feedback"}}}
2026-08-07 10:06:34,204 ERROR HTTP Error 401: {"finance":{"result":null,"error":{"code":"Unauthorized","description":"Invalid Crumb"}}}
2026-08-07 10:06:34,283 ERROR HTTP Error 401: {"finance":{"result":null,"error":{"code":"Unauthorized","description":"Invalid Crumb"}}}
2026-08-07 10:06:36,398 ERROR HTTP Error 401: {"finance":{"result":null,"error":{"code":"Unauthorized","description":"User is unable to access this feature - https://bit.ly/yahoo-finance-api-feedback"}}}
2026-08-07 10:06:39,660 ERROR 
1 Failed download:
2026-08-07 10:06:39,666 ERROR ['DX-Y.NYB']: YFRateLimitError('Too Many Requests. Rate limited. Try after a while.')
2026-08-07 10:06:40,959 ERROR HTTP Error 401: {"finance":{"result":null,"error":{"code":"Unauthorized","description":"Invalid Crumb"}}}
2026-08-07 10:06:41,294 WARNING persist_feature_snapshot failed for INTU: IOException: IO Error: Cannot open file "C:\Project Y\data\ml_training.duckdb": The process cannot access the file because it is being used by another process.

File is already open in 
C:\Python312\python\python.exe (PID 12076)
2026-08-07 10:06:41,963 WARNING persist_feature_snapshot failed for GOOGL: IOException: IO Error: Cannot open file "C:\Project Y\data\ml_training.duckdb": The process cannot access the file because it is being used by another process.

File is already open in 
C:\Python312\python\python.exe (PID 12076)
2026-08-07 10:06:42,598 WARNING persist_feature_snapshot failed for SPOT: IOException: IO Error: Cannot open file "C:\Project Y\data\ml_training.duckdb": The process cannot access the file because it is being used by another process.

File is already open in 
C:\Python312\python\python.exe (PID 12076)
2026-08-07 10:06:44,804 WARNING analyze_ticker(AMZN) failed: [WinError 32] The process cannot access the file because it is being used by another process: 'C:\\Project Y\\data\\oi_cache.json.tmp' -> 'C:\\Project Y\\data\\oi_cache.json'
2026-08-07 10:06:54,892 ERROR HTTP Error 401: {"finance":{"result":null,"error":{"code":"Unauthorized","description":"Invalid Crumb"}}}
2026-08-07 10:06:57,948 WARNING persist_feature_snapshot failed for DIS: IOException: IO Error: Cannot open file "C:\Project Y\data\ml_training.duckdb": The process cannot access the file because it is being used by another process.

File is already open in 
C:\Python312\python\python.exe (PID 12076)
2026-08-07 10:06:59,674 WARNING persist_feature_snapshot failed for TMUS: IOException: IO Error: Cannot open file "C:\Project Y\data\ml_training.duckdb": The process cannot access the file because it is being used by another process.

File is already open in 
C:\Python312\python\python.exe (PID 12076)
2026-08-07 10:07:02,722 ERROR HTTP Error 401: {"finance":{"result":null,"error":{"code":"Unauthorized","description":"Invalid Crumb"}}}
2026-08-07 10:07:04,401 ERROR HTTP Error 401: {"finance":{"result":null,"error":{"code":"Unauthorized","description":"User is unable to access this feature - https://bit.ly/yahoo-finance-api-feedback"}}}
2026-08-07 10:07:06,013 ERROR HTTP Error 401: {"finance":{"result":null,"error":{"code":"Unauthorized","description":"Invalid Crumb"}}}
2026-08-07 10:07:06,454 ERROR HTTP Error 401: {"finance":{"result":null,"error":{"code":"Unauthorized","description":"Invalid Crumb"}}}
2026-08-07 10:07:07,032 ERROR HTTP Error 401: {"finance":{"result":null,"error":{"code":"Unauthorized","description":"Invalid Crumb"}}}
2026-08-07 10:07:08,239 ERROR HTTP Error 401: {"finance":{"result":null,"error":{"code":"Unauthorized","description":"Invalid Crumb"}}}
2026-08-07 10:07:12,455 WARNING persist_feature_snapshot failed for TSLA: IOException: IO Error: Cannot open file "C:\Project Y\data\ml_training.duckdb": The process cannot access the file because it is being used by another process.

File is already open in 
C:\Python312\python\python.exe (PID 12076)
2026-08-07 10:07:12,651 WARNING persist_feature_snapshot failed for AMZN: IOException: IO Error: Cannot open file "C:\Project Y\data\ml_training.duckdb": The process cannot access the file because it is being used by another process.

File is already open in 
C:\Python312\python\python.exe (PID 12076)
2026-08-07 10:07:18,560 WARNING persist_feature_snapshot failed for SPOT: IOException: IO Error: Cannot open file "C:\Project Y\data\ml_training.duckdb": The process cannot access the file because it is being used by another process.

File is already open in 
C:\Python312\python\python.exe (PID 12076)
2026-08-07 10:07:19,158 WARNING persist_feature_snapshot failed for NFLX: IOException: IO Error: Cannot open file "C:\Project Y\data\ml_training.duckdb": The process cannot access the file because it is being used by another process.

File is already open in 
C:\Python312\python\python.exe (PID 12076)
2026-08-07 10:07:19,591 WARNING persist_feature_snapshot failed for SHOP: IOException: IO Error: Cannot open file "C:\Project Y\data\ml_training.duckdb": The process cannot access the file because it is being used by another process.

File is already open in 
C:\Python312\python\python.exe (PID 12076)
2026-08-07 10:07:20,465 WARNING persist_feature_snapshot failed for DIS: IOException: IO Error: Cannot open file "C:\Project Y\data\ml_training.duckdb": The process cannot access the file because it is being used by another process.

File is already open in 
C:\Python312\python\python.exe (PID 12076)
2026-08-07 10:07:20,902 WARNING persist_feature_snapshot failed for TMUS: IOException: IO Error: Cannot open file "C:\Project Y\data\ml_training.duckdb": The process cannot access the file because it is being used by another process.

File is already open in 
C:\Python312\python\python.exe (PID 12076)
2026-08-07 10:07:21,466 WARNING persist_feature_snapshot failed for UBER: IOException: IO Error: Cannot open file "C:\Project Y\data\ml_training.duckdb": The process cannot access the file because it is being used by another process.

File is already open in 
C:\Python312\python\python.exe (PID 12076)
2026-08-07 10:07:23,263 ERROR HTTP Error 401: {"finance":{"result":null,"error":{"code":"Unauthorized","description":"Invalid Crumb"}}}
2026-08-07 10:07:31,312 ERROR HTTP Error 401: {"finance":{"result":null,"error":{"code":"Unauthorized","description":"Invalid Crumb"}}}
2026-08-07 10:07:36,723 ERROR HTTP Error 401: {"finance":{"result":null,"error":{"code":"Unauthorized","description":"Invalid Crumb"}}}
2026-08-07 10:07:37,466 ERROR HTTP Error 401: {"finance":{"result":null,"error":{"code":"Unauthorized","description":"Invalid Crumb"}}}
2026-08-07 10:07:37,782 ERROR HTTP Error 401: {"finance":{"result":null,"error":{"code":"Unauthorized","description":"Invalid Crumb"}}}
2026-08-07 10:07:38,286 ERROR HTTP Error 401: {"finance":{"result":null,"error":{"code":"Unauthorized","description":"User is unable to access this feature - https://bit.ly/yahoo-finance-api-feedback"}}}
2026-08-07 10:07:38,833 ERROR HTTP Error 401: {"finance":{"result":null,"error":{"code":"Unauthorized","description":"Invalid Crumb"}}}
2026-08-07 10:07:39,151 ERROR HTTP Error 401: {"finance":{"result":null,"error":{"code":"Unauthorized","description":"Invalid Crumb"}}}
2026-08-07 10:07:39,154 ERROR HTTP Error 401: {"finance":{"result":null,"error":{"code":"Unauthorized","description":"Invalid Crumb"}}}
2026-08-07 10:07:40,053 ERROR HTTP Error 401: {"finance":{"result":null,"error":{"code":"Unauthorized","description":"Invalid Crumb"}}}
2026-08-07 10:07:40,506 ERROR HTTP Error 401: {"finance":{"result":null,"error":{"code":"Unauthorized","description":"User is unable to access this feature - https://bit.ly/yahoo-finance-api-feedback"}}}
2026-08-07 10:07:40,709 ERROR HTTP Error 401: {"finance":{"result":null,"error":{"code":"Unauthorized","description":"User is unable to access this feature - https://bit.ly/yahoo-finance-api-feedback"}}}
2026-08-07 10:07:41,665 WARNING persist_feature_snapshot failed for MELI: IOException: IO Error: Cannot open file "C:\Project Y\data\ml_training.duckdb": The process cannot access the file because it is being used by another process.

File is already open in 
C:\Python312\python\python.exe (PID 12076)
2026-08-07 10:07:45,314 WARNING persist_feature_snapshot failed for TSLA: IOException: IO Error: Cannot open file "C:\Project Y\data\ml_training.duckdb": The process cannot access the file because it is being used by another process.

File is already open in 
C:\Python312\python\python.exe (PID 12076)
2026-08-07 10:07:46,199 WARNING persist_feature_snapshot failed for UBER: IOException: IO Error: Cannot open file "C:\Project Y\data\ml_training.duckdb": The process cannot access the file because it is being used by another process.

File is already open in 
C:\Python312\python\python.exe (PID 12076)
2026-08-07 10:07:50,201 WARNING persist_feature_snapshot failed for SHOP: IOException: IO Error: Cannot open file "C:\Project Y\data\ml_training.duckdb": The process cannot access the file because it is being used by another process.

File is already open in 
C:\Python312\python\python.exe (PID 12076)
2026-08-07 10:07:52,499 WARNING persist_feature_snapshot failed for HD: IOException: IO Error: Cannot open file "C:\Project Y\data\ml_training.duckdb": The process cannot access the file because it is being used by another process.

File is already open in 
C:\Python312\python\python.exe (PID 12076)
2026-08-07 10:07:53,130 WARNING persist_feature_snapshot failed for APP: IOException: IO Error: Cannot open file "C:\Project Y\data\ml_training.duckdb": The process cannot access the file because it is being used by another process.

2026-08-07 10:07:53,469 ERROR HTTP Error 401: {"finance":{"result":null,"error":{"code":"Unauthorized","description":"Invalid Crumb"}}}
2026-08-07 10:07:54,564 WARNING persist_feature_snapshot failed for NKE: IOException: IO Error: Cannot open file "C:\Project Y\data\ml_training.duckdb": The process cannot access the file because it is being used by another process.

File is already open in 
C:\Python312\python\python.exe (PID 12076)
2026-08-07 10:07:55,053 ERROR HTTP Error 401: {"finance":{"result":null,"error":{"code":"Unauthorized","description":"Invalid Crumb"}}}
2026-08-07 10:07:58,871 WARNING persist_feature_snapshot failed for CVNA: IOException: IO Error: Cannot open file "C:\Project Y\data\ml_training.duckdb": The process cannot access the file because it is being used by another process.

File is already open in 
C:\Python312\python\python.exe (PID 12076)
2026-08-07 10:08:04,629 ERROR HTTP Error 401: {"finance":{"result":null,"error":{"code":"Unauthorized","description":"Invalid Crumb"}}}
2026-08-07 10:08:05,318 ERROR HTTP Error 401: {"finance":{"result":null,"error":{"code":"Unauthorized","description":"Invalid Crumb"}}}
2026-08-07 10:08:06,018 WARNING persist_feature_snapshot failed for ULTA: IOException: IO Error: Cannot open file "C:\Project Y\data\ml_training.duckdb": The process cannot access the file because it is being used by another process.

File is already open in 
C:\Python312\python\python.exe (PID 12076)
2026-08-07 10:08:06,776 WARNING persist_feature_snapshot failed for MELI: IOException: IO Error: Cannot open file "C:\Project Y\data\ml_training.duckdb": The process cannot access the file because it is being used by another process.

File is already open in 
C:\Python312\python\python.exe (PID 12076)
2026-08-07 10:08:09,194 WARNING persist_feature_snapshot failed for COST: IOException: IO Error: Cannot open file "C:\Project Y\data\ml_training.duckdb": The process cannot access the file because it is being used by another process.

File is already open in 
C:\Python312\python\python.exe (PID 12076)
2026-08-07 10:08:10,143 ERROR HTTP Error 401: {"finance":{"result":null,"error":{"code":"Unauthorized","description":"Invalid Crumb"}}}
2026-08-07 10:08:14,339 ERROR HTTP Error 401: {"finance":{"result":null,"error":{"code":"Unauthorized","description":"Invalid Crumb"}}}
2026-08-07 10:08:14,356 ERROR HTTP Error 401: {"finance":{"result":null,"error":{"code":"Unauthorized","description":"Invalid Crumb"}}}
2026-08-07 10:08:14,358 ERROR HTTP Error 401: {"finance":{"result":null,"error":{"code":"Unauthorized","description":"Invalid Crumb"}}}
2026-08-07 10:08:14,701 ERROR HTTP Error 401: {"finance":{"result":null,"error":{"code":"Unauthorized","description":"Invalid Crumb"}}}
2026-08-07 10:08:14,703 ERROR HTTP Error 401: {"finance":{"result":null,"error":{"code":"Unauthorized","description":"User is unable to access this feature - https://bit.ly/yahoo-finance-api-feedback"}}}
2026-08-07 10:08:14,720 ERROR HTTP Error 401: {"finance":{"result":null,"error":{"code":"Unauthorized","description":"User is unable to access this feature - https://bit.ly/yahoo-finance-api-feedback"}}}
2026-08-07 10:08:36,052 ERROR HTTP Error 401: {"finance":{"result":null,"error":{"code":"Unauthorized","description":"Invalid Crumb"}}}
2026-08-07 10:08:42,355 ERROR HTTP Error 401: {"finance":{"result":null,"error":{"code":"Unauthorized","description":"Invalid Crumb"}}}
2026-08-07 10:08:49,084 ERROR HTTP Error 401: {"finance":{"result":null,"error":{"code":"Unauthorized","description":"Invalid Crumb"}}}
2026-08-07 10:08:57,502 ERROR HTTP Error 401: {"finance":{"result":null,"error":{"code":"Unauthorized","description":"Invalid Crumb"}}}
2026-08-07 10:08:57,612 WARNING analyze_ticker(ISRG) failed: [WinError 32] The process cannot access the file because it is being used by another process: 'C:\\Project Y\\data\\oi_cache.json.tmp' -> 'C:\\Project Y\\data\\oi_cache.json'
2026-08-07 10:08:57,991 ERROR HTTP Error 401: {"finance":{"result":null,"error":{"code":"Unauthorized","description":"Invalid Crumb"}}}
2026-08-07 10:09:07,389 ERROR HTTP Error 401: {"finance":{"result":null,"error":{"code":"Unauthorized","description":"Invalid Crumb"}}}
2026-08-07 10:09:08,671 WARNING analyze_ticker(PG, short_dte) failed: [WinError 32] The process cannot access the file because it is being used by another process: 'C:\\Project Y\\data\\oi_cache.json.tmp' -> 'C:\\Project Y\\data\\oi_cache.json'
2026-08-07 10:09:28,064 ERROR $^VIX: possibly delisted; no price data found  (period=2d)
2026-08-07 10:09:28,485 ERROR 
1 Failed download:
2026-08-07 10:09:28,485 ERROR ['^VIX']: possibly delisted; no price data found  (period=2d)
2026-08-07 10:10:23,737 ERROR HTTP Error 401: {"finance":{"result":null,"error":{"code":"Unauthorized","description":"Invalid Crumb"}}}
2026-08-07 10:10:30,752 ERROR HTTP Error 401: {"finance":{"result":null,"error":{"code":"Unauthorized","description":"Invalid Crumb"}}}
2026-08-07 10:10:36,888 ERROR HTTP Error 401: {"finance":{"result":null,"error":{"code":"Unauthorized","description":"Invalid Crumb"}}}
2026-08-07 10:10:44,792 ERROR HTTP Error 401: {"finance":{"result":null,"error":{"code":"Unauthorized","description":"Invalid Crumb"}}}
2026-08-07 10:10:47,227 WARNING analyze_ticker(V) failed: [WinError 2] The system cannot find the file specified: 'C:\\Project Y\\data\\oi_cache.json.tmp' -> 'C:\\Project Y\\data\\oi_cache.json'
2026-08-07 10:10:49,252 ERROR HTTP Error 401: {"finance":{"result":null,"error":{"code":"Unauthorized","description":"Invalid Crumb"}}}
2026-08-07 10:10:49,673 ERROR HTTP Error 401: {"finance":{"result":null,"error":{"code":"Unauthorized","description":"User is unable to access this feature - https://bit.ly/yahoo-finance-api-feedback"}}}
2026-08-07 10:10:49,984 WARNING analyze_ticker(V, short_dte) failed: [WinError 5] Access is denied: 'C:\\Project Y\\data\\oi_cache.json.tmp' -> 'C:\\Project Y\\data\\oi_cache.json'
2026-08-07 10:10:51,120 ERROR HTTP Error 401: {"finance":{"result":null,"error":{"code":"Unauthorized","description":"Invalid Crumb"}}}
2026-08-07 10:10:51,123 ERROR HTTP Error 401: {"finance":{"result":null,"error":{"code":"Unauthorized","description":"Invalid Crumb"}}}
2026-08-07 10:10:51,729 WARNING persist_feature_snapshot failed for NVO: IOException: IO Error: Cannot open file "C:\Project Y\data\ml_training.duckdb": The process cannot access the file because it is being used by another process.

2026-08-07 10:10:52,284 WARNING persist_feature_snapshot failed for BSX: ConnectionException: Connection Error: Can't open a connection to same database file with a different configuration than existing connections
2026-08-07 10:10:52,299 WARNING persist_feature_snapshot failed for ABBV: ConnectionException: Connection Error: Can't open a connection to same database file with a different configuration than existing connections
2026-08-07 10:10:52,513 WARNING persist_feature_snapshot failed for AMGN: ConnectionException: Connection Error: Can't open a connection to same database file with a different configuration than existing connections
2026-08-07 10:10:52,528 WARNING persist_feature_snapshot failed for UNH: ConnectionException: Connection Error: Can't open a connection to same database file with a different configuration than existing connections
2026-08-07 10:11:02,304 WARNING persist_feature_snapshot failed for LLY: IOException: IO Error: Cannot open file "C:\Project Y\data\ml_training.duckdb": The process cannot access the file because it is being used by another process.

File is already open in 
C:\Python312\python\python.exe (PID 12076)
2026-08-07 10:11:09,840 ERROR HTTP Error 401: {"finance":{"result":null,"error":{"code":"Unauthorized","description":"Invalid Crumb"}}}
2026-08-07 10:11:09,849 WARNING persist_feature_snapshot failed for MA: IOException: IO Error: Cannot open file "C:\Project Y\data\ml_training.duckdb": The process cannot access the file because it is being used by another process.

File is already open in 
C:\Python312\python\python.exe (PID 12076)
2026-08-07 10:11:12,739 WARNING persist_feature_snapshot failed for JPM: IOException: IO Error: Cannot open file "C:\Project Y\data\ml_training.duckdb": The process cannot access the file because it is being used by another process.

File is already open in 
C:\Python312\python\python.exe (PID 12076)
2026-08-07 10:11:21,989 WARNING analyze_ticker(JPM) failed: Too Many Requests. Rate limited. Try after a while.
2026-08-07 10:11:23,021 ERROR HTTP Error 401: {"finance":{"result":null,"error":{"code":"Unauthorized","description":"Invalid Crumb"}}}
2026-08-07 10:11:23,835 ERROR HTTP Error 401: {"finance":{"result":null,"error":{"code":"Unauthorized","description":"Invalid Crumb"}}}
2026-08-07 10:11:26,504 ERROR HTTP Error 401: {"finance":{"result":null,"error":{"code":"Unauthorized","description":"Invalid Crumb"}}}
2026-08-07 10:11:41,294 ERROR HTTP Error 401: {"finance":{"result":null,"error":{"code":"Unauthorized","description":"Invalid Crumb"}}}
2026-08-07 10:11:53,238 ERROR HTTP Error 401: {"finance":{"result":null,"error":{"code":"Unauthorized","description":"Invalid Crumb"}}}
2026-08-07 10:12:08,804 WARNING persist_feature_snapshot failed for MA: ConnectionException: Connection Error: Can't open a connection to same database file with a different configuration than existing connections
2026-08-07 10:12:09,478 ERROR HTTP Error 401: {"finance":{"result":null,"error":{"code":"Unauthorized","description":"Invalid Crumb"}}}
2026-08-07 10:12:10,053 WARNING persist_feature_snapshot failed for AMGN: ConnectionException: Connection Error: Can't open a connection to same database file with a different configuration than existing connections
2026-08-07 10:12:10,149 WARNING persist_feature_snapshot failed for GS: ConnectionException: Connection Error: Can't open a connection to same database file with a different configuration than existing connections
2026-08-07 10:12:20,864 WARNING persist_feature_snapshot failed for GE: ConnectionException: Connection Error: Can't open a connection to same database file with a different configuration than existing connections
2026-08-07 10:12:27,379 ERROR HTTP Error 401: {"finance":{"result":null,"error":{"code":"Unauthorized","description":"Invalid Crumb"}}}
2026-08-07 10:12:31,968 ERROR HTTP Error 401: {"finance":{"result":null,"error":{"code":"Unauthorized","description":"Invalid Crumb"}}}
2026-08-07 10:12:33,112 ERROR HTTP Error 401: {"finance":{"result":null,"error":{"code":"Unauthorized","description":"User is unable to access this feature - https://bit.ly/yahoo-finance-api-feedback"}}}
2026-08-07 10:12:34,756 ERROR HTTP Error 401: {"finance":{"result":null,"error":{"code":"Unauthorized","description":"Invalid Crumb"}}}
2026-08-07 10:12:54,980 ERROR HTTP Error 401: {"finance":{"result":null,"error":{"code":"Unauthorized","description":"Invalid Crumb"}}}
2026-08-07 10:12:59,008 ERROR HTTP Error 401: {"finance":{"result":null,"error":{"code":"Unauthorized","description":"Invalid Crumb"}}}
2026-08-07 10:13:06,234 ERROR HTTP Error 401: {"finance":{"result":null,"error":{"code":"Unauthorized","description":"Invalid Crumb"}}}
2026-08-07 10:13:56,808 ERROR HTTP Error 401: {"finance":{"result":null,"error":{"code":"Unauthorized","description":"Invalid Crumb"}}}
2026-08-07 10:14:04,106 ERROR HTTP Error 401: {"finance":{"result":null,"error":{"code":"Unauthorized","description":"Invalid Crumb"}}}
2026-08-07 10:14:07,955 ERROR HTTP Error 401: {"finance":{"result":null,"error":{"code":"Unauthorized","description":"Invalid Crumb"}}}
2026-08-07 10:14:12,119 ERROR HTTP Error 401: {"finance":{"result":null,"error":{"code":"Unauthorized","description":"Invalid Crumb"}}}
2026-08-07 10:14:14,772 ERROR HTTP Error 401: {"finance":{"result":null,"error":{"code":"Unauthorized","description":"Invalid Crumb"}}}
2026-08-07 10:14:23,782 ERROR HTTP Error 401: {"finance":{"result":null,"error":{"code":"Unauthorized","description":"Invalid Crumb"}}}
2026-08-07 10:14:27,153 ERROR HTTP Error 401: {"finance":{"result":null,"error":{"code":"Unauthorized","description":"Invalid Crumb"}}}
2026-08-07 10:14:30,866 ERROR HTTP Error 401: {"finance":{"result":null,"error":{"code":"Unauthorized","description":"Invalid Crumb"}}}
2026-08-07 10:14:30,889 ERROR HTTP Error 401: {"finance":{"result":null,"error":{"code":"Unauthorized","description":"Invalid Crumb"}}}
2026-08-07 10:14:31,078 ERROR HTTP Error 401: {"finance":{"result":null,"error":{"code":"Unauthorized","description":"User is unable to access this feature - https://bit.ly/yahoo-finance-api-feedback"}}}
2026-08-07 10:14:31,899 ERROR HTTP Error 401: {"finance":{"result":null,"error":{"code":"Unauthorized","description":"Invalid Crumb"}}}
2026-08-07 10:14:34,854 ERROR HTTP Error 401: {"finance":{"result":null,"error":{"code":"Unauthorized","description":"Invalid Crumb"}}}
2026-08-07 10:14:38,414 ERROR HTTP Error 401: {"finance":{"result":null,"error":{"code":"Unauthorized","description":"Invalid Crumb"}}}
2026-08-07 10:14:43,211 ERROR HTTP Error 401: {"finance":{"result":null,"error":{"code":"Unauthorized","description":"Invalid Crumb"}}}
2026-08-07 10:14:43,594 ERROR HTTP Error 401: {"finance":{"result":null,"error":{"code":"Unauthorized","description":"User is unable to access this feature - https://bit.ly/yahoo-finance-api-feedback"}}}
2026-08-07 10:14:43,599 WARNING persist_feature_snapshot failed for OXY: IOException: IO Error: Cannot open file "C:\Project Y\data\ml_training.duckdb": The process cannot access the file because it is being used by another process.

File is already open in 
C:\Python312\python\python.exe (PID 12076)
2026-08-07 10:14:43,624 ERROR HTTP Error 401: {"finance":{"result":null,"error":{"code":"Unauthorized","description":"Invalid Crumb"}}}
2026-08-07 10:14:45,503 WARNING persist_feature_snapshot failed for NEE: IOException: IO Error: Cannot open file "C:\Project Y\data\ml_training.duckdb": The process cannot access the file because it is being used by another process.

File is already open in 
C:\Python312\python\python.exe (PID 12076)
2026-08-07 10:14:47,559 WARNING persist_feature_snapshot failed for CVX: IOException: IO Error: Cannot open file "C:\Project Y\data\ml_training.duckdb": The process cannot access the file because it is being used by another process.

File is already open in 
C:\Python312\python\python.exe (PID 12076)
C:\Python312\python\python.exe (PID 13688)
2026-08-07 10:14:48,194 ERROR HTTP Error 401: {"finance":{"result":null,"error":{"code":"Unauthorized","description":"Invalid Crumb"}}}
2026-08-07 10:14:48,634 ERROR HTTP Error 401: {"finance":{"result":null,"error":{"code":"Unauthorized","description":"Invalid Crumb"}}}
2026-08-07 10:14:48,899 WARNING persist_feature_snapshot failed for CAT: IOException: IO Error: Cannot open file "C:\Project Y\data\ml_training.duckdb": The process cannot access the file because it is being used by another process.

File is already open in 
C:\Python312\python\python.exe (PID 12076)
2026-08-07 10:14:50,199 WARNING persist_feature_snapshot failed for COP: IOException: IO Error: Cannot open file "C:\Project Y\data\ml_training.duckdb": The process cannot access the file because it is being used by another process.

File is already open in 
C:\Python312\python\python.exe (PID 12076)
2026-08-07 10:14:50,410 WARNING persist_feature_snapshot failed for HON: IOException: IO Error: Cannot open file "C:\Project Y\data\ml_training.duckdb": The process cannot access the file because it is being used by another process.

File is already open in 
C:\Python312\python\python.exe (PID 12076)
2026-08-07 10:14:52,009 ERROR HTTP Error 401: {"finance":{"result":null,"error":{"code":"Unauthorized","description":"Invalid Crumb"}}}
2026-08-07 10:14:55,088 ERROR HTTP Error 401: {"finance":{"result":null,"error":{"code":"Unauthorized","description":"Invalid Crumb"}}}
2026-08-07 10:14:55,093 ERROR HTTP Error 401: {"finance":{"result":null,"error":{"code":"Unauthorized","description":"Invalid Crumb"}}}
2026-08-07 10:14:55,557 ERROR HTTP Error 401: {"finance":{"result":null,"error":{"code":"Unauthorized","description":"User is unable to access this feature - https://bit.ly/yahoo-finance-api-feedback"}}}
2026-08-07 10:14:56,328 ERROR HTTP Error 401: {"finance":{"result":null,"error":{"code":"Unauthorized","description":"Invalid Crumb"}}}
2026-08-07 10:14:56,784 ERROR HTTP Error 401: {"finance":{"result":null,"error":{"code":"Unauthorized","description":"Invalid Crumb"}}}
2026-08-07 10:14:58,743 ERROR HTTP Error 401: {"finance":{"result":null,"error":{"code":"Unauthorized","description":"Invalid Crumb"}}}
2026-08-07 10:15:02,204 ERROR HTTP Error 401: {"finance":{"result":null,"error":{"code":"Unauthorized","description":"Invalid Crumb"}}}
2026-08-07 10:15:05,655 ERROR HTTP Error 401: {"finance":{"result":null,"error":{"code":"Unauthorized","description":"Invalid Crumb"}}}
2026-08-07 10:15:13,919 ERROR HTTP Error 401: {"finance":{"result":null,"error":{"code":"Unauthorized","description":"Invalid Crumb"}}}
2026-08-07 10:15:17,740 ERROR HTTP Error 401: {"finance":{"result":null,"error":{"code":"Unauthorized","description":"Invalid Crumb"}}}
2026-08-07 10:15:18,049 ERROR HTTP Error 401: {"finance":{"result":null,"error":{"code":"Unauthorized","description":"Invalid Crumb"}}}
2026-08-07 10:15:18,094 ERROR HTTP Error 401: {"finance":{"result":null,"error":{"code":"Unauthorized","description":"User is unable to access this feature - https://bit.ly/yahoo-finance-api-feedback"}}}
2026-08-07 10:15:21,243 ERROR HTTP Error 401: {"finance":{"result":null,"error":{"code":"Unauthorized","description":"Invalid Crumb"}}}
2026-08-07 10:15:23,560 ERROR HTTP Error 401: {"finance":{"result":null,"error":{"code":"Unauthorized","description":"Invalid Crumb"}}}
2026-08-07 10:15:26,109 ERROR HTTP Error 401: {"finance":{"result":null,"error":{"code":"Unauthorized","description":"Invalid Crumb"}}}
2026-08-07 10:15:28,889 ERROR HTTP Error 404: {"quoteSummary":{"result":null,"error":{"code":"Not Found","description":"No fundamentals data found for symbol: IWM"}}}
2026-08-07 10:15:32,274 ERROR HTTP Error 401: {"finance":{"result":null,"error":{"code":"Unauthorized","description":"Invalid Crumb"}}}
2026-08-07 10:15:34,729 ERROR HTTP Error 401: {"finance":{"result":null,"error":{"code":"Unauthorized","description":"Invalid Crumb"}}}
2026-08-07 10:15:35,639 ERROR HTTP Error 401: {"finance":{"result":null,"error":{"code":"Unauthorized","description":"Invalid Crumb"}}}
2026-08-07 10:15:42,369 ERROR HTTP Error 401: {"finance":{"result":null,"error":{"code":"Unauthorized","description":"Invalid Crumb"}}}
2026-08-07 10:15:46,089 ERROR HTTP Error 401: {"finance":{"result":null,"error":{"code":"Unauthorized","description":"Invalid Crumb"}}}
2026-08-07 10:15:47,708 ERROR HTTP Error 401: {"finance":{"result":null,"error":{"code":"Unauthorized","description":"Invalid Crumb"}}}
2026-08-07 10:15:49,477 ERROR HTTP Error 401: {"finance":{"result":null,"error":{"code":"Unauthorized","description":"Invalid Crumb"}}}
2026-08-07 10:15:51,116 ERROR HTTP Error 401: {"finance":{"result":null,"error":{"code":"Unauthorized","description":"Invalid Crumb"}}}
2026-08-07 10:15:53,993 ERROR HTTP Error 401: {"finance":{"result":null,"error":{"code":"Unauthorized","description":"Invalid Crumb"}}}
2026-08-07 10:15:57,102 ERROR HTTP Error 401: {"finance":{"result":null,"error":{"code":"Unauthorized","description":"Invalid Crumb"}}}
2026-08-07 10:15:59,181 ERROR HTTP Error 401: {"finance":{"result":null,"error":{"code":"Unauthorized","description":"Invalid Crumb"}}}
2026-08-07 10:16:04,229 ERROR HTTP Error 401: {"finance":{"result":null,"error":{"code":"Unauthorized","description":"Invalid Crumb"}}}
2026-08-07 10:16:11,518 ERROR HTTP Error 401: {"finance":{"result":null,"error":{"code":"Unauthorized","description":"Invalid Crumb"}}}
2026-08-07 10:16:11,529 ERROR HTTP Error 401: {"finance":{"result":null,"error":{"code":"Unauthorized","description":"Invalid Crumb"}}}
2026-08-07 10:16:11,578 ERROR HTTP Error 401: {"finance":{"result":null,"error":{"code":"Unauthorized","description":"Invalid Crumb"}}}
2026-08-07 10:16:11,818 ERROR HTTP Error 401: {"finance":{"result":null,"error":{"code":"Unauthorized","description":"User is unable to access this feature - https://bit.ly/yahoo-finance-api-feedback"}}}
2026-08-07 10:16:14,367 ERROR HTTP Error 401: {"finance":{"result":null,"error":{"code":"Unauthorized","description":"Invalid Crumb"}}}
2026-08-07 10:16:16,084 ERROR HTTP Error 401: {"finance":{"result":null,"error":{"code":"Unauthorized","description":"Invalid Crumb"}}}
2026-08-07 10:16:19,199 ERROR HTTP Error 401: {"finance":{"result":null,"error":{"code":"Unauthorized","description":"Invalid Crumb"}}}
2026-08-07 10:16:19,928 ERROR HTTP Error 401: {"finance":{"result":null,"error":{"code":"Unauthorized","description":"Invalid Crumb"}}}
2026-08-07 10:16:43,419 ERROR $DX-Y.NYB: possibly delisted; no price data found  (period=1y)
2026-08-07 10:16:43,419 ERROR $DX-Y.NYB: possibly delisted; no price data found  (period=1y)
2026-08-07 10:16:43,843 ERROR HTTP Error 401: {"finance":{"result":null,"error":{"code":"Unauthorized","description":"Invalid Crumb"}}}
2026-08-07 10:17:07,638 WARNING analyze_ticker(UPS) failed: 'NoneType' object has no attribute 'copy'
2026-08-07 10:17:26,033 ERROR HTTP Error 401: {"finance":{"result":null,"error":{"code":"Unauthorized","description":"Invalid Crumb"}}}
2026-08-07 10:17:51,293 INFO [repair] AMD Cash Secured Put — roi gate failed; injecting 45 variant(s) for full gate re-evaluation
2026-08-07 10:17:51,318 INFO [gate:capital] AMD Call Credit Spread rejected — required $1745.00 > buying_power $1500.00 × 100% = $1500.00
2026-08-07 10:17:51,323 INFO [gate:capital] AMD Iron Condor rejected — required $1575.00 > buying_power $1500.00 × 100% = $1500.00
2026-08-07 10:17:51,323 INFO [gate:capital] AMD Iron Butterfly rejected — required $4150.00 > buying_power $1500.00 × 100% = $1500.00
2026-08-07 10:17:51,369 INFO [repair] AMD Iron Butterfly — capital gate failed; injecting 7 variant(s) for full gate re-evaluation
2026-08-07 10:17:51,369 INFO [gate:capital] AMD Call Debit Spread rejected — required $3475.00 > buying_power $1500.00 × 100% = $1500.00
2026-08-07 10:17:51,409 INFO [repair] AMD Call Debit Spread — capital gate failed; injecting 12 variant(s) for full gate re-evaluation
2026-08-07 10:17:51,419 INFO [gate:capital] AMD Put Debit Spread rejected — required $4310.00 > buying_power $1500.00 × 100% = $1500.00
2026-08-07 10:17:51,454 INFO [repair] AMD Put Debit Spread — capital gate failed; injecting 9 variant(s) for full gate re-evaluation
2026-08-07 10:17:51,455 INFO [gate:capital] AMD Bear Combo rejected — required $7735.00 > buying_power $1500.00 × 100% = $1500.00
2026-08-07 10:17:51,465 INFO [gate:capital] AMD Diagonal Spread rejected — required $4770.00 > buying_power $1500.00 × 100% = $1500.00
2026-08-07 10:17:51,468 INFO [gate:capital] AMD Iron Butterfly rejected — required $3600.00 > buying_power $1500.00 × 100% = $1500.00
2026-08-07 10:17:51,468 INFO [gate:capital] AMD Iron Butterfly rejected — required $3115.00 > buying_power $1500.00 × 100% = $1500.00
2026-08-07 10:17:51,468 INFO [gate:capital] AMD Iron Butterfly rejected — required $2700.00 > buying_power $1500.00 × 100% = $1500.00
2026-08-07 10:17:51,468 INFO [gate:capital] AMD Iron Butterfly rejected — required $2310.00 > buying_power $1500.00 × 100% = $1500.00
2026-08-07 10:17:51,468 INFO [gate:capital] AMD Iron Butterfly rejected — required $1955.00 > buying_power $1500.00 × 100% = $1500.00
2026-08-07 10:17:51,468 INFO [gate:capital] AMD Iron Butterfly rejected — required $1730.00 > buying_power $1500.00 × 100% = $1500.00
2026-08-07 10:17:51,468 INFO [gate:capital] AMD Iron Butterfly rejected — required $1560.00 > buying_power $1500.00 × 100% = $1500.00
2026-08-07 10:17:51,478 INFO [gate:capital] AMD Call Debit Spread rejected — required $3035.00 > buying_power $1500.00 × 100% = $1500.00
2026-08-07 10:17:51,478 INFO [gate:capital] AMD Call Debit Spread rejected — required $2645.00 > buying_power $1500.00 × 100% = $1500.00
2026-08-07 10:17:51,478 INFO [gate:capital] AMD Call Debit Spread rejected — required $2290.00 > buying_power $1500.00 × 100% = $1500.00
2026-08-07 10:17:51,478 INFO [gate:capital] AMD Call Debit Spread rejected — required $1945.00 > buying_power $1500.00 × 100% = $1500.00
2026-08-07 10:17:51,489 INFO [gate:capital] AMD Call Debit Spread rejected — required $1635.00 > buying_power $1500.00 × 100% = $1500.00
2026-08-07 10:17:51,489 INFO [gate:capital] AMD Put Debit Spread rejected — required $3680.00 > buying_power $1500.00 × 100% = $1500.00
2026-08-07 10:17:51,489 INFO [gate:capital] AMD Put Debit Spread rejected — required $3115.00 > buying_power $1500.00 × 100% = $1500.00
2026-08-07 10:17:51,499 INFO [gate:capital] AMD Put Debit Spread rejected — required $2595.00 > buying_power $1500.00 × 100% = $1500.00
2026-08-07 10:17:51,499 INFO [gate:capital] AMD Put Debit Spread rejected — required $2115.00 > buying_power $1500.00 × 100% = $1500.00
2026-08-07 10:17:51,499 INFO [gate:capital] AMD Put Debit Spread rejected — required $1690.00 > buying_power $1500.00 × 100% = $1500.00
2026-08-07 10:17:51,504 INFO [gate:capital] AMD Call Debit Spread rejected — required $1920.00 > buying_power $1500.00 × 100% = $1500.00
2026-08-07 10:17:51,608 INFO [repair] AMD Call Debit Spread — capital gate failed; injecting 19 variant(s) for full gate re-evaluation
2026-08-07 10:17:51,608 INFO [gate:capital] AMD Put Debit Spread rejected — required $1525.00 > buying_power $1500.00 × 100% = $1500.00
2026-08-07 10:17:51,669 INFO [repair] AMD Put Debit Spread — capital gate failed; injecting 16 variant(s) for full gate re-evaluation
2026-08-07 10:17:51,669 INFO [gate:capital] AMD Bear Combo rejected — required $2705.00 > buying_power $1500.00 × 100% = $1500.00
2026-08-07 10:17:51,684 INFO [gate:capital] AMD Diagonal Spread rejected — required $4185.00 > buying_power $1500.00 × 100% = $1500.00
2026-08-07 10:17:51,684 INFO [gate:capital] AMD Call Debit Spread rejected — required $1750.00 > buying_power $1500.00 × 100% = $1500.00
2026-08-07 10:17:51,684 INFO [gate:capital] AMD Call Debit Spread rejected — required $1565.00 > buying_power $1500.00 × 100% = $1500.00
2026-08-07 10:17:51,688 INFO [gate:capital] AVGO Call Debit Spread rejected — required $2940.00 > buying_power $1500.00 × 100% = $1500.00
2026-08-07 10:17:54,174 INFO [repair] AVGO Call Debit Spread — capital gate failed; injecting 9 variant(s) for full gate re-evaluation
2026-08-07 10:17:54,183 INFO [gate:capital] AVGO Put Debit Spread rejected — required $2885.00 > buying_power $1500.00 × 100% = $1500.00
2026-08-07 10:17:54,274 INFO [repair] AVGO Put Debit Spread — capital gate failed; injecting 6 variant(s) for full gate re-evaluation
2026-08-07 10:17:54,306 INFO [gate:capital] AVGO Call Debit Spread rejected — required $2485.00 > buying_power $1500.00 × 100% = $1500.00
2026-08-07 10:17:54,306 INFO [gate:capital] AVGO Call Debit Spread rejected — required $2000.00 > buying_power $1500.00 × 100% = $1500.00
2026-08-07 10:17:54,323 INFO [gate:capital] AVGO Call Debit Spread rejected — required $1595.00 > buying_power $1500.00 × 100% = $1500.00
2026-08-07 10:17:54,325 INFO [gate:capital] AVGO Put Debit Spread rejected — required $2305.00 > buying_power $1500.00 × 100% = $1500.00
2026-08-07 10:17:54,335 INFO [gate:capital] AVGO Put Debit Spread rejected — required $1790.00 > buying_power $1500.00 × 100% = $1500.00
2026-08-07 10:17:54,437 INFO [gate:capital] MSFT Call Debit Spread rejected — required $1853.00 > buying_power $1500.00 × 100% = $1500.00
2026-08-07 10:17:54,577 INFO [repair] MSFT Call Debit Spread — capital gate failed; injecting 9 variant(s) for full gate re-evaluation
2026-08-07 10:17:54,601 INFO [gate:capital] MSFT Call Debit Spread rejected — required $1548.00 > buying_power $1500.00 × 100% = $1500.00
2026-08-07 10:17:54,658 INFO [gate:capital] QQQ Call Debit Spread rejected — required $1905.00 > buying_power $1500.00 × 100% = $1500.00
2026-08-07 10:17:57,653 INFO [repair] QQQ Call Debit Spread — capital gate failed; injecting 34 variant(s) for full gate re-evaluation
2026-08-07 10:17:57,653 INFO [gate:capital] QQQ Put Debit Spread rejected — required $1749.00 > buying_power $1500.00 × 100% = $1500.00
2026-08-07 10:17:58,420 INFO [repair] QQQ Put Debit Spread — capital gate failed; injecting 57 variant(s) for full gate re-evaluation
2026-08-07 10:17:58,434 INFO [gate:capital] QQQ Call Debit Spread rejected — required $1845.00 > buying_power $1500.00 × 100% = $1500.00
2026-08-07 10:17:58,444 INFO [gate:capital] QQQ Call Debit Spread rejected — required $1794.00 > buying_power $1500.00 × 100% = $1500.00
2026-08-07 10:17:58,449 INFO [gate:capital] QQQ Call Debit Spread rejected — required $1757.00 > buying_power $1500.00 × 100% = $1500.00
2026-08-07 10:17:58,451 INFO [gate:capital] QQQ Call Debit Spread rejected — required $1695.00 > buying_power $1500.00 × 100% = $1500.00
2026-08-07 10:17:58,452 INFO [gate:capital] QQQ Call Debit Spread rejected — required $1623.00 > buying_power $1500.00 × 100% = $1500.00
2026-08-07 10:17:58,455 INFO [gate:capital] QQQ Call Debit Spread rejected — required $1571.00 > buying_power $1500.00 × 100% = $1500.00
2026-08-07 10:17:58,462 INFO [gate:capital] QQQ Call Debit Spread rejected — required $1511.00 > buying_power $1500.00 × 100% = $1500.00
2026-08-07 10:17:58,467 INFO [gate:capital] QQQ Put Debit Spread rejected — required $1698.00 > buying_power $1500.00 × 100% = $1500.00
2026-08-07 10:17:58,468 INFO [gate:capital] QQQ Put Debit Spread rejected — required $1643.00 > buying_power $1500.00 × 100% = $1500.00
2026-08-07 10:17:58,470 INFO [gate:capital] QQQ Put Debit Spread rejected — required $1602.00 > buying_power $1500.00 × 100% = $1500.00
2026-08-07 10:17:58,473 INFO [gate:capital] QQQ Put Debit Spread rejected — required $1547.00 > buying_power $1500.00 × 100% = $1500.00
2026-08-07 10:17:58,518 INFO [gate:capital] TSM Call Debit Spread rejected — required $1580.00 > buying_power $1500.00 × 100% = $1500.00
2026-08-07 10:17:58,638 INFO [repair] TSM Call Debit Spread — capital gate failed; injecting 10 variant(s) for full gate re-evaluation
2026-08-07 10:17:58,669 INFO [gate:capital] ASML Call Debit Spread rejected — required $7830.00 > buying_power $1500.00 × 100% = $1500.00
2026-08-07 10:17:58,948 INFO [repair] ASML Call Debit Spread — capital gate failed; injecting 38 variant(s) for full gate re-evaluation
2026-08-07 10:17:58,949 INFO [gate:capital] ASML Put Debit Spread rejected — required $6110.00 > buying_power $1500.00 × 100% = $1500.00
2026-08-07 10:17:59,114 INFO [repair] ASML Put Debit Spread — capital gate failed; injecting 22 variant(s) for full gate re-evaluation
2026-08-07 10:17:59,125 INFO [gate:capital] ASML Call Debit Spread rejected — required $7430.00 > buying_power $1500.00 × 100% = $1500.00
2026-08-07 10:17:59,132 INFO [gate:capital] ASML Call Debit Spread rejected — required $7260.00 > buying_power $1500.00 × 100% = $1500.00
2026-08-07 10:17:59,133 INFO [gate:capital] ASML Call Debit Spread rejected — required $7000.00 > buying_power $1500.00 × 100% = $1500.00
2026-08-07 10:17:59,133 INFO [gate:capital] ASML Call Debit Spread rejected — required $6720.00 > buying_power $1500.00 × 100% = $1500.00
2026-08-07 10:17:59,133 INFO [gate:capital] ASML Call Debit Spread rejected — required $6300.00 > buying_power $1500.00 × 100% = $1500.00
2026-08-07 10:17:59,148 INFO [gate:capital] ASML Call Debit Spread rejected — required $6100.00 > buying_power $1500.00 × 100% = $1500.00
2026-08-07 10:17:59,163 INFO [gate:capital] ASML Call Debit Spread rejected — required $5750.00 > buying_power $1500.00 × 100% = $1500.00
2026-08-07 10:17:59,163 INFO [gate:capital] ASML Call Debit Spread rejected — required $5690.00 > buying_power $1500.00 × 100% = $1500.00
2026-08-07 10:17:59,163 INFO [gate:capital] ASML Call Debit Spread rejected — required $5480.00 > buying_power $1500.00 × 100% = $1500.00
2026-08-07 10:17:59,168 INFO [gate:capital] ASML Call Debit Spread rejected — required $5170.00 > buying_power $1500.00 × 100% = $1500.00
2026-08-07 10:17:59,173 INFO [gate:capital] ASML Call Debit Spread rejected — required $5110.00 > buying_power $1500.00 × 100% = $1500.00
2026-08-07 10:17:59,183 INFO [gate:capital] ASML Call Debit Spread rejected — required $5060.00 > buying_power $1500.00 × 100% = $1500.00
2026-08-07 10:17:59,183 INFO [gate:capital] ASML Call Debit Spread rejected — required $4830.00 > buying_power $1500.00 × 100% = $1500.00
2026-08-07 10:17:59,186 INFO [gate:capital] ASML Call Debit Spread rejected — required $4670.00 > buying_power $1500.00 × 100% = $1500.00
2026-08-07 10:17:59,195 INFO [gate:capital] ASML Call Debit Spread rejected — required $4460.00 > buying_power $1500.00 × 100% = $1500.00
2026-08-07 10:17:59,196 INFO [gate:capital] ASML Call Debit Spread rejected — required $4260.00 > buying_power $1500.00 × 100% = $1500.00
2026-08-07 10:17:59,197 INFO [gate:capital] ASML Call Debit Spread rejected — required $4130.00 > buying_power $1500.00 × 100% = $1500.00
2026-08-07 10:17:59,201 INFO [gate:capital] ASML Call Debit Spread rejected — required $4030.00 > buying_power $1500.00 × 100% = $1500.00
2026-08-07 10:17:59,202 INFO [gate:capital] ASML Call Debit Spread rejected — required $3960.00 > buying_power $1500.00 × 100% = $1500.00
2026-08-07 10:17:59,203 INFO [gate:capital] ASML Call Debit Spread rejected — required $3870.00 > buying_power $1500.00 × 100% = $1500.00
2026-08-07 10:17:59,233 INFO [gate:capital] ASML Call Debit Spread rejected — required $3630.00 > buying_power $1500.00 × 100% = $1500.00
2026-08-07 10:17:59,233 INFO [gate:capital] ASML Call Debit Spread rejected — required $3440.00 > buying_power $1500.00 × 100% = $1500.00
2026-08-07 10:17:59,233 INFO [gate:capital] ASML Call Debit Spread rejected — required $3330.00 > buying_power $1500.00 × 100% = $1500.00
2026-08-07 10:17:59,233 INFO [gate:capital] ASML Call Debit Spread rejected — required $3170.00 > buying_power $1500.00 × 100% = $1500.00
2026-08-07 10:17:59,244 INFO [gate:capital] ASML Call Debit Spread rejected — required $2970.00 > buying_power $1500.00 × 100% = $1500.00
2026-08-07 10:17:59,249 INFO [gate:capital] ASML Call Debit Spread rejected — required $2810.00 > buying_power $1500.00 × 100% = $1500.00
2026-08-07 10:17:59,253 INFO [gate:capital] ASML Call Debit Spread rejected — required $2650.00 > buying_power $1500.00 × 100% = $1500.00
2026-08-07 10:17:59,258 INFO [gate:capital] ASML Call Debit Spread rejected — required $2500.00 > buying_power $1500.00 × 100% = $1500.00
2026-08-07 10:17:59,258 INFO [gate:capital] ASML Call Debit Spread rejected — required $2340.00 > buying_power $1500.00 × 100% = $1500.00
2026-08-07 10:17:59,263 INFO [gate:capital] ASML Call Debit Spread rejected — required $2220.00 > buying_power $1500.00 × 100% = $1500.00
2026-08-07 10:17:59,265 INFO [gate:capital] ASML Call Debit Spread rejected — required $1940.00 > buying_power $1500.00 × 100% = $1500.00
2026-08-07 10:17:59,268 INFO [gate:capital] ASML Call Debit Spread rejected — required $1710.00 > buying_power $1500.00 × 100% = $1500.00
2026-08-07 10:17:59,279 INFO [gate:capital] ASML Put Debit Spread rejected — required $5850.00 > buying_power $1500.00 × 100% = $1500.00
2026-08-07 10:17:59,282 INFO [gate:capital] ASML Put Debit Spread rejected — required $5610.00 > buying_power $1500.00 × 100% = $1500.00
2026-08-07 10:17:59,284 INFO [gate:capital] ASML Put Debit Spread rejected — required $5330.00 > buying_power $1500.00 × 100% = $1500.00
2026-08-07 10:17:59,285 INFO [gate:capital] ASML Put Debit Spread rejected — required $5030.00 > buying_power $1500.00 × 100% = $1500.00
2026-08-07 10:17:59,293 INFO [gate:capital] ASML Put Debit Spread rejected — required $4870.00 > buying_power $1500.00 × 100% = $1500.00
2026-08-07 10:17:59,296 INFO [gate:capital] ASML Put Debit Spread rejected — required $4640.00 > buying_power $1500.00 × 100% = $1500.00
2026-08-07 10:17:59,298 INFO [gate:capital] ASML Put Debit Spread rejected — required $4300.00 > buying_power $1500.00 × 100% = $1500.00
2026-08-07 10:17:59,302 INFO [gate:capital] ASML Put Debit Spread rejected — required $4120.00 > buying_power $1500.00 × 100% = $1500.00
2026-08-07 10:17:59,303 INFO [gate:capital] ASML Put Debit Spread rejected — required $3960.00 > buying_power $1500.00 × 100% = $1500.00
2026-08-07 10:17:59,314 INFO [gate:capital] ASML Put Debit Spread rejected — required $3650.00 > buying_power $1500.00 × 100% = $1500.00
2026-08-07 10:17:59,316 INFO [gate:capital] ASML Put Debit Spread rejected — required $3550.00 > buying_power $1500.00 × 100% = $1500.00
2026-08-07 10:17:59,317 INFO [gate:capital] ASML Put Debit Spread rejected — required $3330.00 > buying_power $1500.00 × 100% = $1500.00
2026-08-07 10:17:59,319 INFO [gate:capital] ASML Put Debit Spread rejected — required $3140.00 > buying_power $1500.00 × 100% = $1500.00
2026-08-07 10:17:59,323 INFO [gate:capital] ASML Put Debit Spread rejected — required $2880.00 > buying_power $1500.00 × 100% = $1500.00
2026-08-07 10:17:59,327 INFO [gate:capital] ASML Put Debit Spread rejected — required $2780.00 > buying_power $1500.00 × 100% = $1500.00
2026-08-07 10:17:59,331 INFO [gate:capital] ASML Put Debit Spread rejected — required $2570.00 > buying_power $1500.00 × 100% = $1500.00
2026-08-07 10:17:59,333 INFO [gate:capital] ASML Put Debit Spread rejected — required $2410.00 > buying_power $1500.00 × 100% = $1500.00
2026-08-07 10:17:59,336 INFO [gate:capital] ASML Put Debit Spread rejected — required $1930.00 > buying_power $1500.00 × 100% = $1500.00
2026-08-07 10:17:59,448 INFO [repair] ARM Cash Secured Put — roi gate failed; injecting 27 variant(s) for full gate re-evaluation
2026-08-07 10:17:59,450 INFO [gate:capital] ARM Iron Butterfly rejected — required $3495.00 > buying_power $1500.00 × 100% = $1500.00
2026-08-07 10:17:59,633 INFO [repair] ARM Iron Butterfly — capital gate failed; injecting 11 variant(s) for full gate re-evaluation
2026-08-07 10:17:59,643 INFO [gate:capital] ARM Call Debit Spread rejected — required $2285.00 > buying_power $1500.00 × 100% = $1500.00
2026-08-07 10:17:59,784 INFO [repair] ARM Call Debit Spread — capital gate failed; injecting 15 variant(s) for full gate re-evaluation
2026-08-07 10:17:59,784 INFO [gate:capital] ARM Bear Combo rejected — required $1790.00 > buying_power $1500.00 × 100% = $1500.00
2026-08-07 10:17:59,835 INFO [gate:capital] ARM Iron Butterfly rejected — required $3135.00 > buying_power $1500.00 × 100% = $1500.00
2026-08-07 10:17:59,849 INFO [gate:capital] ARM Iron Butterfly rejected — required $2690.00 > buying_power $1500.00 × 100% = $1500.00
2026-08-07 10:17:59,852 INFO [gate:capital] ARM Iron Butterfly rejected — required $2430.00 > buying_power $1500.00 × 100% = $1500.00
2026-08-07 10:17:59,853 INFO [gate:capital] ARM Iron Butterfly rejected — required $2080.00 > buying_power $1500.00 × 100% = $1500.00
2026-08-07 10:17:59,856 INFO [gate:capital] ARM Iron Butterfly rejected — required $1795.00 > buying_power $1500.00 × 100% = $1500.00
2026-08-07 10:17:59,865 INFO [gate:capital] ARM Call Debit Spread rejected — required $2230.00 > buying_power $1500.00 × 100% = $1500.00
2026-08-07 10:17:59,866 INFO [gate:capital] ARM Call Debit Spread rejected — required $2010.00 > buying_power $1500.00 × 100% = $1500.00
2026-08-07 10:17:59,867 INFO [gate:capital] ARM Call Debit Spread rejected — required $1880.00 > buying_power $1500.00 × 100% = $1500.00
2026-08-07 10:17:59,870 INFO [gate:capital] ARM Call Debit Spread rejected — required $1760.00 > buying_power $1500.00 × 100% = $1500.00
2026-08-07 10:17:59,877 INFO [gate:capital] ARM Call Debit Spread rejected — required $1650.00 > buying_power $1500.00 × 100% = $1500.00
2026-08-07 10:17:59,884 INFO [gate:capital] ARM Bear Combo rejected — required $2764.00 > buying_power $1500.00 × 100% = $1500.00
2026-08-07 10:18:00,083 INFO [repair] INTC Cash Secured Put — roi gate failed; injecting 28 variant(s) for full gate re-evaluation
2026-08-07 10:18:00,413 INFO [repair] KLAC Cash Secured Put — roi gate failed; injecting 50 variant(s) for full gate re-evaluation
2026-08-07 10:18:00,418 INFO [gate:capital] KLAC Iron Butterfly rejected — required $2100.00 > buying_power $1500.00 × 100% = $1500.00
2026-08-07 10:18:01,076 INFO [repair] KLAC Iron Butterfly — capital gate failed; injecting 22 variant(s) for full gate re-evaluation
2026-08-07 10:18:01,084 INFO [gate:capital] KLAC Call Debit Spread rejected — required $2030.00 > buying_power $1500.00 × 100% = $1500.00
2026-08-07 10:18:01,656 INFO [repair] KLAC Call Debit Spread — capital gate failed; injecting 31 variant(s) for full gate re-evaluation
2026-08-07 10:18:01,660 INFO [gate:capital] KLAC Put Debit Spread rejected — required $2090.00 > buying_power $1500.00 × 100% = $1500.00
2026-08-07 10:18:01,933 INFO [repair] KLAC Put Debit Spread — capital gate failed; injecting 26 variant(s) for full gate re-evaluation
2026-08-07 10:18:01,965 INFO [gate:capital] KLAC Iron Butterfly rejected — required $2130.00 > buying_power $1500.00 × 100% = $1500.00
2026-08-07 10:18:01,966 INFO [gate:capital] KLAC Iron Butterfly rejected — required $1840.00 > buying_power $1500.00 × 100% = $1500.00
2026-08-07 10:18:01,967 INFO [gate:capital] KLAC Iron Butterfly rejected — required $1740.00 > buying_power $1500.00 × 100% = $1500.00
2026-08-07 10:18:01,980 INFO [gate:capital] KLAC Iron Butterfly rejected — required $1630.00 > buying_power $1500.00 × 100% = $1500.00
2026-08-07 10:18:01,982 INFO [gate:capital] KLAC Iron Butterfly rejected — required $1540.00 > buying_power $1500.00 × 100% = $1500.00
2026-08-07 10:18:01,983 INFO [gate:capital] KLAC Call Debit Spread rejected — required $1950.00 > buying_power $1500.00 × 100% = $1500.00
2026-08-07 10:18:01,987 INFO [gate:capital] KLAC Call Debit Spread rejected — required $1820.00 > buying_power $1500.00 × 100% = $1500.00
2026-08-07 10:18:01,991 INFO [gate:capital] KLAC Call Debit Spread rejected — required $1720.00 > buying_power $1500.00 × 100% = $1500.00
2026-08-07 10:18:01,995 INFO [gate:capital] KLAC Call Debit Spread rejected — required $1640.00 > buying_power $1500.00 × 100% = $1500.00
2026-08-07 10:18:01,996 INFO [gate:capital] KLAC Call Debit Spread rejected — required $1580.00 > buying_power $1500.00 × 100% = $1500.00
2026-08-07 10:18:02,015 INFO [gate:capital] KLAC Call Debit Spread rejected — required $1550.00 > buying_power $1500.00 × 100% = $1500.00
2026-08-07 10:18:02,027 INFO [gate:capital] KLAC Put Debit Spread rejected — required $1970.00 > buying_power $1500.00 × 100% = $1500.00
2026-08-07 10:18:02,031 INFO [gate:capital] KLAC Put Debit Spread rejected — required $1810.00 > buying_power $1500.00 × 100% = $1500.00
2026-08-07 10:18:02,032 INFO [gate:capital] KLAC Put Debit Spread rejected — required $1830.00 > buying_power $1500.00 × 100% = $1500.00
2026-08-07 10:18:02,033 INFO [gate:capital] KLAC Put Debit Spread rejected — required $1720.00 > buying_power $1500.00 × 100% = $1500.00
2026-08-07 10:18:02,037 INFO [gate:capital] KLAC Put Debit Spread rejected — required $1530.00 > buying_power $1500.00 × 100% = $1500.00
2026-08-07 10:18:02,043 INFO [gate:capital] LRCX Bear Combo rejected — required $2532.00 > buying_power $1500.00 × 100% = $1500.00
2026-08-07 10:18:02,330 INFO [repair] MU Cash Secured Put — roi gate failed; injecting 53 variant(s) for full gate re-evaluation
2026-08-07 10:18:02,338 INFO [gate:capital] MU Iron Butterfly rejected — required $4555.00 > buying_power $1500.00 × 100% = $1500.00
2026-08-07 10:18:02,645 INFO [repair] MU Iron Butterfly — capital gate failed; injecting 20 variant(s) for full gate re-evaluation
2026-08-07 10:18:02,645 INFO [gate:capital] MU Call Debit Spread rejected — required $5745.00 > buying_power $1500.00 × 100% = $1500.00
2026-08-07 10:18:02,963 INFO [repair] MU Call Debit Spread — capital gate failed; injecting 34 variant(s) for full gate re-evaluation
2026-08-07 10:18:02,963 INFO [gate:capital] MU Bear Combo rejected — required $10240.00 > buying_power $1500.00 × 100% = $1500.00
2026-08-07 10:18:02,999 INFO [gate:capital] MU Iron Butterfly rejected — required $4370.00 > buying_power $1500.00 × 100% = $1500.00
2026-08-07 10:18:03,006 INFO [gate:capital] MU Iron Butterfly rejected — required $4250.00 > buying_power $1500.00 × 100% = $1500.00
2026-08-07 10:18:03,008 INFO [gate:capital] MU Iron Butterfly rejected — required $4085.00 > buying_power $1500.00 × 100% = $1500.00
2026-08-07 10:18:03,011 INFO [gate:capital] MU Iron Butterfly rejected — required $3665.00 > buying_power $1500.00 × 100% = $1500.00
2026-08-07 10:18:03,013 INFO [gate:capital] MU Iron Butterfly rejected — required $3510.00 > buying_power $1500.00 × 100% = $1500.00
2026-08-07 10:18:03,016 INFO [gate:capital] MU Iron Butterfly rejected — required $3295.00 > buying_power $1500.00 × 100% = $1500.00
2026-08-07 10:18:03,027 INFO [gate:capital] MU Iron Butterfly rejected — required $2975.00 > buying_power $1500.00 × 100% = $1500.00
2026-08-07 10:18:03,030 INFO [gate:capital] MU Iron Butterfly rejected — required $2840.00 > buying_power $1500.00 × 100% = $1500.00
2026-08-07 10:18:03,032 INFO [gate:capital] MU Iron Butterfly rejected — required $2650.00 > buying_power $1500.00 × 100% = $1500.00
2026-08-07 10:18:03,032 INFO [gate:capital] MU Iron Butterfly rejected — required $2675.00 > buying_power $1500.00 × 100% = $1500.00
2026-08-07 10:18:03,041 INFO [gate:capital] MU Iron Butterfly rejected — required $2730.00 > buying_power $1500.00 × 100% = $1500.00
2026-08-07 10:18:03,041 INFO [gate:capital] MU Iron Butterfly rejected — required $2740.00 > buying_power $1500.00 × 100% = $1500.00
2026-08-07 10:18:03,045 INFO [gate:capital] MU Iron Butterfly rejected — required $2370.00 > buying_power $1500.00 × 100% = $1500.00
2026-08-07 10:18:03,052 INFO [gate:capital] MU Iron Butterfly rejected — required $2335.00 > buying_power $1500.00 × 100% = $1500.00
2026-08-07 10:18:03,056 INFO [gate:capital] MU Iron Butterfly rejected — required $2205.00 > buying_power $1500.00 × 100% = $1500.00
2026-08-07 10:18:03,060 INFO [gate:capital] MU Iron Butterfly rejected — required $2185.00 > buying_power $1500.00 × 100% = $1500.00
2026-08-07 10:18:03,060 INFO [gate:capital] MU Iron Butterfly rejected — required $2065.00 > buying_power $1500.00 × 100% = $1500.00
2026-08-07 10:18:03,064 INFO [gate:capital] MU Iron Butterfly rejected — required $1850.00 > buying_power $1500.00 × 100% = $1500.00
2026-08-07 10:18:03,065 INFO [gate:capital] MU Iron Butterfly rejected — required $1770.00 > buying_power $1500.00 × 100% = $1500.00
2026-08-07 10:18:03,080 INFO [gate:capital] MU Iron Butterfly rejected — required $1715.00 > buying_power $1500.00 × 100% = $1500.00
2026-08-07 10:18:03,082 INFO [gate:capital] MU Call Debit Spread rejected — required $5610.00 > buying_power $1500.00 × 100% = $1500.00
2026-08-07 10:18:03,095 INFO [gate:capital] MU Call Debit Spread rejected — required $5450.00 > buying_power $1500.00 × 100% = $1500.00
2026-08-07 10:18:03,095 INFO [gate:capital] MU Call Debit Spread rejected — required $4920.00 > buying_power $1500.00 × 100% = $1500.00
2026-08-07 10:18:03,097 INFO [gate:capital] MU Call Debit Spread rejected — required $4795.00 > buying_power $1500.00 × 100% = $1500.00
2026-08-07 10:18:03,098 INFO [gate:capital] MU Call Debit Spread rejected — required $4670.00 > buying_power $1500.00 × 100% = $1500.00
2026-08-07 10:18:03,106 INFO [gate:capital] MU Call Debit Spread rejected — required $4375.00 > buying_power $1500.00 × 100% = $1500.00
2026-08-07 10:18:03,112 INFO [gate:capital] MU Call Debit Spread rejected — required $4030.00 > buying_power $1500.00 × 100% = $1500.00
2026-08-07 10:18:03,113 INFO [gate:capital] MU Call Debit Spread rejected — required $3695.00 > buying_power $1500.00 × 100% = $1500.00
2026-08-07 10:18:03,115 INFO [gate:capital] MU Call Debit Spread rejected — required $3580.00 > buying_power $1500.00 × 100% = $1500.00
2026-08-07 10:18:03,117 INFO [gate:capital] MU Call Debit Spread rejected — required $3320.00 > buying_power $1500.00 × 100% = $1500.00
2026-08-07 10:18:03,123 INFO [gate:capital] MU Call Debit Spread rejected — required $3110.00 > buying_power $1500.00 × 100% = $1500.00
2026-08-07 10:18:03,123 INFO [gate:capital] MU Call Debit Spread rejected — required $2910.00 > buying_power $1500.00 × 100% = $1500.00
2026-08-07 10:18:03,123 INFO [gate:capital] MU Call Debit Spread rejected — required $2755.00 > buying_power $1500.00 × 100% = $1500.00
2026-08-07 10:18:03,127 INFO [gate:capital] MU Call Debit Spread rejected — required $2515.00 > buying_power $1500.00 × 100% = $1500.00
2026-08-07 10:18:03,127 INFO [gate:capital] MU Call Debit Spread rejected — required $2365.00 > buying_power $1500.00 × 100% = $1500.00
2026-08-07 10:18:03,127 INFO [gate:capital] MU Call Debit Spread rejected — required $2185.00 > buying_power $1500.00 × 100% = $1500.00
2026-08-07 10:18:03,148 INFO [gate:capital] MU Call Debit Spread rejected — required $1925.00 > buying_power $1500.00 × 100% = $1500.00
2026-08-07 10:18:03,148 INFO [gate:capital] MU Call Debit Spread rejected — required $1875.00 > buying_power $1500.00 × 100% = $1500.00
2026-08-07 10:18:03,152 INFO [gate:capital] MU Call Debit Spread rejected — required $1610.00 > buying_power $1500.00 × 100% = $1500.00
2026-08-07 10:18:03,156 INFO [gate:capital] MU Call Debit Spread rejected — required $1565.00 > buying_power $1500.00 × 100% = $1500.00
2026-08-07 10:18:03,362 INFO [repair] MU Iron Butterfly — roi gate failed; injecting 10 variant(s) for full gate re-evaluation
2026-08-07 10:18:03,363 INFO [gate:capital] MU Call Debit Spread rejected — required $3760.00 > buying_power $1500.00 × 100% = $1500.00
2026-08-07 10:18:03,547 INFO [repair] MU Call Debit Spread — capital gate failed; injecting 22 variant(s) for full gate re-evaluation
2026-08-07 10:18:03,548 INFO [gate:capital] MU Put Debit Spread rejected — required $2320.00 > buying_power $1500.00 × 100% = $1500.00
2026-08-07 10:18:03,645 INFO [repair] MU Put Debit Spread — capital gate failed; injecting 14 variant(s) for full gate re-evaluation
2026-08-07 10:18:03,645 INFO [gate:capital] MU Bear Combo rejected — required $6535.00 > buying_power $1500.00 × 100% = $1500.00
2026-08-07 10:18:03,663 INFO [gate:capital] MU Call Debit Spread rejected — required $3445.00 > buying_power $1500.00 × 100% = $1500.00
2026-08-07 10:18:03,663 INFO [gate:capital] MU Call Debit Spread rejected — required $3040.00 > buying_power $1500.00 × 100% = $1500.00
2026-08-07 10:18:03,692 INFO [gate:capital] MU Call Debit Spread rejected — required $2835.00 > buying_power $1500.00 × 100% = $1500.00
2026-08-07 10:18:03,695 INFO [gate:capital] MU Call Debit Spread rejected — required $2600.00 > buying_power $1500.00 × 100% = $1500.00
2026-08-07 10:18:03,698 INFO [gate:capital] MU Call Debit Spread rejected — required $2365.00 > buying_power $1500.00 × 100% = $1500.00
2026-08-07 10:18:03,706 INFO [gate:capital] MU Call Debit Spread rejected — required $2265.00 > buying_power $1500.00 × 100% = $1500.00
2026-08-07 10:18:03,709 INFO [gate:capital] MU Call Debit Spread rejected — required $1940.00 > buying_power $1500.00 × 100% = $1500.00
2026-08-07 10:18:03,714 INFO [gate:capital] MU Call Debit Spread rejected — required $1670.00 > buying_power $1500.00 × 100% = $1500.00
2026-08-07 10:18:03,723 INFO [gate:capital] MU Put Debit Spread rejected — required $2225.00 > buying_power $1500.00 × 100% = $1500.00
2026-08-07 10:18:03,723 INFO [gate:capital] MU Put Debit Spread rejected — required $1865.00 > buying_power $1500.00 × 100% = $1500.00
2026-08-07 10:18:03,727 INFO [gate:capital] MU Put Debit Spread rejected — required $1765.00 > buying_power $1500.00 × 100% = $1500.00
2026-08-07 10:18:03,781 INFO [gate:capital] MDB Bear Combo rejected — required $4110.00 > buying_power $1500.00 × 100% = $1500.00
2026-08-07 10:18:03,814 INFO [gate:capital] MDB Call Debit Spread rejected — required $1615.00 > buying_power $1500.00 × 100% = $1500.00
2026-08-07 10:18:03,905 INFO [repair] MDB Call Debit Spread — capital gate failed; injecting 7 variant(s) for full gate re-evaluation
2026-08-07 10:18:04,078 INFO [repair] SNOW Cash Secured Put — roi gate failed; injecting 24 variant(s) for full gate re-evaluation
2026-08-07 10:18:04,079 INFO [gate:capital] SNOW Put Debit Spread rejected — required $2025.00 > buying_power $1500.00 × 100% = $1500.00
2026-08-07 10:18:04,126 INFO [repair] SNOW Put Debit Spread — capital gate failed; injecting 4 variant(s) for full gate re-evaluation
2026-08-07 10:18:04,126 INFO [gate:capital] SNOW Bear Combo rejected — required $2174.00 > buying_power $1500.00 × 100% = $1500.00
2026-08-07 10:18:04,233 INFO [repair] ORCL Cash Secured Put — roi gate failed; injecting 17 variant(s) for full gate re-evaluation
2026-08-07 10:18:04,394 INFO [repair] NOW Cash Secured Put — roi gate failed; injecting 27 variant(s) for full gate re-evaluation
2026-08-07 10:18:04,530 INFO [repair] RGTI Iron Butterfly — roi gate failed; injecting 3 variant(s) for full gate re-evaluation
2026-08-07 10:18:04,690 INFO [repair] NET Cash Secured Put — roi gate failed; injecting 27 variant(s) for full gate re-evaluation
2026-08-07 10:18:04,692 INFO [gate:capital] NET Call Debit Spread rejected — required $2149.00 > buying_power $1500.00 × 100% = $1500.00
2026-08-07 10:18:04,775 INFO [repair] NET Call Debit Spread — capital gate failed; injecting 10 variant(s) for full gate re-evaluation
2026-08-07 10:18:04,775 INFO [gate:capital] NET Bear Combo rejected — required $3180.00 > buying_power $1500.00 × 100% = $1500.00
2026-08-07 10:18:04,796 INFO [gate:capital] NET Call Debit Spread rejected — required $1849.00 > buying_power $1500.00 × 100% = $1500.00
2026-08-07 10:18:04,808 INFO [gate:capital] NET Call Debit Spread rejected — required $1574.00 > buying_power $1500.00 × 100% = $1500.00
2026-08-07 10:18:04,910 INFO [repair] NET Cash Secured Put — roi gate failed; injecting 16 variant(s) for full gate re-evaluation
2026-08-07 10:18:04,945 INFO [gate:capital] ADBE Call Debit Spread rejected — required $1603.00 > buying_power $1500.00 × 100% = $1500.00
2026-08-07 10:18:05,044 INFO [repair] ADBE Call Debit Spread — capital gate failed; injecting 11 variant(s) for full gate re-evaluation
2026-08-07 10:18:05,233 INFO [gate:capital] TSLA Diagonal Spread rejected — required $1520.00 > buying_power $1500.00 × 100% = $1500.00
2026-08-07 10:18:05,255 INFO [gate:capital] MELI Put Debit Spread rejected — required $6550.00 > buying_power $1500.00 × 100% = $1500.00
2026-08-07 10:18:05,475 INFO [repair] MELI Put Debit Spread — capital gate failed; injecting 26 variant(s) for full gate re-evaluation
2026-08-07 10:18:05,475 INFO [gate:capital] MELI Put Debit Spread rejected — required $5930.00 > buying_power $1500.00 × 100% = $1500.00
2026-08-07 10:18:05,508 INFO [gate:capital] MELI Put Debit Spread rejected — required $5380.00 > buying_power $1500.00 × 100% = $1500.00
2026-08-07 10:18:05,508 INFO [gate:capital] MELI Put Debit Spread rejected — required $5570.00 > buying_power $1500.00 × 100% = $1500.00
2026-08-07 10:18:05,513 INFO [gate:capital] MELI Put Debit Spread rejected — required $5460.00 > buying_power $1500.00 × 100% = $1500.00
2026-08-07 10:18:05,522 INFO [gate:capital] MELI Put Debit Spread rejected — required $5100.00 > buying_power $1500.00 × 100% = $1500.00
2026-08-07 10:18:05,523 INFO [gate:capital] MELI Put Debit Spread rejected — required $5260.00 > buying_power $1500.00 × 100% = $1500.00
2026-08-07 10:18:05,525 INFO [gate:capital] MELI Put Debit Spread rejected — required $5030.00 > buying_power $1500.00 × 100% = $1500.00
2026-08-07 10:18:05,526 INFO [gate:capital] MELI Put Debit Spread rejected — required $3770.00 > buying_power $1500.00 × 100% = $1500.00
2026-08-07 10:18:05,528 INFO [gate:capital] MELI Put Debit Spread rejected — required $4700.00 > buying_power $1500.00 × 100% = $1500.00
2026-08-07 10:18:05,538 INFO [gate:capital] MELI Put Debit Spread rejected — required $3430.00 > buying_power $1500.00 × 100% = $1500.00
2026-08-07 10:18:05,541 INFO [gate:capital] MELI Put Debit Spread rejected — required $4200.00 > buying_power $1500.00 × 100% = $1500.00
2026-08-07 10:18:05,544 INFO [gate:capital] MELI Put Debit Spread rejected — required $4180.00 > buying_power $1500.00 × 100% = $1500.00
2026-08-07 10:18:05,544 INFO [gate:capital] MELI Put Debit Spread rejected — required $3590.00 > buying_power $1500.00 × 100% = $1500.00
2026-08-07 10:18:05,544 INFO [gate:capital] MELI Put Debit Spread rejected — required $3830.00 > buying_power $1500.00 × 100% = $1500.00
2026-08-07 10:18:05,544 INFO [gate:capital] MELI Put Debit Spread rejected — required $3530.00 > buying_power $1500.00 × 100% = $1500.00
2026-08-07 10:18:05,556 INFO [gate:capital] HD Put Debit Spread rejected — required $1752.00 > buying_power $1500.00 × 100% = $1500.00
2026-08-07 10:18:05,649 INFO [repair] HD Put Debit Spread — capital gate failed; injecting 12 variant(s) for full gate re-evaluation
2026-08-07 10:18:05,657 INFO [gate:capital] HD Put Debit Spread rejected — required $1572.00 > buying_power $1500.00 × 100% = $1500.00
2026-08-07 10:18:05,679 INFO [gate:capital] COST Call Debit Spread rejected — required $1629.00 > buying_power $1500.00 × 100% = $1500.00
2026-08-07 10:18:05,855 INFO [repair] COST Call Debit Spread — capital gate failed; injecting 14 variant(s) for full gate re-evaluation
2026-08-07 10:18:05,860 INFO [gate:capital] COST Put Debit Spread rejected — required $2375.00 > buying_power $1500.00 × 100% = $1500.00
2026-08-07 10:18:05,988 INFO [repair] COST Put Debit Spread — capital gate failed; injecting 18 variant(s) for full gate re-evaluation
2026-08-07 10:18:06,022 INFO [gate:capital] COST Call Debit Spread rejected — required $1644.00 > buying_power $1500.00 × 100% = $1500.00
2026-08-07 10:18:06,026 INFO [gate:capital] COST Call Debit Spread rejected — required $1534.00 > buying_power $1500.00 × 100% = $1500.00
2026-08-07 10:18:06,046 INFO [gate:capital] COST Put Debit Spread rejected — required $2270.00 > buying_power $1500.00 × 100% = $1500.00
2026-08-07 10:18:06,053 INFO [gate:capital] COST Put Debit Spread rejected — required $2105.00 > buying_power $1500.00 × 100% = $1500.00
2026-08-07 10:18:06,053 INFO [gate:capital] COST Put Debit Spread rejected — required $1890.00 > buying_power $1500.00 × 100% = $1500.00
2026-08-07 10:18:06,079 INFO [gate:capital] COST Put Debit Spread rejected — required $1815.00 > buying_power $1500.00 × 100% = $1500.00
2026-08-07 10:18:06,084 INFO [gate:capital] COST Put Debit Spread rejected — required $1585.00 > buying_power $1500.00 × 100% = $1500.00
2026-08-07 10:18:06,096 INFO [gate:capital] COST Put Debit Spread rejected — required $2031.00 > buying_power $1500.00 × 100% = $1500.00
2026-08-07 10:18:06,259 INFO [repair] COST Put Debit Spread — capital gate failed; injecting 15 variant(s) for full gate re-evaluation
2026-08-07 10:18:06,275 INFO [gate:capital] COST Put Debit Spread rejected — required $1791.00 > buying_power $1500.00 × 100% = $1500.00
2026-08-07 10:18:06,277 INFO [gate:capital] COST Put Debit Spread rejected — required $1536.00 > buying_power $1500.00 × 100% = $1500.00
2026-08-07 10:18:06,283 INFO [gate:capital] ULTA Call Debit Spread rejected — required $1640.00 > buying_power $1500.00 × 100% = $1500.00
2026-08-07 10:18:06,367 INFO [repair] ULTA Call Debit Spread — capital gate failed; injecting 6 variant(s) for full gate re-evaluation
2026-08-07 10:18:06,408 INFO [repair] APP Cash Secured Put — roi gate failed; injecting 5 variant(s) for full gate re-evaluation
2026-08-07 10:18:06,408 INFO [gate:capital] APP Iron Condor rejected — required $1655.00 > buying_power $1500.00 × 100% = $1500.00
2026-08-07 10:18:06,477 INFO [repair] APP Iron Butterfly — roi gate failed; injecting 4 variant(s) for full gate re-evaluation
2026-08-07 10:18:06,477 INFO [gate:capital] APP Call Debit Spread rejected — required $1640.00 > buying_power $1500.00 × 100% = $1500.00
2026-08-07 10:18:06,542 INFO [repair] APP Call Debit Spread — capital gate failed; injecting 9 variant(s) for full gate re-evaluation
2026-08-07 10:18:06,542 INFO [gate:capital] APP Bear Combo rejected — required $3115.00 > buying_power $1500.00 × 100% = $1500.00
2026-08-07 10:18:06,577 INFO [gate:capital] APP Diagonal Spread rejected — required $2760.00 > buying_power $1500.00 × 100% = $1500.00
2026-08-07 10:18:06,622 INFO [repair] APP Cash Secured Put — roi gate failed; injecting 8 variant(s) for full gate re-evaluation
2026-08-07 10:18:06,712 INFO [repair] APP Iron Butterfly — roi gate failed; injecting 5 variant(s) for full gate re-evaluation
2026-08-07 10:18:06,722 INFO [gate:capital] APP Bear Combo rejected — required $3640.00 > buying_power $1500.00 × 100% = $1500.00
2026-08-07 10:18:06,791 INFO [repair] WMT Cash Secured Put — roi gate failed; injecting 10 variant(s) for full gate re-evaluation
2026-08-07 10:18:06,801 INFO [gate:capital] LLY Call Debit Spread rejected — required $2800.00 > buying_power $1500.00 × 100% = $1500.00
2026-08-07 10:18:06,969 INFO [repair] LLY Call Debit Spread — capital gate failed; injecting 18 variant(s) for full gate re-evaluation
2026-08-07 10:18:06,973 INFO [gate:capital] LLY Put Debit Spread rejected — required $5285.00 > buying_power $1500.00 × 100% = $1500.00
2026-08-07 10:18:07,537 INFO [repair] LLY Put Debit Spread — capital gate failed; injecting 22 variant(s) for full gate re-evaluation
2026-08-07 10:18:07,574 INFO [gate:capital] LLY Call Debit Spread rejected — required $2655.00 > buying_power $1500.00 × 100% = $1500.00
2026-08-07 10:18:07,576 INFO [gate:capital] LLY Call Debit Spread rejected — required $2525.00 > buying_power $1500.00 × 100% = $1500.00
2026-08-07 10:18:07,608 INFO [gate:capital] LLY Call Debit Spread rejected — required $2425.00 > buying_power $1500.00 × 100% = $1500.00
2026-08-07 10:18:07,624 INFO [gate:capital] LLY Call Debit Spread rejected — required $2050.00 > buying_power $1500.00 × 100% = $1500.00
2026-08-07 10:18:07,627 INFO [gate:capital] LLY Call Debit Spread rejected — required $2080.00 > buying_power $1500.00 × 100% = $1500.00
2026-08-07 10:18:07,633 INFO [gate:capital] LLY Call Debit Spread rejected — required $1920.00 > buying_power $1500.00 × 100% = $1500.00
2026-08-07 10:18:07,635 INFO [gate:capital] LLY Call Debit Spread rejected — required $1655.00 > buying_power $1500.00 × 100% = $1500.00
2026-08-07 10:18:07,638 INFO [gate:capital] LLY Call Debit Spread rejected — required $1530.00 > buying_power $1500.00 × 100% = $1500.00
2026-08-07 10:18:07,675 INFO [gate:capital] LLY Put Debit Spread rejected — required $4885.00 > buying_power $1500.00 × 100% = $1500.00
2026-08-07 10:18:07,676 INFO [gate:capital] LLY Put Debit Spread rejected — required $4585.00 > buying_power $1500.00 × 100% = $1500.00
2026-08-07 10:18:07,677 INFO [gate:capital] LLY Put Debit Spread rejected — required $4285.00 > buying_power $1500.00 × 100% = $1500.00
2026-08-07 10:18:07,687 INFO [gate:capital] LLY Put Debit Spread rejected — required $4085.00 > buying_power $1500.00 × 100% = $1500.00
2026-08-07 10:18:07,694 INFO [gate:capital] LLY Put Debit Spread rejected — required $3985.00 > buying_power $1500.00 × 100% = $1500.00
2026-08-07 10:18:07,695 INFO [gate:capital] LLY Put Debit Spread rejected — required $3685.00 > buying_power $1500.00 × 100% = $1500.00
2026-08-07 10:18:07,708 INFO [gate:capital] LLY Put Debit Spread rejected — required $3385.00 > buying_power $1500.00 × 100% = $1500.00
2026-08-07 10:18:07,725 INFO [gate:capital] LLY Put Debit Spread rejected — required $3285.00 > buying_power $1500.00 × 100% = $1500.00
2026-08-07 10:18:07,726 INFO [gate:capital] LLY Put Debit Spread rejected — required $3085.00 > buying_power $1500.00 × 100% = $1500.00
2026-08-07 10:18:07,728 INFO [gate:capital] LLY Call Debit Spread rejected — required $1985.00 > buying_power $1500.00 × 100% = $1500.00
2026-08-07 10:18:07,991 INFO [repair] LLY Call Debit Spread — capital gate failed; injecting 16 variant(s) for full gate re-evaluation
2026-08-07 10:18:07,991 INFO [gate:capital] LLY Put Debit Spread rejected — required $4000.00 > buying_power $1500.00 × 100% = $1500.00
2026-08-07 10:18:08,309 INFO [repair] LLY Put Debit Spread — capital gate failed; injecting 17 variant(s) for full gate re-evaluation
2026-08-07 10:18:08,336 INFO [gate:capital] LLY Call Debit Spread rejected — required $1785.00 > buying_power $1500.00 × 100% = $1500.00
2026-08-07 10:18:08,340 INFO [gate:capital] LLY Call Debit Spread rejected — required $1670.00 > buying_power $1500.00 × 100% = $1500.00
2026-08-07 10:18:08,344 INFO [gate:capital] LLY Call Debit Spread rejected — required $1580.00 > buying_power $1500.00 × 100% = $1500.00
2026-08-07 10:18:08,372 INFO [gate:capital] LLY Put Debit Spread rejected — required $3800.00 > buying_power $1500.00 × 100% = $1500.00
2026-08-07 10:18:08,372 INFO [gate:capital] LLY Put Debit Spread rejected — required $3500.00 > buying_power $1500.00 × 100% = $1500.00
2026-08-07 10:18:08,473 INFO [repair] ABBV Iron Butterfly — roi gate failed; injecting 3 variant(s) for full gate re-evaluation
2026-08-07 10:18:08,844 INFO [gate:capital] GE Call Debit Spread rejected — required $1602.00 > buying_power $1500.00 × 100% = $1500.00
2026-08-07 10:18:09,008 INFO [repair] GE Call Debit Spread — capital gate failed; injecting 11 variant(s) for full gate re-evaluation
2026-08-07 10:18:09,073 INFO [gate:capital] ETN Call Debit Spread rejected — required $2395.00 > buying_power $1500.00 × 100% = $1500.00
2026-08-07 10:18:09,184 INFO [repair] ETN Call Debit Spread — capital gate failed; injecting 10 variant(s) for full gate re-evaluation
2026-08-07 10:18:09,210 INFO [gate:capital] ETN Call Debit Spread rejected — required $2075.00 > buying_power $1500.00 × 100% = $1500.00
2026-08-07 10:18:09,224 INFO [gate:capital] ETN Call Debit Spread rejected — required $1785.00 > buying_power $1500.00 × 100% = $1500.00
2026-08-07 10:18:09,232 INFO [gate:capital] ETN Call Debit Spread rejected — required $1535.00 > buying_power $1500.00 × 100% = $1500.00
2026-08-07 10:18:09,473 INFO [repair] VRT Cash Secured Put — roi gate failed; injecting 11 variant(s) for full gate re-evaluation
2026-08-07 10:18:09,483 INFO [gate:capital] VRT Iron Butterfly rejected — required $1945.00 > buying_power $1500.00 × 100% = $1500.00
2026-08-07 10:18:09,700 INFO [repair] VRT Iron Butterfly — capital gate failed; injecting 6 variant(s) for full gate re-evaluation
2026-08-07 10:18:09,702 INFO [gate:capital] VRT Call Debit Spread rejected — required $1700.00 > buying_power $1500.00 × 100% = $1500.00
2026-08-07 10:18:09,859 INFO [repair] VRT Call Debit Spread — capital gate failed; injecting 18 variant(s) for full gate re-evaluation
2026-08-07 10:18:09,873 INFO [gate:capital] VRT Bear Combo rejected — required $2398.00 > buying_power $1500.00 × 100% = $1500.00
2026-08-07 10:18:09,885 INFO [gate:capital] VRT Iron Butterfly rejected — required $1880.00 > buying_power $1500.00 × 100% = $1500.00
2026-08-07 10:18:09,885 INFO [gate:capital] VRT Iron Butterfly rejected — required $1840.00 > buying_power $1500.00 × 100% = $1500.00
2026-08-07 10:18:09,891 INFO [gate:capital] VRT Iron Butterfly rejected — required $1705.00 > buying_power $1500.00 × 100% = $1500.00
2026-08-07 10:18:09,891 INFO [gate:capital] VRT Iron Butterfly rejected — required $1640.00 > buying_power $1500.00 × 100% = $1500.00
2026-08-07 10:18:09,896 INFO [gate:capital] VRT Iron Butterfly rejected — required $1555.00 > buying_power $1500.00 × 100% = $1500.00
2026-08-07 10:18:09,896 INFO [gate:capital] VRT Call Debit Spread rejected — required $1615.00 > buying_power $1500.00 × 100% = $1500.00
2026-08-07 10:18:09,902 INFO [gate:capital] VRT Call Debit Spread rejected — required $1505.00 > buying_power $1500.00 × 100% = $1500.00
2026-08-07 10:18:09,971 INFO [repair] VRT Cash Secured Put — roi gate failed; injecting 12 variant(s) for full gate re-evaluation
2026-08-07 10:18:09,974 INFO [gate:capital] VRT Iron Butterfly rejected — required $1610.00 > buying_power $1500.00 × 100% = $1500.00
2026-08-07 10:18:10,089 INFO [repair] VRT Iron Butterfly — capital gate failed; injecting 5 variant(s) for full gate re-evaluation
2026-08-07 10:18:10,114 INFO [gate:capital] VRT Iron Butterfly rejected — required $1525.00 > buying_power $1500.00 × 100% = $1500.00
2026-08-07 10:18:10,122 INFO [gate:capital] CAT Call Debit Spread rejected — required $4020.00 > buying_power $1500.00 × 100% = $1500.00
2026-08-07 10:18:10,367 INFO [repair] CAT Call Debit Spread — capital gate failed; injecting 22 variant(s) for full gate re-evaluation
2026-08-07 10:18:10,368 INFO [gate:capital] CAT Put Debit Spread rejected — required $2720.00 > buying_power $1500.00 × 100% = $1500.00
2026-08-07 10:18:10,487 INFO [repair] CAT Put Debit Spread — capital gate failed; injecting 13 variant(s) for full gate re-evaluation
2026-08-07 10:18:10,519 INFO [gate:capital] CAT Diagonal Spread rejected — required $4455.00 > buying_power $1500.00 × 100% = $1500.00
2026-08-07 10:18:10,519 INFO [gate:capital] CAT Call Debit Spread rejected — required $3435.00 > buying_power $1500.00 × 100% = $1500.00
2026-08-07 10:18:10,519 INFO [gate:capital] CAT Call Debit Spread rejected — required $3320.00 > buying_power $1500.00 × 100% = $1500.00
2026-08-07 10:18:10,519 INFO [gate:capital] CAT Call Debit Spread rejected — required $3130.00 > buying_power $1500.00 × 100% = $1500.00
2026-08-07 10:18:10,527 INFO [gate:capital] CAT Call Debit Spread rejected — required $2600.00 > buying_power $1500.00 × 100% = $1500.00
2026-08-07 10:18:10,531 INFO [gate:capital] CAT Call Debit Spread rejected — required $2490.00 > buying_power $1500.00 × 100% = $1500.00
2026-08-07 10:18:10,539 INFO [gate:capital] CAT Call Debit Spread rejected — required $2220.00 > buying_power $1500.00 × 100% = $1500.00
2026-08-07 10:18:10,549 INFO [gate:capital] CAT Call Debit Spread rejected — required $1935.00 > buying_power $1500.00 × 100% = $1500.00
2026-08-07 10:18:10,554 INFO [gate:capital] CAT Call Debit Spread rejected — required $1735.00 > buying_power $1500.00 × 100% = $1500.00
2026-08-07 10:18:10,556 INFO [gate:capital] CAT Put Debit Spread rejected — required $2510.00 > buying_power $1500.00 × 100% = $1500.00
2026-08-07 10:18:10,556 INFO [gate:capital] CAT Put Debit Spread rejected — required $2140.00 > buying_power $1500.00 × 100% = $1500.00
2026-08-07 10:18:10,563 INFO [gate:capital] CAT Put Debit Spread rejected — required $2025.00 > buying_power $1500.00 × 100% = $1500.00
2026-08-07 10:18:10,565 INFO [gate:capital] CAT Put Debit Spread rejected — required $1720.00 > buying_power $1500.00 × 100% = $1500.00
2026-08-07 10:18:10,570 INFO [gate:capital] CAT Put Debit Spread rejected — required $1685.00 > buying_power $1500.00 × 100% = $1500.00
2026-08-07 10:18:10,574 INFO [gate:capital] CAT Put Debit Spread rejected — required $1515.00 > buying_power $1500.00 × 100% = $1500.00
2026-08-07 10:18:10,582 INFO [gate:capital] CAT Call Debit Spread rejected — required $2620.00 > buying_power $1500.00 × 100% = $1500.00
2026-08-07 10:18:10,668 INFO [repair] CAT Call Debit Spread — capital gate failed; injecting 12 variant(s) for full gate re-evaluation
2026-08-07 10:18:10,688 INFO [gate:capital] CAT Call Debit Spread rejected — required $2375.00 > buying_power $1500.00 × 100% = $1500.00
2026-08-07 10:18:10,688 INFO [gate:capital] CAT Call Debit Spread rejected — required $2145.00 > buying_power $1500.00 × 100% = $1500.00
2026-08-07 10:18:10,692 INFO [gate:capital] CAT Call Debit Spread rejected — required $1580.00 > buying_power $1500.00 × 100% = $1500.00
2026-08-07 10:18:10,805 INFO [repair] XOM Cash Secured Put — roi gate failed; injecting 11 variant(s) for full gate re-evaluation
2026-08-07 10:18:10,907 INFO [repair] XOM Iron Butterfly — roi gate failed; injecting 2 variant(s) for full gate re-evaluation
2026-08-07 10:18:10,970 INFO [repair] XOM Iron Butterfly — roi gate failed; injecting 1 variant(s) for full gate re-evaluation
2026-08-07 10:18:11,089 INFO [repair] CVX Iron Butterfly — roi gate failed; injecting 2 variant(s) for full gate re-evaluation
2026-08-07 10:18:11,123 INFO [repair] CVX Cash Secured Put — roi gate failed; injecting 2 variant(s) for full gate re-evaluation
2026-08-07 10:18:11,156 INFO [gate:capital] AMT Bear Combo rejected — required $1860.00 > buying_power $1500.00 × 100% = $1500.00
2026-08-07 10:18:11,220 INFO [gate:capital] EQIX Call Debit Spread rejected — required $3235.00 > buying_power $1500.00 × 100% = $1500.00
2026-08-07 10:18:11,302 INFO [repair] EQIX Call Debit Spread — capital gate failed; injecting 7 variant(s) for full gate re-evaluation
2026-08-07 10:18:11,323 INFO [gate:capital] EQIX Call Debit Spread rejected — required $2635.00 > buying_power $1500.00 × 100% = $1500.00
2026-08-07 10:18:11,325 INFO [gate:capital] EQIX Call Debit Spread rejected — required $2135.00 > buying_power $1500.00 × 100% = $1500.00
2026-08-07 10:18:11,328 INFO [gate:capital] EQIX Call Debit Spread rejected — required $1735.00 > buying_power $1500.00 × 100% = $1500.00
2026-08-07 10:18:11,389 INFO [repair] FCX Cash Secured Put — roi gate failed; injecting 12 variant(s) for full gate re-evaluation
2026-08-07 10:18:11,652 INFO [gate:capital] FDX Call Debit Spread rejected — required $1590.00 > buying_power $1500.00 × 100% = $1500.00
2026-08-07 10:18:11,688 INFO [repair] FDX Call Debit Spread — capital gate failed; injecting 3 variant(s) for full gate re-evaluation
2026-08-07 10:18:11,770 INFO [filter] 1809 rejected, 499 survived — gate breakdown: {'min_profit': 295, 'ml_confidence': 69, 'iv_edge': 106, 'strikes_incomplete': 350, 'expected_roi': 542, 'capital_feasibility': 312, 'no_ev_or_pop': 38, 'liquidity': 97}
2026-08-07 10:18:11,773 INFO [filter] strikes_incomplete by structure: {'Short Straddle': 48, 'Short Strangle': 46, 'Jade Lizard': 44, 'Diagonal Spread': 34, 'Iron Condor': 31, 'Put Credit Spread': 24, 'Call Credit Spread': 23, 'Calendar Spread': 22, 'Iron Butterfly': 15, 'Put Debit Spread': 13, 'Ratio Put Backspread': 9, 'Call Debit Spread': 8, 'Bear Combo': 6, 'Financed Long Put': 6, 'Financed Long Call': 5, 'Risk Reversal': 4, 'Long Strangle': 4, 'Cash Secured Put': 3, 'Covered Call': 3, 'Ratio Call Backspread': 2}
2026-08-07 10:22:00,038 INFO [risk] Skip IWM — already have 5 open position(s)
2026-08-07 10:22:06,409 INFO [risk] Skip WFC — already have 5 open position(s)
2026-08-07 10:22:06,414 INFO [risk] Skip XLE — already have 5 open position(s)
2026-08-07 10:22:06,418 INFO Ranking: composite score (XGBRanker not trained)
2026-08-07 10:22:06,519 INFO [capital_rejected] 854 entries persisted to capital_rejected.jsonl
2026-08-07 10:22:07,324 INFO Paper trade #1: 20260807AM_SPY_PDS_1  credit=4.325  expiry=2026-08-14
2026-08-07 10:22:14,379 INFO Training snapshot written for paper trade 20260807AM_SPY_PDS_1
2026-08-07 10:22:15,016 WARNING [capital] Skipping GE Call Debit Spread — needs $1447.00 but only $1097.00 buying power available.
2026-08-07 10:22:16,427 INFO Paper trade #2: 20260807AM_INTC_CDS_2  credit=3.635  expiry=2026-08-14
2026-08-07 10:22:19,870 INFO Training snapshot written for paper trade 20260807AM_INTC_CDS_2
2026-08-07 10:22:20,169 WARNING [capital] Skipping ULTA Call Debit Spread — needs $1440.00 but only $595.00 buying power available.
2026-08-07 10:22:20,499 WARNING [capital] Skipping TEAM Call Debit Spread — needs $1010.00 but only $595.00 buying power available.
2026-08-07 10:22:20,911 INFO Paper trade #3: 20260807AM_BAC_PDS_3  credit=0.595  expiry=2026-08-14
2026-08-07 10:22:25,946 INFO Training snapshot written for paper trade 20260807AM_BAC_PDS_3
2026-08-10 10:00:55,506 WARNING [warmup] E*TRADE not authenticated — option chains will fall back to yfinance
2026-08-10 10:00:55,622 INFO ml_cache disk file is stale (72232s) — trying DuckDB
2026-08-10 10:00:57,056 INFO ml_cache loaded from DuckDB fallback: 83 tickers
2026-08-10 10:00:57,109 INFO [prefetch] step 1 — batch daily history for 102 tickers
2026-08-10 10:01:14,660 INFO [prefetch] daily history done: 102 ok, 0 fail  (17.6s)
2026-08-10 10:01:14,662 INFO [prefetch] step 2 — batch weekly history for 101 tickers
2026-08-10 10:01:30,701 INFO [prefetch] weekly history done: 101 ok, 0 fail  (33.6s)
2026-08-10 10:01:30,703 INFO [prefetch] step 3+4 — expirations + chains for 101 tickers (serial)
2026-08-10 10:02:37,563 INFO [prefetch] done in 100s — hist 102/102, weekly 101/101, exps 101/101, chains 230 (fail 0)
2026-08-10 10:02:37,567 INFO [scan] cache ready — 534 total keys, 230 chain keys
2026-08-10 10:02:38,852 ERROR HTTP Error 404: {"quoteSummary":{"result":null,"error":{"code":"Not Found","description":"No fundamentals data found for symbol: TQQQ"}}}
2026-08-10 10:02:39,030 ERROR HTTP Error 404: {"quoteSummary":{"result":null,"error":{"code":"Not Found","description":"No fundamentals data found for symbol: QQQ"}}}
2026-08-10 10:02:39,452 ERROR HTTP Error 404: {"quoteSummary":{"result":null,"error":{"code":"Not Found","description":"No fundamentals data found for symbol: TQQQ"}}}
2026-08-10 10:02:39,452 ERROR HTTP Error 404: {"quoteSummary":{"result":null,"error":{"code":"Not Found","description":"No fundamentals data found for symbol: SPY"}}}
2026-08-10 10:02:39,822 ERROR HTTP Error 404: {"quoteSummary":{"result":null,"error":{"code":"Not Found","description":"No fundamentals data found for symbol: QQQ"}}}
2026-08-10 10:02:40,536 ERROR HTTP Error 404: {"quoteSummary":{"result":null,"error":{"code":"Not Found","description":"No fundamentals data found for symbol: SPY"}}}
2026-08-10 10:03:01,114 ERROR HTTP Error 404: {"quoteSummary":{"result":null,"error":{"code":"Not Found","description":"No fundamentals data found for symbol: QQQ"}}}
2026-08-10 10:03:01,984 ERROR HTTP Error 404: {"quoteSummary":{"result":null,"error":{"code":"Not Found","description":"No fundamentals data found for symbol: QQQ"}}}
2026-08-10 10:03:09,430 ERROR HTTP Error 404: {"quoteSummary":{"result":null,"error":{"code":"Not Found","description":"No fundamentals data found for symbol: TQQQ"}}}
2026-08-10 10:03:09,833 ERROR HTTP Error 404: {"quoteSummary":{"result":null,"error":{"code":"Not Found","description":"No fundamentals data found for symbol: TQQQ"}}}
2026-08-10 10:03:09,880 ERROR HTTP Error 401: {"finance":{"result":null,"error":{"code":"Unauthorized","description":"Invalid Crumb"}}}
2026-08-10 10:03:10,415 ERROR HTTP Error 401: {"finance":{"result":null,"error":{"code":"Unauthorized","description":"User is unable to access this feature - https://bit.ly/yahoo-finance-api-feedback"}}}
2026-08-10 10:03:17,844 ERROR HTTP Error 404: {"quoteSummary":{"result":null,"error":{"code":"Not Found","description":"No fundamentals data found for symbol: SPY"}}}
2026-08-10 10:03:18,245 ERROR HTTP Error 404: {"quoteSummary":{"result":null,"error":{"code":"Not Found","description":"No fundamentals data found for symbol: SPY"}}}
2026-08-10 10:03:51,327 ERROR HTTP Error 401: {"finance":{"result":null,"error":{"code":"Unauthorized","description":"Invalid Crumb"}}}
2026-08-10 10:03:51,330 ERROR HTTP Error 401: {"finance":{"result":null,"error":{"code":"Unauthorized","description":"Invalid Crumb"}}}
2026-08-10 10:04:11,433 WARNING persist_feature_snapshot failed for INTC: ConnectionException: Connection Error: Can't open a connection to same database file with a different configuration than existing connections
2026-08-10 10:04:14,540 ERROR HTTP Error 401: {"finance":{"result":null,"error":{"code":"Unauthorized","description":"User is unable to access this feature - https://bit.ly/yahoo-finance-api-feedback"}}}
2026-08-10 10:04:24,488 WARNING persist_feature_snapshot failed for CDNS: ConnectionException: Connection Error: Can't open a connection to same database file with a different configuration than existing connections
2026-08-10 10:04:38,370 ERROR HTTP Error 401: {"finance":{"result":null,"error":{"code":"Unauthorized","description":"Invalid Crumb"}}}
2026-08-10 10:04:38,423 ERROR HTTP Error 401: {"finance":{"result":null,"error":{"code":"Unauthorized","description":"Invalid Crumb"}}}
2026-08-10 10:04:45,997 ERROR $DX-Y.NYB: possibly delisted; no price data found  (period=1y)
2026-08-10 10:04:46,348 ERROR $^IRX: possibly delisted; no price data found  (period=5d)
2026-08-10 10:04:46,348 ERROR $^TNX: possibly delisted; no price data found  (period=5d)
2026-08-10 10:04:46,366 ERROR $DX-Y.NYB: possibly delisted; no price data found  (period=5d)
2026-08-10 10:04:46,378 ERROR 
3 Failed downloads:
2026-08-10 10:04:46,378 ERROR ['^IRX', '^TNX', 'DX-Y.NYB']: possibly delisted; no price data found  (period=5d)
2026-08-10 10:04:56,042 ERROR HTTP Error 401: {"finance":{"result":null,"error":{"code":"Unauthorized","description":"Invalid Crumb"}}}
2026-08-10 10:04:56,051 ERROR HTTP Error 401: {"finance":{"result":null,"error":{"code":"Unauthorized","description":"Invalid Crumb"}}}
2026-08-10 10:04:59,291 WARNING analyze_ticker(CRM) failed: 'NoneType' object has no attribute 'copy'
2026-08-10 10:05:46,580 ERROR HTTP Error 401: {"finance":{"result":null,"error":{"code":"Unauthorized","description":"User is unable to access this feature - https://bit.ly/yahoo-finance-api-feedback"}}}
2026-08-10 10:05:47,112 WARNING persist_feature_snapshot failed for META: IOException: IO Error: Cannot open file "C:\Project Y\data\ml_training.duckdb": The process cannot access the file because it is being used by another process.

File is already open in 
C:\Python312\python\python.exe (PID 9652)
2026-08-10 10:05:48,186 ERROR HTTP Error 401: {"finance":{"result":null,"error":{"code":"Unauthorized","description":"Invalid Crumb"}}}
2026-08-10 10:05:48,196 WARNING analyze_ticker(GOOGL, short_dte) failed: 'NoneType' object has no attribute 'copy'
2026-08-10 10:05:52,764 WARNING analyze_ticker(TSLA) failed: 'NoneType' object has no attribute 'copy'
2026-08-10 10:06:17,826 ERROR HTTP Error 401: {"finance":{"result":null,"error":{"code":"Unauthorized","description":"User is unable to access this feature - https://bit.ly/yahoo-finance-api-feedback"}}}
2026-08-10 10:06:17,866 WARNING analyze_ticker(NKE) failed: 'NoneType' object has no attribute 'copy'
2026-08-10 10:06:18,316 ERROR HTTP Error 401: {"finance":{"result":null,"error":{"code":"Unauthorized","description":"Invalid Crumb"}}}
2026-08-10 10:06:18,340 ERROR HTTP Error 401: {"finance":{"result":null,"error":{"code":"Unauthorized","description":"Invalid Crumb"}}}
2026-08-10 10:06:42,407 ERROR HTTP Error 401: {"finance":{"result":null,"error":{"code":"Unauthorized","description":"Invalid Crumb"}}}
2026-08-10 10:06:42,471 ERROR HTTP Error 401: {"finance":{"result":null,"error":{"code":"Unauthorized","description":"Invalid Crumb"}}}
2026-08-10 10:06:46,610 WARNING persist_feature_snapshot failed for WMT: ConnectionException: Connection Error: Can't open a connection to same database file with a different configuration than existing connections
2026-08-10 10:06:47,333 ERROR HTTP Error 401: {"finance":{"result":null,"error":{"code":"Unauthorized","description":"Invalid Crumb"}}}
2026-08-10 10:06:47,333 ERROR HTTP Error 401: {"finance":{"result":null,"error":{"code":"Unauthorized","description":"Invalid Crumb"}}}
2026-08-10 10:06:51,751 ERROR HTTP Error 401: {"finance":{"result":null,"error":{"code":"Unauthorized","description":"Invalid Crumb"}}}
2026-08-10 10:07:50,844 ERROR HTTP Error 401: {"finance":{"result":null,"error":{"code":"Unauthorized","description":"User is unable to access this feature - https://bit.ly/yahoo-finance-api-feedback"}}}
2026-08-10 10:07:53,970 ERROR HTTP Error 401: {"finance":{"result":null,"error":{"code":"Unauthorized","description":"Invalid Crumb"}}}
2026-08-10 10:07:54,031 ERROR HTTP Error 401: {"finance":{"result":null,"error":{"code":"Unauthorized","description":"Invalid Crumb"}}}
2026-08-10 10:07:56,214 WARNING analyze_ticker(VRT) failed: 'NoneType' object has no attribute 'copy'
2026-08-11 10:00:52,341 WARNING [warmup] E*TRADE not authenticated — option chains will fall back to yfinance
2026-08-11 10:00:52,413 INFO ml_cache disk file is stale (158629s) — trying DuckDB
2026-08-11 10:00:53,835 INFO ml_cache loaded from DuckDB fallback: 83 tickers
2026-08-11 10:00:53,868 INFO [prefetch] step 1 — batch daily history for 102 tickers
2026-08-11 10:01:09,423 INFO [prefetch] daily history done: 102 ok, 0 fail  (15.6s)
2026-08-11 10:01:09,423 INFO [prefetch] step 2 — batch weekly history for 101 tickers
2026-08-11 10:01:24,958 INFO [prefetch] weekly history done: 101 ok, 0 fail  (31.1s)
2026-08-11 10:01:24,973 INFO [prefetch] step 3+4 — expirations + chains for 101 tickers (serial)
2026-08-11 10:02:50,846 INFO [prefetch] done in 117s — hist 102/102, weekly 101/101, exps 101/101, chains 396 (fail 0)
2026-08-11 10:02:50,849 INFO [scan] cache ready — 700 total keys, 396 chain keys
2026-08-11 10:02:53,347 ERROR HTTP Error 404: {"quoteSummary":{"result":null,"error":{"code":"Not Found","description":"No fundamentals data found for symbol: SPY"}}}
2026-08-11 10:02:53,641 ERROR HTTP Error 404: {"quoteSummary":{"result":null,"error":{"code":"Not Found","description":"No fundamentals data found for symbol: SPY"}}}
2026-08-11 10:02:53,644 ERROR HTTP Error 404: {"quoteSummary":{"result":null,"error":{"code":"Not Found","description":"No fundamentals data found for symbol: QQQ"}}}
2026-08-11 10:02:54,302 ERROR HTTP Error 404: {"quoteSummary":{"result":null,"error":{"code":"Not Found","description":"No fundamentals data found for symbol: QQQ"}}}
2026-08-11 10:02:54,663 ERROR HTTP Error 404: {"quoteSummary":{"result":null,"error":{"code":"Not Found","description":"No fundamentals data found for symbol: TQQQ"}}}
2026-08-11 10:02:55,568 ERROR HTTP Error 404: {"quoteSummary":{"result":null,"error":{"code":"Not Found","description":"No fundamentals data found for symbol: TQQQ"}}}
2026-08-11 10:03:12,176 ERROR HTTP Error 404: {"quoteSummary":{"result":null,"error":{"code":"Not Found","description":"No fundamentals data found for symbol: TQQQ"}}}
2026-08-11 10:03:12,551 ERROR HTTP Error 404: {"quoteSummary":{"result":null,"error":{"code":"Not Found","description":"No fundamentals data found for symbol: TQQQ"}}}
2026-08-11 10:03:15,006 ERROR HTTP Error 404: {"quoteSummary":{"result":null,"error":{"code":"Not Found","description":"No fundamentals data found for symbol: QQQ"}}}
2026-08-11 10:03:15,408 ERROR HTTP Error 404: {"quoteSummary":{"result":null,"error":{"code":"Not Found","description":"No fundamentals data found for symbol: QQQ"}}}
2026-08-11 10:03:21,408 ERROR HTTP Error 404: {"quoteSummary":{"result":null,"error":{"code":"Not Found","description":"No fundamentals data found for symbol: SPY"}}}
2026-08-11 10:03:21,729 ERROR HTTP Error 404: {"quoteSummary":{"result":null,"error":{"code":"Not Found","description":"No fundamentals data found for symbol: SPY"}}}
2026-08-11 10:04:54,854 ERROR HTTP Error 401: {"finance":{"result":null,"error":{"code":"Unauthorized","description":"Invalid Crumb"}}}
2026-08-11 10:04:54,854 ERROR HTTP Error 401: {"finance":{"result":null,"error":{"code":"Unauthorized","description":"Invalid Crumb"}}}
2026-08-11 10:05:04,502 WARNING persist_feature_snapshot failed for ASML: IOException: IO Error: Cannot open file "C:\Project Y\data\ml_training.duckdb": The process cannot access the file because it is being used by another process.

File is already open in 
C:\Python312\python\python.exe (PID 9432)
2026-08-11 10:06:09,102 WARNING persist_feature_snapshot failed for TMUS: IOException: IO Error: Cannot open file "C:\Project Y\data\ml_training.duckdb": The process cannot access the file because it is being used by another process.

File is already open in 
C:\Python312\python\python.exe (PID 9432)
2026-08-11 10:06:20,302 ERROR HTTP Error 401: {"finance":{"result":null,"error":{"code":"Unauthorized","description":"Invalid Crumb"}}}
2026-08-11 10:06:20,305 ERROR HTTP Error 401: {"finance":{"result":null,"error":{"code":"Unauthorized","description":"Invalid Crumb"}}}
2026-08-11 10:06:33,647 ERROR $DX-Y.NYB: possibly delisted; no price data found  (period=1y)
2026-08-11 10:06:34,025 ERROR $^VVIX: possibly delisted; no price data found  (period=2d)
2026-08-11 10:06:34,099 ERROR $DX-Y.NYB: possibly delisted; no price data found  (period=1y)
2026-08-11 10:06:34,146 ERROR $^MOVE: possibly delisted; no price data found  (period=2d)
2026-08-11 10:06:34,208 ERROR $^VIX3M: possibly delisted; no price data found  (period=2d)
2026-08-11 10:06:34,209 ERROR $^VIX: possibly delisted; no price data found  (period=2d)
2026-08-11 10:06:34,214 ERROR 
4 Failed downloads:
2026-08-11 10:06:34,214 ERROR ['^VVIX', '^MOVE', '^VIX3M', '^VIX']: possibly delisted; no price data found  (period=2d)
2026-08-11 10:07:39,586 ERROR HTTP Error 401: {"finance":{"result":null,"error":{"code":"Unauthorized","description":"Invalid Crumb"}}}
2026-08-11 10:07:39,597 ERROR HTTP Error 401: {"finance":{"result":null,"error":{"code":"Unauthorized","description":"Invalid Crumb"}}}
2026-08-11 10:07:41,608 WARNING persist_feature_snapshot failed for COST: ConnectionException: Connection Error: Can't open a connection to same database file with a different configuration than existing connections
2026-08-11 10:07:42,218 ERROR HTTP Error 401: {"finance":{"result":null,"error":{"code":"Unauthorized","description":"Invalid Crumb"}}}
2026-08-11 10:07:42,236 ERROR HTTP Error 401: {"finance":{"result":null,"error":{"code":"Unauthorized","description":"Invalid Crumb"}}}
2026-08-11 10:07:44,833 WARNING persist_feature_snapshot failed for ISRG: ConnectionException: Connection Error: Can't open a connection to same database file with a different configuration than existing connections
2026-08-11 10:07:46,900 WARNING persist_feature_snapshot failed for WMT: ConnectionException: Connection Error: Can't open a connection to same database file with a different configuration than existing connections
2026-08-11 10:07:46,965 WARNING persist_feature_snapshot failed for BSX: ConnectionException: Connection Error: Can't open a connection to same database file with a different configuration than existing connections
2026-08-11 10:07:51,584 ERROR HTTP Error 401: {"finance":{"result":null,"error":{"code":"Unauthorized","description":"User is unable to access this feature - https://bit.ly/yahoo-finance-api-feedback"}}}
2026-08-11 10:07:51,818 ERROR HTTP Error 401: {"finance":{"result":null,"error":{"code":"Unauthorized","description":"Invalid Crumb"}}}
2026-08-11 10:07:51,818 ERROR HTTP Error 401: {"finance":{"result":null,"error":{"code":"Unauthorized","description":"Invalid Crumb"}}}
2026-08-11 10:07:55,833 ERROR HTTP Error 401: {"finance":{"result":null,"error":{"code":"Unauthorized","description":"Invalid Crumb"}}}
2026-08-11 10:08:57,919 ERROR HTTP Error 401: {"finance":{"result":null,"error":{"code":"Unauthorized","description":"Invalid Crumb"}}}
2026-08-11 10:09:48,668 ERROR HTTP Error 404: {"quoteSummary":{"result":null,"error":{"code":"Not Found","description":"No fundamentals data found for symbol: IWM"}}}
2026-08-11 10:09:49,461 ERROR HTTP Error 404: {"quoteSummary":{"result":null,"error":{"code":"Not Found","description":"No fundamentals data found for symbol: IWM"}}}
2026-08-11 10:09:50,904 ERROR HTTP Error 404: {"quoteSummary":{"result":null,"error":{"code":"Not Found","description":"No fundamentals data found for symbol: GLD"}}}
2026-08-11 10:09:51,449 ERROR HTTP Error 404: {"quoteSummary":{"result":null,"error":{"code":"Not Found","description":"No fundamentals data found for symbol: GLD"}}}
2026-08-11 10:09:54,542 WARNING persist_feature_snapshot failed for AMT: IOException: IO Error: Cannot open file "C:\Project Y\data\ml_training.duckdb": The process cannot access the file because it is being used by another process.

File is already open in 
C:\Python312\python\python.exe (PID 9432)
2026-08-11 10:09:54,746 WARNING persist_feature_snapshot failed for NEM: IOException: IO Error: Cannot open file "C:\Project Y\data\ml_training.duckdb": The process cannot access the file because it is being used by another process.

File is already open in 
C:\Python312\python\python.exe (PID 9432)
2026-08-11 10:09:54,957 WARNING persist_feature_snapshot failed for VST: ConnectionException: Connection Error: Can't open a connection to same database file with a different configuration than existing connections
2026-08-11 10:09:55,208 WARNING persist_feature_snapshot failed for EQIX: ConnectionException: Connection Error: Can't open a connection to same database file with a different configuration than existing connections
2026-08-11 10:09:55,314 WARNING persist_feature_snapshot failed for IWM: ConnectionException: Connection Error: Can't open a connection to same database file with a different configuration than existing connections
2026-08-11 10:09:57,654 ERROR HTTP Error 404: {"quoteSummary":{"result":null,"error":{"code":"Not Found","description":"No fundamentals data found for symbol: XLE"}}}
2026-08-11 10:09:58,060 ERROR HTTP Error 404: {"quoteSummary":{"result":null,"error":{"code":"Not Found","description":"No fundamentals data found for symbol: XLE"}}}
2026-08-11 10:09:59,284 ERROR HTTP Error 404: {"quoteSummary":{"result":null,"error":{"code":"Not Found","description":"No fundamentals data found for symbol: IWM"}}}
2026-08-11 10:09:59,769 ERROR HTTP Error 404: {"quoteSummary":{"result":null,"error":{"code":"Not Found","description":"No fundamentals data found for symbol: IWM"}}}
2026-08-11 10:10:01,759 WARNING persist_feature_snapshot failed for AMT: ConnectionException: Connection Error: Can't open a connection to same database file with a different configuration than existing connections
2026-08-11 10:10:02,205 ERROR HTTP Error 404: {"quoteSummary":{"result":null,"error":{"code":"Not Found","description":"No fundamentals data found for symbol: GLD"}}}
2026-08-11 10:10:02,639 ERROR HTTP Error 404: {"quoteSummary":{"result":null,"error":{"code":"Not Found","description":"No fundamentals data found for symbol: GLD"}}}
2026-08-11 10:10:11,700 ERROR HTTP Error 404: {"quoteSummary":{"result":null,"error":{"code":"Not Found","description":"No fundamentals data found for symbol: XLE"}}}
2026-08-11 10:10:12,041 ERROR HTTP Error 404: {"quoteSummary":{"result":null,"error":{"code":"Not Found","description":"No fundamentals data found for symbol: XLE"}}}
2026-08-11 10:10:47,511 WARNING persist_feature_snapshot failed for UPS: ConnectionException: Connection Error: Can't open a connection to same database file with a different configuration than existing connections
2026-08-11 10:10:50,995 ERROR HTTP Error 401: {"finance":{"result":null,"error":{"code":"Unauthorized","description":"Invalid Crumb"}}}
2026-08-11 10:10:51,002 ERROR HTTP Error 401: {"finance":{"result":null,"error":{"code":"Unauthorized","description":"Invalid Crumb"}}}
2026-08-11 10:11:22,980 INFO [gate:capital] AVGO Call Debit Spread rejected — required $2115.00 > buying_power $1500.00 × 100% = $1500.00
2026-08-11 10:11:22,994 INFO [repair] AVGO Call Debit Spread — capital gate failed; injecting 14 variant(s) for full gate re-evaluation
2026-08-11 10:11:22,994 INFO [gate:capital] AVGO Put Debit Spread rejected — required $1910.00 > buying_power $1500.00 × 100% = $1500.00
2026-08-11 10:11:23,007 INFO [repair] AVGO Put Debit Spread — capital gate failed; injecting 8 variant(s) for full gate re-evaluation
2026-08-11 10:11:23,007 INFO [gate:capital] AVGO Diagonal Spread rejected — required $2175.00 > buying_power $1500.00 × 100% = $1500.00
2026-08-11 10:11:23,007 INFO [gate:capital] AVGO Call Debit Spread rejected — required $1835.00 > buying_power $1500.00 × 100% = $1500.00
2026-08-11 10:11:23,007 INFO [gate:capital] AVGO Call Debit Spread rejected — required $1615.00 > buying_power $1500.00 × 100% = $1500.00
2026-08-11 10:11:23,007 INFO [gate:capital] AVGO Put Debit Spread rejected — required $1605.00 > buying_power $1500.00 × 100% = $1500.00
2026-08-11 10:11:23,020 INFO [gate:capital] MSFT Put Debit Spread rejected — required $1765.00 > buying_power $1500.00 × 100% = $1500.00
2026-08-11 10:11:23,033 INFO [repair] MSFT Put Debit Spread — capital gate failed; injecting 7 variant(s) for full gate re-evaluation
2026-08-11 10:11:23,064 INFO [repair] AMD Cash Secured Put — roi gate failed; injecting 45 variant(s) for full gate re-evaluation
2026-08-11 10:11:23,084 INFO [repair] AMD Call Credit Spread — roi gate failed; injecting 4 variant(s) for full gate re-evaluation
2026-08-11 10:11:23,085 INFO [gate:capital] AMD Iron Butterfly rejected — required $2045.00 > buying_power $1500.00 × 100% = $1500.00
2026-08-11 10:11:23,115 INFO [repair] AMD Iron Butterfly — capital gate failed; injecting 11 variant(s) for full gate re-evaluation
2026-08-11 10:11:23,116 INFO [gate:capital] AMD Short Strangle rejected — required $7181.50 > buying_power $1500.00 × 100% = $1500.00
2026-08-11 10:11:23,129 INFO [repair] AMD Short Strangle — capital gate failed; injecting 5 variant(s) for full gate re-evaluation
2026-08-11 10:11:23,130 INFO [gate:capital] AMD Short Straddle rejected — required $12279.00 > buying_power $1500.00 × 100% = $1500.00
2026-08-11 10:11:23,150 INFO [repair] AMD Short Straddle — capital gate failed; injecting 5 variant(s) for full gate re-evaluation
2026-08-11 10:11:23,151 INFO [gate:capital] AMD Call Debit Spread rejected — required $2710.00 > buying_power $1500.00 × 100% = $1500.00
2026-08-11 10:11:23,210 INFO [repair] AMD Call Debit Spread — capital gate failed; injecting 17 variant(s) for full gate re-evaluation
2026-08-11 10:11:23,211 INFO [gate:capital] AMD Put Debit Spread rejected — required $3070.00 > buying_power $1500.00 × 100% = $1500.00
2026-08-11 10:11:23,236 INFO [repair] AMD Put Debit Spread — capital gate failed; injecting 13 variant(s) for full gate re-evaluation
2026-08-11 10:11:23,237 INFO [gate:capital] AMD Bear Combo rejected — required $5785.00 > buying_power $1500.00 × 100% = $1500.00
2026-08-11 10:11:23,241 INFO [gate:capital] AMD Diagonal Spread rejected — required $3665.00 > buying_power $1500.00 × 100% = $1500.00
2026-08-11 10:11:23,243 INFO [gate:capital] AMD Iron Butterfly rejected — required $1830.00 > buying_power $1500.00 × 100% = $1500.00
2026-08-11 10:11:23,244 INFO [gate:capital] AMD Iron Butterfly rejected — required $1595.00 > buying_power $1500.00 × 100% = $1500.00
2026-08-11 10:11:23,246 INFO [gate:capital] AMD Short Strangle rejected — required $6551.50 > buying_power $1500.00 × 100% = $1500.00
2026-08-11 10:11:23,249 INFO [gate:capital] AMD Short Strangle rejected — required $5944.00 > buying_power $1500.00 × 100% = $1500.00
2026-08-11 10:11:23,251 INFO [gate:capital] AMD Short Strangle rejected — required $5349.00 > buying_power $1500.00 × 100% = $1500.00
2026-08-11 10:11:23,251 INFO [gate:capital] AMD Short Strangle rejected — required $4731.50 > buying_power $1500.00 × 100% = $1500.00
2026-08-11 10:11:23,252 INFO [gate:capital] AMD Short Strangle rejected — required $4179.00 > buying_power $1500.00 × 100% = $1500.00
2026-08-11 10:11:23,253 INFO [gate:capital] AMD Short Strangle rejected — required $9834.00 > buying_power $1500.00 × 100% = $1500.00
2026-08-11 10:11:23,254 INFO [gate:capital] AMD Call Debit Spread rejected — required $2440.00 > buying_power $1500.00 × 100% = $1500.00
2026-08-11 10:11:23,255 INFO [gate:capital] AMD Call Debit Spread rejected — required $2100.00 > buying_power $1500.00 × 100% = $1500.00
2026-08-11 10:11:23,256 INFO [gate:capital] AMD Call Debit Spread rejected — required $2005.00 > buying_power $1500.00 × 100% = $1500.00
2026-08-11 10:11:23,257 INFO [gate:capital] AMD Call Debit Spread rejected — required $1725.00 > buying_power $1500.00 × 100% = $1500.00
2026-08-11 10:11:23,258 INFO [gate:capital] AMD Call Debit Spread rejected — required $1640.00 > buying_power $1500.00 × 100% = $1500.00
2026-08-11 10:11:23,259 INFO [gate:capital] AMD Put Debit Spread rejected — required $2590.00 > buying_power $1500.00 × 100% = $1500.00
2026-08-11 10:11:23,260 INFO [gate:capital] AMD Put Debit Spread rejected — required $2380.00 > buying_power $1500.00 × 100% = $1500.00
2026-08-11 10:11:23,261 INFO [gate:capital] AMD Put Debit Spread rejected — required $2135.00 > buying_power $1500.00 × 100% = $1500.00
2026-08-11 10:11:23,261 INFO [gate:capital] AMD Put Debit Spread rejected — required $1875.00 > buying_power $1500.00 × 100% = $1500.00
2026-08-11 10:11:23,262 INFO [gate:capital] AMD Put Debit Spread rejected — required $1635.00 > buying_power $1500.00 × 100% = $1500.00
2026-08-11 10:11:23,321 INFO [repair] AMD Cash Secured Put — roi gate failed; injecting 30 variant(s) for full gate re-evaluation
2026-08-11 10:11:23,364 INFO [repair] AMD Iron Butterfly — roi gate failed; injecting 8 variant(s) for full gate re-evaluation
2026-08-11 10:11:23,364 INFO [gate:capital] AMD Short Strangle rejected — required $7276.50 > buying_power $1500.00 × 100% = $1500.00
2026-08-11 10:11:23,379 INFO [repair] AMD Short Strangle — capital gate failed; injecting 5 variant(s) for full gate re-evaluation
2026-08-11 10:11:23,393 INFO [repair] AMD Short Straddle — roi gate failed; injecting 5 variant(s) for full gate re-evaluation
2026-08-11 10:11:23,393 INFO [gate:capital] AMD Call Debit Spread rejected — required $1530.00 > buying_power $1500.00 × 100% = $1500.00
2026-08-11 10:11:23,438 INFO [repair] AMD Call Debit Spread — capital gate failed; injecting 19 variant(s) for full gate re-evaluation
2026-08-11 10:11:23,439 INFO [gate:capital] AMD Put Debit Spread rejected — required $2075.00 > buying_power $1500.00 × 100% = $1500.00
2026-08-11 10:11:23,822 INFO [repair] AMD Put Debit Spread — capital gate failed; injecting 11 variant(s) for full gate re-evaluation
2026-08-11 10:11:23,825 INFO [gate:capital] AMD Bear Combo rejected — required $3410.00 > buying_power $1500.00 × 100% = $1500.00
2026-08-11 10:11:23,836 INFO [gate:capital] AMD Short Strangle rejected — required $6686.50 > buying_power $1500.00 × 100% = $1500.00
2026-08-11 10:11:23,837 INFO [gate:capital] AMD Short Strangle rejected — required $6254.00 > buying_power $1500.00 × 100% = $1500.00
2026-08-11 10:11:23,839 INFO [gate:capital] AMD Short Strangle rejected — required $5934.00 > buying_power $1500.00 × 100% = $1500.00
2026-08-11 10:11:23,841 INFO [gate:capital] AMD Short Strangle rejected — required $5601.50 > buying_power $1500.00 × 100% = $1500.00
2026-08-11 10:11:23,845 INFO [gate:capital] AMD Short Strangle rejected — required $5320.50 > buying_power $1500.00 × 100% = $1500.00
2026-08-11 10:11:23,845 INFO [gate:capital] AMD Put Debit Spread rejected — required $1900.00 > buying_power $1500.00 × 100% = $1500.00
2026-08-11 10:11:23,845 INFO [gate:capital] AMD Put Debit Spread rejected — required $1735.00 > buying_power $1500.00 × 100% = $1500.00
2026-08-11 10:11:23,845 INFO [gate:capital] AMD Put Debit Spread rejected — required $1660.00 > buying_power $1500.00 × 100% = $1500.00
2026-08-11 10:11:23,845 INFO [gate:capital] AMD Put Debit Spread rejected — required $1535.00 > buying_power $1500.00 × 100% = $1500.00
2026-08-11 10:11:23,845 INFO [gate:capital] TSM Call Debit Spread rejected — required $1604.00 > buying_power $1500.00 × 100% = $1500.00
2026-08-11 10:11:23,885 INFO [repair] TSM Call Debit Spread — capital gate failed; injecting 10 variant(s) for full gate re-evaluation
2026-08-11 10:11:23,886 INFO [gate:capital] TSM Put Debit Spread rejected — required $1620.00 > buying_power $1500.00 × 100% = $1500.00
2026-08-11 10:11:23,898 INFO [repair] TSM Put Debit Spread — capital gate failed; injecting 7 variant(s) for full gate re-evaluation
2026-08-11 10:11:23,911 INFO [repair] INTC Cash Secured Put — roi gate failed; injecting 16 variant(s) for full gate re-evaluation
2026-08-11 10:11:23,911 INFO [gate:capital] INTC Short Straddle rejected — required $2600.30 > buying_power $1500.00 × 100% = $1500.00
2026-08-11 10:11:23,928 INFO [repair] INTC Short Straddle — capital gate failed; injecting 5 variant(s) for full gate re-evaluation
2026-08-11 10:11:23,928 INFO [gate:capital] INTC Short Strangle rejected — required $2086.30 > buying_power $1500.00 × 100% = $1500.00
2026-08-11 10:11:23,941 INFO [repair] INTC Cash Secured Put — roi gate failed; injecting 17 variant(s) for full gate re-evaluation
2026-08-11 10:11:23,941 INFO [gate:capital] INTC Short Straddle rejected — required $2445.30 > buying_power $1500.00 × 100% = $1500.00
2026-08-11 10:11:23,954 INFO [repair] INTC Short Straddle — capital gate failed; injecting 5 variant(s) for full gate re-evaluation
2026-08-11 10:11:23,980 INFO [repair] KLAC Iron Butterfly — roi gate failed; injecting 8 variant(s) for full gate re-evaluation
2026-08-11 10:11:23,996 INFO [repair] KLAC Short Straddle — roi gate failed; injecting 5 variant(s) for full gate re-evaluation
2026-08-11 10:11:23,996 INFO [gate:capital] MU Short Strangle rejected — required $11628.00 > buying_power $1500.00 × 100% = $1500.00
2026-08-11 10:11:24,022 INFO [repair] MU Short Strangle — capital gate failed; injecting 5 variant(s) for full gate re-evaluation
2026-08-11 10:11:24,040 INFO [repair] MU Short Straddle — roi gate failed; injecting 5 variant(s) for full gate re-evaluation
2026-08-11 10:11:24,040 INFO [gate:capital] MU Call Debit Spread rejected — required $3590.00 > buying_power $1500.00 × 100% = $1500.00
2026-08-11 10:11:24,067 INFO [repair] MU Call Debit Spread — capital gate failed; injecting 25 variant(s) for full gate re-evaluation
2026-08-11 10:11:24,067 INFO [gate:capital] MU Put Debit Spread rejected — required $5795.00 > buying_power $1500.00 × 100% = $1500.00
2026-08-11 10:11:24,115 INFO [repair] MU Put Debit Spread — capital gate failed; injecting 27 variant(s) for full gate re-evaluation
2026-08-11 10:11:24,116 INFO [gate:capital] MU Bear Combo rejected — required $10195.00 > buying_power $1500.00 × 100% = $1500.00
2026-08-11 10:11:24,122 INFO [gate:capital] MU Diagonal Spread rejected — required $7610.00 > buying_power $1500.00 × 100% = $1500.00
2026-08-11 10:11:24,123 INFO [gate:capital] MU Short Strangle rejected — required $11038.00 > buying_power $1500.00 × 100% = $1500.00
2026-08-11 10:11:24,124 INFO [gate:capital] MU Short Strangle rejected — required $10525.50 > buying_power $1500.00 × 100% = $1500.00
2026-08-11 10:11:24,124 INFO [gate:capital] MU Short Strangle rejected — required $9800.50 > buying_power $1500.00 × 100% = $1500.00
2026-08-11 10:11:24,125 INFO [gate:capital] MU Short Strangle rejected — required $9238.00 > buying_power $1500.00 × 100% = $1500.00
2026-08-11 10:11:24,126 INFO [gate:capital] MU Short Strangle rejected — required $8638.00 > buying_power $1500.00 × 100% = $1500.00
2026-08-11 10:11:24,127 INFO [gate:capital] MU Call Debit Spread rejected — required $3380.00 > buying_power $1500.00 × 100% = $1500.00
2026-08-11 10:11:24,127 INFO [gate:capital] MU Call Debit Spread rejected — required $3160.00 > buying_power $1500.00 × 100% = $1500.00
2026-08-11 10:11:24,128 INFO [gate:capital] MU Call Debit Spread rejected — required $2975.00 > buying_power $1500.00 × 100% = $1500.00
2026-08-11 10:11:24,129 INFO [gate:capital] MU Call Debit Spread rejected — required $2805.00 > buying_power $1500.00 × 100% = $1500.00
2026-08-11 10:11:24,129 INFO [gate:capital] MU Call Debit Spread rejected — required $2500.00 > buying_power $1500.00 × 100% = $1500.00
2026-08-11 10:11:24,130 INFO [gate:capital] MU Call Debit Spread rejected — required $2395.00 > buying_power $1500.00 × 100% = $1500.00
2026-08-11 10:11:24,130 INFO [gate:capital] MU Call Debit Spread rejected — required $2255.00 > buying_power $1500.00 × 100% = $1500.00
2026-08-11 10:11:24,135 INFO [gate:capital] MU Call Debit Spread rejected — required $1945.00 > buying_power $1500.00 × 100% = $1500.00
2026-08-11 10:11:24,135 INFO [gate:capital] MU Call Debit Spread rejected — required $1935.00 > buying_power $1500.00 × 100% = $1500.00
2026-08-11 10:11:24,136 INFO [gate:capital] MU Call Debit Spread rejected — required $1730.00 > buying_power $1500.00 × 100% = $1500.00
2026-08-11 10:11:24,137 INFO [gate:capital] MU Call Debit Spread rejected — required $1650.00 > buying_power $1500.00 × 100% = $1500.00
2026-08-11 10:11:24,138 INFO [gate:capital] MU Call Debit Spread rejected — required $1510.00 > buying_power $1500.00 × 100% = $1500.00
2026-08-11 10:11:24,138 INFO [gate:capital] MU Put Debit Spread rejected — required $5625.00 > buying_power $1500.00 × 100% = $1500.00
2026-08-11 10:11:24,138 INFO [gate:capital] MU Put Debit Spread rejected — required $5190.00 > buying_power $1500.00 × 100% = $1500.00
2026-08-11 10:11:24,138 INFO [gate:capital] MU Put Debit Spread rejected — required $5095.00 > buying_power $1500.00 × 100% = $1500.00
2026-08-11 10:11:24,138 INFO [gate:capital] MU Put Debit Spread rejected — required $4880.00 > buying_power $1500.00 × 100% = $1500.00
2026-08-11 10:11:24,138 INFO [gate:capital] MU Put Debit Spread rejected — required $4540.00 > buying_power $1500.00 × 100% = $1500.00
2026-08-11 10:11:24,138 INFO [gate:capital] MU Put Debit Spread rejected — required $4055.00 > buying_power $1500.00 × 100% = $1500.00
2026-08-11 10:11:24,138 INFO [gate:capital] MU Put Debit Spread rejected — required $3885.00 > buying_power $1500.00 × 100% = $1500.00
2026-08-11 10:11:24,138 INFO [gate:capital] MU Put Debit Spread rejected — required $3530.00 > buying_power $1500.00 × 100% = $1500.00
2026-08-11 10:11:24,138 INFO [gate:capital] MU Put Debit Spread rejected — required $3375.00 > buying_power $1500.00 × 100% = $1500.00
2026-08-11 10:11:24,138 INFO [gate:capital] MU Put Debit Spread rejected — required $3050.00 > buying_power $1500.00 × 100% = $1500.00
2026-08-11 10:11:24,138 INFO [gate:capital] MU Put Debit Spread rejected — required $2815.00 > buying_power $1500.00 × 100% = $1500.00
2026-08-11 10:11:24,154 INFO [gate:capital] MU Put Debit Spread rejected — required $2685.00 > buying_power $1500.00 × 100% = $1500.00
2026-08-11 10:11:24,155 INFO [gate:capital] MU Put Debit Spread rejected — required $2575.00 > buying_power $1500.00 × 100% = $1500.00
2026-08-11 10:11:24,156 INFO [gate:capital] MU Put Debit Spread rejected — required $2305.00 > buying_power $1500.00 × 100% = $1500.00
2026-08-11 10:11:24,156 INFO [gate:capital] MU Put Debit Spread rejected — required $2150.00 > buying_power $1500.00 × 100% = $1500.00
2026-08-11 10:11:24,157 INFO [gate:capital] MU Put Debit Spread rejected — required $1940.00 > buying_power $1500.00 × 100% = $1500.00
2026-08-11 10:11:24,158 INFO [gate:capital] MU Put Debit Spread rejected — required $1675.00 > buying_power $1500.00 × 100% = $1500.00
2026-08-11 10:11:24,159 INFO [gate:capital] MU Short Straddle rejected — required $21315.50 > buying_power $1500.00 × 100% = $1500.00
2026-08-11 10:11:24,171 INFO [repair] MU Short Straddle — capital gate failed; injecting 5 variant(s) for full gate re-evaluation
2026-08-11 10:11:24,171 INFO [gate:capital] MU Call Debit Spread rejected — required $2940.00 > buying_power $1500.00 × 100% = $1500.00
2026-08-11 10:11:24,206 INFO [repair] MU Call Debit Spread — capital gate failed; injecting 22 variant(s) for full gate re-evaluation
2026-08-11 10:11:24,206 INFO [gate:capital] MU Put Debit Spread rejected — required $4180.00 > buying_power $1500.00 × 100% = $1500.00
2026-08-11 10:11:24,232 INFO [repair] MU Put Debit Spread — capital gate failed; injecting 18 variant(s) for full gate re-evaluation
2026-08-11 10:11:24,233 INFO [gate:capital] MU Bear Combo rejected — required $6615.00 > buying_power $1500.00 × 100% = $1500.00
2026-08-11 10:11:24,238 INFO [gate:capital] MU Diagonal Spread rejected — required $7340.00 > buying_power $1500.00 × 100% = $1500.00
2026-08-11 10:11:24,238 INFO [gate:capital] MU Call Debit Spread rejected — required $3210.00 > buying_power $1500.00 × 100% = $1500.00
2026-08-11 10:11:24,239 INFO [gate:capital] MU Call Debit Spread rejected — required $2955.00 > buying_power $1500.00 × 100% = $1500.00
2026-08-11 10:11:24,239 INFO [gate:capital] MU Call Debit Spread rejected — required $2300.00 > buying_power $1500.00 × 100% = $1500.00
2026-08-11 10:11:24,240 INFO [gate:capital] MU Call Debit Spread rejected — required $2470.00 > buying_power $1500.00 × 100% = $1500.00
2026-08-11 10:11:24,241 INFO [gate:capital] MU Call Debit Spread rejected — required $2160.00 > buying_power $1500.00 × 100% = $1500.00
2026-08-11 10:11:24,241 INFO [gate:capital] MU Call Debit Spread rejected — required $1830.00 > buying_power $1500.00 × 100% = $1500.00
2026-08-11 10:11:24,242 INFO [gate:capital] MU Call Debit Spread rejected — required $1880.00 > buying_power $1500.00 × 100% = $1500.00
2026-08-11 10:11:24,243 INFO [gate:capital] MU Put Debit Spread rejected — required $4035.00 > buying_power $1500.00 × 100% = $1500.00
2026-08-11 10:11:24,244 INFO [gate:capital] MU Put Debit Spread rejected — required $3235.00 > buying_power $1500.00 × 100% = $1500.00
2026-08-11 10:11:24,244 INFO [gate:capital] MU Put Debit Spread rejected — required $3025.00 > buying_power $1500.00 × 100% = $1500.00
2026-08-11 10:11:24,245 INFO [gate:capital] MU Put Debit Spread rejected — required $3165.00 > buying_power $1500.00 × 100% = $1500.00
2026-08-11 10:11:24,245 INFO [gate:capital] MU Put Debit Spread rejected — required $2665.00 > buying_power $1500.00 × 100% = $1500.00
2026-08-11 10:11:24,246 INFO [gate:capital] MU Put Debit Spread rejected — required $2270.00 > buying_power $1500.00 × 100% = $1500.00
2026-08-11 10:11:24,247 INFO [gate:capital] MU Put Debit Spread rejected — required $2390.00 > buying_power $1500.00 × 100% = $1500.00
2026-08-11 10:11:24,250 INFO [gate:capital] MU Put Debit Spread rejected — required $1885.00 > buying_power $1500.00 × 100% = $1500.00
2026-08-11 10:11:24,250 INFO [gate:capital] MU Put Debit Spread rejected — required $1910.00 > buying_power $1500.00 × 100% = $1500.00
2026-08-11 10:11:24,250 INFO [gate:capital] MU Put Debit Spread rejected — required $1620.00 > buying_power $1500.00 × 100% = $1500.00
2026-08-11 10:11:24,250 INFO [repair] QCOM Iron Butterfly — roi gate failed; injecting 2 variant(s) for full gate re-evaluation
2026-08-11 10:11:24,281 INFO [repair] QCOM Short Straddle — roi gate failed; injecting 5 variant(s) for full gate re-evaluation
2026-08-11 10:11:24,294 INFO [repair] QCOM Short Straddle — roi gate failed; injecting 5 variant(s) for full gate re-evaluation
2026-08-11 10:11:24,294 INFO [gate:capital] QCOM Bear Combo rejected — required $1526.00 > buying_power $1500.00 × 100% = $1500.00
2026-08-11 10:11:24,320 INFO [repair] LRCX Cash Secured Put — roi gate failed; injecting 13 variant(s) for full gate re-evaluation
2026-08-11 10:11:24,320 INFO [gate:capital] LRCX Iron Butterfly rejected — required $1835.00 > buying_power $1500.00 × 100% = $1500.00
2026-08-11 10:11:24,346 INFO [repair] LRCX Iron Butterfly — capital gate failed; injecting 6 variant(s) for full gate re-evaluation
2026-08-11 10:11:24,346 INFO [gate:capital] LRCX Short Strangle rejected — required $4704.10 > buying_power $1500.00 × 100% = $1500.00
2026-08-11 10:11:24,359 INFO [repair] LRCX Short Strangle — capital gate failed; injecting 5 variant(s) for full gate re-evaluation
2026-08-11 10:11:24,359 INFO [gate:capital] LRCX Short Straddle rejected — required $8094.60 > buying_power $1500.00 × 100% = $1500.00
2026-08-11 10:11:24,381 INFO [repair] LRCX Short Straddle — capital gate failed; injecting 5 variant(s) for full gate re-evaluation
2026-08-11 10:11:24,381 INFO [gate:capital] LRCX Call Debit Spread rejected — required $1695.00 > buying_power $1500.00 × 100% = $1500.00
2026-08-11 10:11:24,407 INFO [repair] LRCX Call Debit Spread — capital gate failed; injecting 10 variant(s) for full gate re-evaluation
2026-08-11 10:11:24,407 INFO [gate:capital] LRCX Put Debit Spread rejected — required $2235.00 > buying_power $1500.00 × 100% = $1500.00
2026-08-11 10:11:24,433 INFO [repair] LRCX Put Debit Spread — capital gate failed; injecting 9 variant(s) for full gate re-evaluation
2026-08-11 10:11:24,433 INFO [gate:capital] LRCX Bear Combo rejected — required $4945.00 > buying_power $1500.00 × 100% = $1500.00
2026-08-11 10:11:24,433 INFO [gate:capital] LRCX Iron Butterfly rejected — required $1545.00 > buying_power $1500.00 × 100% = $1500.00
2026-08-11 10:11:24,433 INFO [gate:capital] LRCX Short Strangle rejected — required $4109.10 > buying_power $1500.00 × 100% = $1500.00
2026-08-11 10:11:24,433 INFO [gate:capital] LRCX Short Strangle rejected — required $3499.10 > buying_power $1500.00 × 100% = $1500.00
2026-08-11 10:11:24,433 INFO [gate:capital] LRCX Short Strangle rejected — required $2919.10 > buying_power $1500.00 × 100% = $1500.00
2026-08-11 10:11:24,433 INFO [gate:capital] LRCX Short Strangle rejected — required $2319.10 > buying_power $1500.00 × 100% = $1500.00
2026-08-11 10:11:24,433 INFO [gate:capital] LRCX Short Strangle rejected — required $1773.60 > buying_power $1500.00 × 100% = $1500.00
2026-08-11 10:11:24,433 INFO [gate:capital] LRCX Put Debit Spread rejected — required $1925.00 > buying_power $1500.00 × 100% = $1500.00
2026-08-11 10:11:24,433 INFO [gate:capital] LRCX Put Debit Spread rejected — required $1670.00 > buying_power $1500.00 × 100% = $1500.00
2026-08-11 10:11:24,459 INFO [repair] LRCX Cash Secured Put — roi gate failed; injecting 14 variant(s) for full gate re-evaluation
2026-08-11 10:11:24,507 INFO [repair] LRCX Iron Butterfly — roi gate failed; injecting 9 variant(s) for full gate re-evaluation
2026-08-11 10:11:24,524 INFO [repair] LRCX Short Strangle — roi gate failed; injecting 5 variant(s) for full gate re-evaluation
2026-08-11 10:11:24,537 INFO [repair] LRCX Short Straddle — roi gate failed; injecting 5 variant(s) for full gate re-evaluation
2026-08-11 10:11:24,537 INFO [gate:capital] LRCX Call Debit Spread rejected — required $1600.00 > buying_power $1500.00 × 100% = $1500.00
2026-08-11 10:11:24,563 INFO [repair] LRCX Call Debit Spread — capital gate failed; injecting 13 variant(s) for full gate re-evaluation
2026-08-11 10:11:24,575 INFO [gate:capital] LRCX Bear Combo rejected — required $2696.00 > buying_power $1500.00 × 100% = $1500.00
2026-08-11 10:11:24,595 INFO [repair] SNOW Cash Secured Put — roi gate failed; injecting 12 variant(s) for full gate re-evaluation
2026-08-11 10:11:24,595 INFO [gate:capital] SNOW Short Strangle rejected — required $4946.00 > buying_power $1500.00 × 100% = $1500.00
2026-08-11 10:11:24,624 INFO [repair] SNOW Short Strangle — capital gate failed; injecting 5 variant(s) for full gate re-evaluation
2026-08-11 10:11:24,626 INFO [gate:capital] SNOW Bear Combo rejected — required $1962.00 > buying_power $1500.00 × 100% = $1500.00
2026-08-11 10:11:24,634 INFO [gate:capital] SNOW Short Strangle rejected — required $4326.00 > buying_power $1500.00 × 100% = $1500.00
2026-08-11 10:11:24,635 INFO [gate:capital] SNOW Short Strangle rejected — required $3738.50 > buying_power $1500.00 × 100% = $1500.00
2026-08-11 10:11:24,636 INFO [gate:capital] SNOW Short Strangle rejected — required $3156.00 > buying_power $1500.00 × 100% = $1500.00
2026-08-11 10:11:24,639 INFO [gate:capital] SNOW Short Strangle rejected — required $2605.00 > buying_power $1500.00 × 100% = $1500.00
2026-08-11 10:11:24,639 INFO [gate:capital] SNOW Short Strangle rejected — required $2043.00 > buying_power $1500.00 × 100% = $1500.00
2026-08-11 10:11:24,685 INFO [repair] SNOW Iron Butterfly — roi gate failed; injecting 4 variant(s) for full gate re-evaluation
2026-08-11 10:11:24,699 INFO [repair] SNOW Short Strangle — roi gate failed; injecting 5 variant(s) for full gate re-evaluation
2026-08-11 10:11:24,709 INFO [repair] SNOW Short Straddle — roi gate failed; injecting 5 variant(s) for full gate re-evaluation
2026-08-11 10:11:24,710 INFO [gate:capital] SNOW Bear Combo rejected — required $2235.00 > buying_power $1500.00 × 100% = $1500.00
2026-08-11 10:11:24,715 INFO [gate:capital] ASML Put Debit Spread rejected — required $4330.00 > buying_power $1500.00 × 100% = $1500.00
2026-08-11 10:11:24,764 INFO [repair] ASML Put Debit Spread — capital gate failed; injecting 28 variant(s) for full gate re-evaluation
2026-08-11 10:11:24,769 INFO [gate:capital] ASML Put Debit Spread rejected — required $4170.00 > buying_power $1500.00 × 100% = $1500.00
2026-08-11 10:11:24,769 INFO [gate:capital] ASML Put Debit Spread rejected — required $4030.00 > buying_power $1500.00 × 100% = $1500.00
2026-08-11 10:11:24,770 INFO [gate:capital] ASML Put Debit Spread rejected — required $4010.00 > buying_power $1500.00 × 100% = $1500.00
2026-08-11 10:11:24,771 INFO [gate:capital] ASML Put Debit Spread rejected — required $3850.00 > buying_power $1500.00 × 100% = $1500.00
2026-08-11 10:11:24,771 INFO [gate:capital] ASML Put Debit Spread rejected — required $3630.00 > buying_power $1500.00 × 100% = $1500.00
2026-08-11 10:11:24,772 INFO [gate:capital] ASML Put Debit Spread rejected — required $3430.00 > buying_power $1500.00 × 100% = $1500.00
2026-08-11 10:11:24,772 INFO [gate:capital] ASML Put Debit Spread rejected — required $3290.00 > buying_power $1500.00 × 100% = $1500.00
2026-08-11 10:11:24,773 INFO [gate:capital] ASML Put Debit Spread rejected — required $3300.00 > buying_power $1500.00 × 100% = $1500.00
2026-08-11 10:11:24,774 INFO [gate:capital] ASML Put Debit Spread rejected — required $3060.00 > buying_power $1500.00 × 100% = $1500.00
2026-08-11 10:11:24,774 INFO [gate:capital] ASML Put Debit Spread rejected — required $2900.00 > buying_power $1500.00 × 100% = $1500.00
2026-08-11 10:11:24,775 INFO [gate:capital] ASML Put Debit Spread rejected — required $2830.00 > buying_power $1500.00 × 100% = $1500.00
2026-08-11 10:11:24,776 INFO [gate:capital] ASML Put Debit Spread rejected — required $2640.00 > buying_power $1500.00 × 100% = $1500.00
2026-08-11 10:11:24,776 INFO [gate:capital] ASML Put Debit Spread rejected — required $2560.00 > buying_power $1500.00 × 100% = $1500.00
2026-08-11 10:11:24,777 INFO [gate:capital] ASML Put Debit Spread rejected — required $2390.00 > buying_power $1500.00 × 100% = $1500.00
2026-08-11 10:11:24,777 INFO [gate:capital] ASML Put Debit Spread rejected — required $2040.00 > buying_power $1500.00 × 100% = $1500.00
2026-08-11 10:11:24,778 INFO [gate:capital] ASML Put Debit Spread rejected — required $1890.00 > buying_power $1500.00 × 100% = $1500.00
2026-08-11 10:11:24,779 INFO [gate:capital] ASML Put Debit Spread rejected — required $1720.00 > buying_power $1500.00 × 100% = $1500.00
2026-08-11 10:11:24,779 INFO [gate:capital] ASML Put Debit Spread rejected — required $1590.00 > buying_power $1500.00 × 100% = $1500.00
2026-08-11 10:11:24,813 INFO [repair] PLTR Cash Secured Put — roi gate failed; injecting 49 variant(s) for full gate re-evaluation
2026-08-11 10:11:24,826 INFO [repair] PLTR Iron Butterfly — roi gate failed; injecting 4 variant(s) for full gate re-evaluation
2026-08-11 10:11:24,826 INFO [gate:capital] PLTR Short Strangle rejected — required $2698.90 > buying_power $1500.00 × 100% = $1500.00
2026-08-11 10:11:24,848 INFO [repair] PLTR Short Strangle — capital gate failed; injecting 5 variant(s) for full gate re-evaluation
2026-08-11 10:11:24,859 INFO [repair] PLTR Short Straddle — roi gate failed; injecting 5 variant(s) for full gate re-evaluation
2026-08-11 10:11:24,862 INFO [gate:capital] PLTR Short Strangle rejected — required $2360.90 > buying_power $1500.00 × 100% = $1500.00
2026-08-11 10:11:24,862 INFO [gate:capital] PLTR Short Strangle rejected — required $2053.40 > buying_power $1500.00 × 100% = $1500.00
2026-08-11 10:11:24,862 INFO [gate:capital] PLTR Short Strangle rejected — required $1764.40 > buying_power $1500.00 × 100% = $1500.00
2026-08-11 10:11:24,862 INFO [gate:capital] PLTR Short Strangle rejected — required $2986.40 > buying_power $1500.00 × 100% = $1500.00
2026-08-11 10:11:24,862 INFO [gate:capital] PLTR Short Strangle rejected — required $2654.90 > buying_power $1500.00 × 100% = $1500.00
2026-08-11 10:11:24,896 INFO [repair] PLTR Cash Secured Put — roi gate failed; injecting 44 variant(s) for full gate re-evaluation
2026-08-11 10:11:24,908 INFO [repair] PLTR Iron Butterfly — roi gate failed; injecting 4 variant(s) for full gate re-evaluation
2026-08-11 10:11:24,921 INFO [repair] PLTR Short Strangle — roi gate failed; injecting 5 variant(s) for full gate re-evaluation
2026-08-11 10:11:24,934 INFO [repair] PLTR Short Straddle — roi gate failed; injecting 5 variant(s) for full gate re-evaluation
2026-08-11 10:11:24,947 INFO [repair] MDB Cash Secured Put — roi gate failed; injecting 15 variant(s) for full gate re-evaluation
2026-08-11 10:11:24,947 INFO [gate:capital] MDB Put Debit Spread rejected — required $3680.00 > buying_power $1500.00 × 100% = $1500.00
2026-08-11 10:11:24,964 INFO [repair] MDB Put Debit Spread — capital gate failed; injecting 15 variant(s) for full gate re-evaluation
2026-08-11 10:11:24,977 INFO [gate:capital] MDB Put Debit Spread rejected — required $3390.00 > buying_power $1500.00 × 100% = $1500.00
2026-08-11 10:11:24,978 INFO [gate:capital] MDB Put Debit Spread rejected — required $3075.00 > buying_power $1500.00 × 100% = $1500.00
2026-08-11 10:11:24,981 INFO [gate:capital] MDB Put Debit Spread rejected — required $2830.00 > buying_power $1500.00 × 100% = $1500.00
2026-08-11 10:11:24,982 INFO [gate:capital] MDB Put Debit Spread rejected — required $2530.00 > buying_power $1500.00 × 100% = $1500.00
2026-08-11 10:11:24,982 INFO [gate:capital] MDB Put Debit Spread rejected — required $2315.00 > buying_power $1500.00 × 100% = $1500.00
2026-08-11 10:11:24,983 INFO [gate:capital] MDB Put Debit Spread rejected — required $2050.00 > buying_power $1500.00 × 100% = $1500.00
2026-08-11 10:11:24,984 INFO [gate:capital] MDB Put Debit Spread rejected — required $1865.00 > buying_power $1500.00 × 100% = $1500.00
2026-08-11 10:11:24,985 INFO [gate:capital] MDB Put Debit Spread rejected — required $1655.00 > buying_power $1500.00 × 100% = $1500.00
2026-08-11 10:11:25,006 INFO [repair] ORCL Cash Secured Put — roi gate failed; injecting 25 variant(s) for full gate re-evaluation
2026-08-11 10:11:25,025 INFO [repair] ORCL Iron Butterfly — roi gate failed; injecting 6 variant(s) for full gate re-evaluation
2026-08-11 10:11:25,025 INFO [gate:capital] ORCL Short Strangle rejected — required $1976.50 > buying_power $1500.00 × 100% = $1500.00
2026-08-11 10:11:25,038 INFO [repair] ORCL Short Strangle — capital gate failed; injecting 5 variant(s) for full gate re-evaluation
2026-08-11 10:11:25,051 INFO [repair] ORCL Short Straddle — roi gate failed; injecting 5 variant(s) for full gate re-evaluation
2026-08-11 10:11:25,051 INFO [gate:capital] ORCL Short Strangle rejected — required $1829.00 > buying_power $1500.00 × 100% = $1500.00
2026-08-11 10:11:25,051 INFO [gate:capital] ORCL Short Strangle rejected — required $1702.50 > buying_power $1500.00 × 100% = $1500.00
2026-08-11 10:11:25,051 INFO [gate:capital] ORCL Short Strangle rejected — required $1563.50 > buying_power $1500.00 × 100% = $1500.00
2026-08-11 10:11:25,051 INFO [gate:capital] ORCL Short Strangle rejected — required $3011.50 > buying_power $1500.00 × 100% = $1500.00
2026-08-11 10:11:25,083 INFO [repair] NOW Cash Secured Put — roi gate failed; injecting 22 variant(s) for full gate re-evaluation
2026-08-11 10:11:25,083 INFO [gate:capital] NOW Short Strangle rejected — required $1841.60 > buying_power $1500.00 × 100% = $1500.00
2026-08-11 10:11:25,096 INFO [repair] NOW Short Strangle — capital gate failed; injecting 3 variant(s) for full gate re-evaluation
2026-08-11 10:11:25,096 INFO [gate:capital] NOW Short Strangle rejected — required $1696.10 > buying_power $1500.00 × 100% = $1500.00
2026-08-11 10:11:25,096 INFO [gate:capital] NOW Short Strangle rejected — required $1560.10 > buying_power $1500.00 × 100% = $1500.00
2026-08-11 10:11:25,122 INFO [repair] NOW Cash Secured Put — roi gate failed; injecting 24 variant(s) for full gate re-evaluation
2026-08-11 10:11:25,123 INFO [gate:capital] NOW Short Strangle rejected — required $2010.10 > buying_power $1500.00 × 100% = $1500.00
2026-08-11 10:11:25,136 INFO [repair] NOW Short Strangle — capital gate failed; injecting 5 variant(s) for full gate re-evaluation
2026-08-11 10:11:25,150 INFO [repair] TEAM Cash Secured Put — roi gate failed; injecting 7 variant(s) for full gate re-evaluation
2026-08-11 10:11:25,150 INFO [gate:capital] TEAM Short Strangle rejected — required $2011.90 > buying_power $1500.00 × 100% = $1500.00
2026-08-11 10:11:25,158 INFO [repair] TEAM Short Strangle — capital gate failed; injecting 2 variant(s) for full gate re-evaluation
2026-08-11 10:11:25,161 INFO [gate:capital] ADBE Put Debit Spread rejected — required $1612.00 > buying_power $1500.00 × 100% = $1500.00
2026-08-11 10:11:25,173 INFO [repair] ADBE Put Debit Spread — capital gate failed; injecting 6 variant(s) for full gate re-evaluation
2026-08-11 10:11:25,185 INFO [repair] NET Cash Secured Put — roi gate failed; injecting 8 variant(s) for full gate re-evaluation
2026-08-11 10:11:25,185 INFO [gate:capital] NET Short Strangle rejected — required $3857.70 > buying_power $1500.00 × 100% = $1500.00
2026-08-11 10:11:25,196 INFO [repair] NET Short Strangle — capital gate failed; injecting 5 variant(s) for full gate re-evaluation
2026-08-11 10:11:25,196 INFO [gate:capital] NET Short Strangle rejected — required $3217.70 > buying_power $1500.00 × 100% = $1500.00
2026-08-11 10:11:25,196 INFO [gate:capital] NET Short Strangle rejected — required $2607.70 > buying_power $1500.00 × 100% = $1500.00
2026-08-11 10:11:25,196 INFO [gate:capital] NET Short Strangle rejected — required $2026.20 > buying_power $1500.00 × 100% = $1500.00
2026-08-11 10:11:25,222 INFO [repair] NET Cash Secured Put — roi gate failed; injecting 18 variant(s) for full gate re-evaluation
2026-08-11 10:11:25,222 INFO [repair] NET Short Strangle — roi gate failed; injecting 5 variant(s) for full gate re-evaluation
2026-08-11 10:11:25,222 INFO [gate:capital] NET Short Straddle rejected — required $7249.20 > buying_power $1500.00 × 100% = $1500.00
2026-08-11 10:11:25,235 INFO [repair] NET Short Straddle — capital gate failed; injecting 5 variant(s) for full gate re-evaluation
2026-08-11 10:11:25,235 INFO [gate:capital] NET Bear Combo rejected — required $2614.00 > buying_power $1500.00 × 100% = $1500.00
2026-08-11 10:11:25,248 INFO [gate:capital] NET Diagonal Spread rejected — required $1615.00 > buying_power $1500.00 × 100% = $1500.00
2026-08-11 10:11:25,248 INFO [gate:capital] NET Short Strangle rejected — required $4137.20 > buying_power $1500.00 × 100% = $1500.00
2026-08-11 10:11:25,248 INFO [gate:capital] NET Short Strangle rejected — required $3785.70 > buying_power $1500.00 × 100% = $1500.00
2026-08-11 10:11:25,265 INFO [repair] RGTI Short Straddle — roi gate failed; injecting 5 variant(s) for full gate re-evaluation
2026-08-11 10:11:25,284 INFO [repair] RGTI Iron Butterfly — roi gate failed; injecting 3 variant(s) for full gate re-evaluation
2026-08-11 10:11:25,299 INFO [repair] RGTI Short Straddle — roi gate failed; injecting 5 variant(s) for full gate re-evaluation
2026-08-11 10:11:25,321 INFO [gate:capital] META Put Debit Spread rejected — required $2815.00 > buying_power $1500.00 × 100% = $1500.00
2026-08-11 10:11:25,344 INFO [repair] META Put Debit Spread — capital gate failed; injecting 11 variant(s) for full gate re-evaluation
2026-08-11 10:11:25,345 INFO [gate:capital] META Put Debit Spread rejected — required $2470.00 > buying_power $1500.00 × 100% = $1500.00
2026-08-11 10:11:25,345 INFO [gate:capital] META Put Debit Spread rejected — required $2165.00 > buying_power $1500.00 × 100% = $1500.00
2026-08-11 10:11:25,345 INFO [gate:capital] META Put Debit Spread rejected — required $1820.00 > buying_power $1500.00 × 100% = $1500.00
2026-08-11 10:11:25,345 INFO [gate:capital] META Put Debit Spread rejected — required $1530.00 > buying_power $1500.00 × 100% = $1500.00
2026-08-11 10:11:25,345 INFO [gate:capital] META Put Debit Spread rejected — required $2060.00 > buying_power $1500.00 × 100% = $1500.00
2026-08-11 10:11:25,371 INFO [repair] META Put Debit Spread — capital gate failed; injecting 8 variant(s) for full gate re-evaluation
2026-08-11 10:11:25,371 INFO [gate:capital] META Put Debit Spread rejected — required $1895.00 > buying_power $1500.00 × 100% = $1500.00
2026-08-11 10:11:25,371 INFO [gate:capital] META Put Debit Spread rejected — required $1570.00 > buying_power $1500.00 × 100% = $1500.00
2026-08-11 10:11:25,409 INFO [repair] APP Cash Secured Put — roi gate failed; injecting 4 variant(s) for full gate re-evaluation
2026-08-11 10:11:25,409 INFO [gate:capital] APP Short Strangle rejected — required $4950.20 > buying_power $1500.00 × 100% = $1500.00
2026-08-11 10:11:25,422 INFO [repair] APP Short Strangle — capital gate failed; injecting 5 variant(s) for full gate re-evaluation
2026-08-11 10:11:25,422 INFO [gate:capital] APP Put Debit Spread rejected — required $2610.00 > buying_power $1500.00 × 100% = $1500.00
2026-08-11 10:11:25,448 INFO [repair] APP Put Debit Spread — capital gate failed; injecting 11 variant(s) for full gate re-evaluation
2026-08-11 10:11:25,448 INFO [gate:capital] APP Bear Combo rejected — required $3600.00 > buying_power $1500.00 × 100% = $1500.00
2026-08-11 10:11:25,448 INFO [gate:capital] APP Short Strangle rejected — required $4330.20 > buying_power $1500.00 × 100% = $1500.00
2026-08-11 10:11:25,448 INFO [gate:capital] APP Short Strangle rejected — required $3735.20 > buying_power $1500.00 × 100% = $1500.00
2026-08-11 10:11:25,448 INFO [gate:capital] APP Short Strangle rejected — required $3132.70 > buying_power $1500.00 × 100% = $1500.00
2026-08-11 10:11:25,448 INFO [gate:capital] APP Short Strangle rejected — required $2550.20 > buying_power $1500.00 × 100% = $1500.00
2026-08-11 10:11:25,448 INFO [gate:capital] APP Put Debit Spread rejected — required $2430.00 > buying_power $1500.00 × 100% = $1500.00
2026-08-11 10:11:25,448 INFO [gate:capital] APP Put Debit Spread rejected — required $2040.00 > buying_power $1500.00 × 100% = $1500.00
2026-08-11 10:11:25,448 INFO [gate:capital] APP Put Debit Spread rejected — required $1790.00 > buying_power $1500.00 × 100% = $1500.00
2026-08-11 10:11:25,448 INFO [gate:capital] APP Put Debit Spread rejected — required $1510.00 > buying_power $1500.00 × 100% = $1500.00
2026-08-11 10:11:25,461 INFO [repair] APP Cash Secured Put — roi gate failed; injecting 5 variant(s) for full gate re-evaluation
2026-08-11 10:11:25,461 INFO [repair] APP Call Credit Spread — roi gate failed; injecting 1 variant(s) for full gate re-evaluation
2026-08-11 10:11:25,461 INFO [gate:capital] APP Short Strangle rejected — required $4720.20 > buying_power $1500.00 × 100% = $1500.00
2026-08-11 10:11:25,474 INFO [repair] APP Short Strangle — capital gate failed; injecting 3 variant(s) for full gate re-evaluation
2026-08-11 10:11:25,474 INFO [gate:capital] APP Bear Combo rejected — required $2520.00 > buying_power $1500.00 × 100% = $1500.00
2026-08-11 10:11:25,487 INFO [gate:capital] APP Diagonal Spread rejected — required $2500.00 > buying_power $1500.00 × 100% = $1500.00
2026-08-11 10:11:25,487 INFO [gate:capital] APP Short Strangle rejected — required $3550.20 > buying_power $1500.00 × 100% = $1500.00
2026-08-11 10:11:25,487 INFO [gate:capital] APP Short Strangle rejected — required $2787.20 > buying_power $1500.00 × 100% = $1500.00
2026-08-11 10:11:25,487 INFO [gate:capital] APP Short Strangle rejected — required $2209.70 > buying_power $1500.00 × 100% = $1500.00
2026-08-11 10:11:25,487 INFO [gate:capital] MELI Call Debit Spread rejected — required $5625.00 > buying_power $1500.00 × 100% = $1500.00
2026-08-11 10:11:25,520 INFO [repair] MELI Call Debit Spread — capital gate failed; injecting 11 variant(s) for full gate re-evaluation
2026-08-11 10:11:25,521 INFO [gate:capital] MELI Put Debit Spread rejected — required $5720.00 > buying_power $1500.00 × 100% = $1500.00
2026-08-11 10:11:25,545 INFO [repair] MELI Put Debit Spread — capital gate failed; injecting 30 variant(s) for full gate re-evaluation
2026-08-11 10:11:25,545 INFO [gate:capital] MELI Call Debit Spread rejected — required $5295.00 > buying_power $1500.00 × 100% = $1500.00
2026-08-11 10:11:25,558 INFO [gate:capital] MELI Call Debit Spread rejected — required $5025.00 > buying_power $1500.00 × 100% = $1500.00
2026-08-11 10:11:25,558 INFO [gate:capital] MELI Call Debit Spread rejected — required $4855.00 > buying_power $1500.00 × 100% = $1500.00
2026-08-11 10:11:25,558 INFO [gate:capital] MELI Call Debit Spread rejected — required $4395.00 > buying_power $1500.00 × 100% = $1500.00
2026-08-11 10:11:25,558 INFO [gate:capital] MELI Call Debit Spread rejected — required $4125.00 > buying_power $1500.00 × 100% = $1500.00
2026-08-11 10:11:25,558 INFO [gate:capital] MELI Call Debit Spread rejected — required $3365.00 > buying_power $1500.00 × 100% = $1500.00
2026-08-11 10:11:25,558 INFO [gate:capital] MELI Put Debit Spread rejected — required $5320.00 > buying_power $1500.00 × 100% = $1500.00
2026-08-11 10:11:25,558 INFO [gate:capital] MELI Put Debit Spread rejected — required $5180.00 > buying_power $1500.00 × 100% = $1500.00
2026-08-11 10:11:25,566 INFO [gate:capital] MELI Put Debit Spread rejected — required $4840.00 > buying_power $1500.00 × 100% = $1500.00
2026-08-11 10:11:25,567 INFO [gate:capital] MELI Put Debit Spread rejected — required $4710.00 > buying_power $1500.00 × 100% = $1500.00
2026-08-11 10:11:25,567 INFO [gate:capital] MELI Put Debit Spread rejected — required $4390.00 > buying_power $1500.00 × 100% = $1500.00
2026-08-11 10:11:25,568 INFO [gate:capital] MELI Put Debit Spread rejected — required $4260.00 > buying_power $1500.00 × 100% = $1500.00
2026-08-11 10:11:25,579 INFO [gate:capital] COST Call Debit Spread rejected — required $1920.00 > buying_power $1500.00 × 100% = $1500.00
2026-08-11 10:11:25,601 INFO [repair] COST Call Debit Spread — capital gate failed; injecting 9 variant(s) for full gate re-evaluation
2026-08-11 10:11:25,602 INFO [gate:capital] COST Put Debit Spread rejected — required $1885.00 > buying_power $1500.00 × 100% = $1500.00
2026-08-11 10:11:25,617 INFO [repair] COST Put Debit Spread — capital gate failed; injecting 8 variant(s) for full gate re-evaluation
2026-08-11 10:11:25,619 INFO [gate:capital] COST Call Debit Spread rejected — required $1620.00 > buying_power $1500.00 × 100% = $1500.00
2026-08-11 10:11:25,620 INFO [gate:capital] COST Put Debit Spread rejected — required $1640.00 > buying_power $1500.00 × 100% = $1500.00
2026-08-11 10:11:25,621 INFO [gate:capital] COST Call Debit Spread rejected — required $2110.00 > buying_power $1500.00 × 100% = $1500.00
2026-08-11 10:11:25,650 INFO [repair] COST Call Debit Spread — capital gate failed; injecting 15 variant(s) for full gate re-evaluation
2026-08-11 10:11:25,654 INFO [gate:capital] COST Call Debit Spread rejected — required $1950.00 > buying_power $1500.00 × 100% = $1500.00
2026-08-11 10:11:25,654 INFO [gate:capital] COST Call Debit Spread rejected — required $1765.00 > buying_power $1500.00 × 100% = $1500.00
2026-08-11 10:11:25,672 INFO [repair] WMT Short Straddle — roi gate failed; injecting 5 variant(s) for full gate re-evaluation
2026-08-11 10:11:25,673 INFO [gate:capital] LLY Call Debit Spread rejected — required $5230.00 > buying_power $1500.00 × 100% = $1500.00
2026-08-11 10:11:25,699 INFO [repair] LLY Call Debit Spread — capital gate failed; injecting 19 variant(s) for full gate re-evaluation
2026-08-11 10:11:25,699 INFO [gate:capital] LLY Call Debit Spread rejected — required $4855.00 > buying_power $1500.00 × 100% = $1500.00
2026-08-11 10:11:25,699 INFO [gate:capital] LLY Call Debit Spread rejected — required $4570.00 > buying_power $1500.00 × 100% = $1500.00
2026-08-11 10:11:25,699 INFO [gate:capital] LLY Call Debit Spread rejected — required $4220.00 > buying_power $1500.00 × 100% = $1500.00
2026-08-11 10:11:25,699 INFO [gate:capital] LLY Call Debit Spread rejected — required $3930.00 > buying_power $1500.00 × 100% = $1500.00
2026-08-11 10:11:25,699 INFO [gate:capital] LLY Call Debit Spread rejected — required $3675.00 > buying_power $1500.00 × 100% = $1500.00
2026-08-11 10:11:25,699 INFO [gate:capital] LLY Call Debit Spread rejected — required $3405.00 > buying_power $1500.00 × 100% = $1500.00
2026-08-11 10:11:25,699 INFO [gate:capital] LLY Call Debit Spread rejected — required $3320.00 > buying_power $1500.00 × 100% = $1500.00
2026-08-11 10:11:25,699 INFO [gate:capital] LLY Call Debit Spread rejected — required $3000.00 > buying_power $1500.00 × 100% = $1500.00
2026-08-11 10:11:25,709 INFO [gate:capital] LLY Call Debit Spread rejected — required $2710.00 > buying_power $1500.00 × 100% = $1500.00
2026-08-11 10:11:25,709 INFO [gate:capital] LLY Call Debit Spread rejected — required $2490.00 > buying_power $1500.00 × 100% = $1500.00
2026-08-11 10:11:25,709 INFO [gate:capital] LLY Call Debit Spread rejected — required $2285.00 > buying_power $1500.00 × 100% = $1500.00
2026-08-11 10:11:25,714 INFO [gate:capital] LLY Call Debit Spread rejected — required $2115.00 > buying_power $1500.00 × 100% = $1500.00
2026-08-11 10:11:25,714 INFO [gate:capital] LLY Call Debit Spread rejected — required $2010.00 > buying_power $1500.00 × 100% = $1500.00
2026-08-11 10:11:25,715 INFO [gate:capital] LLY Call Debit Spread rejected — required $1830.00 > buying_power $1500.00 × 100% = $1500.00
2026-08-11 10:11:25,716 INFO [gate:capital] LLY Call Debit Spread rejected — required $1675.00 > buying_power $1500.00 × 100% = $1500.00
2026-08-11 10:11:25,716 INFO [gate:capital] LLY Call Debit Spread rejected — required $3205.00 > buying_power $1500.00 × 100% = $1500.00
2026-08-11 10:11:25,736 INFO [repair] LLY Call Debit Spread — capital gate failed; injecting 11 variant(s) for full gate re-evaluation
2026-08-11 10:11:25,737 INFO [gate:capital] LLY Put Debit Spread rejected — required $3600.00 > buying_power $1500.00 × 100% = $1500.00
2026-08-11 10:11:25,764 INFO [repair] LLY Put Debit Spread — capital gate failed; injecting 20 variant(s) for full gate re-evaluation
2026-08-11 10:11:25,764 INFO [gate:capital] LLY Call Debit Spread rejected — required $3015.00 > buying_power $1500.00 × 100% = $1500.00
2026-08-11 10:11:25,764 INFO [gate:capital] LLY Call Debit Spread rejected — required $2585.00 > buying_power $1500.00 × 100% = $1500.00
2026-08-11 10:11:25,764 INFO [gate:capital] LLY Call Debit Spread rejected — required $2300.00 > buying_power $1500.00 × 100% = $1500.00
2026-08-11 10:11:25,764 INFO [gate:capital] LLY Call Debit Spread rejected — required $1940.00 > buying_power $1500.00 × 100% = $1500.00
2026-08-11 10:11:25,764 INFO [gate:capital] LLY Call Debit Spread rejected — required $1610.00 > buying_power $1500.00 × 100% = $1500.00
2026-08-11 10:11:25,764 INFO [gate:capital] LLY Call Debit Spread rejected — required $1585.00 > buying_power $1500.00 × 100% = $1500.00
2026-08-11 10:11:25,764 INFO [gate:capital] LLY Put Debit Spread rejected — required $3200.00 > buying_power $1500.00 × 100% = $1500.00
2026-08-11 10:11:25,764 INFO [gate:capital] LLY Put Debit Spread rejected — required $2900.00 > buying_power $1500.00 × 100% = $1500.00
2026-08-11 10:11:25,764 INFO [gate:capital] LLY Put Debit Spread rejected — required $2700.00 > buying_power $1500.00 × 100% = $1500.00
2026-08-11 10:11:25,764 INFO [gate:capital] LLY Put Debit Spread rejected — required $2500.00 > buying_power $1500.00 × 100% = $1500.00
2026-08-11 10:11:25,764 INFO [gate:capital] LLY Put Debit Spread rejected — required $2395.00 > buying_power $1500.00 × 100% = $1500.00
2026-08-11 10:11:25,764 INFO [gate:capital] LLY Put Debit Spread rejected — required $2300.00 > buying_power $1500.00 × 100% = $1500.00
2026-08-11 10:11:25,777 INFO [gate:capital] LLY Put Debit Spread rejected — required $2000.00 > buying_power $1500.00 × 100% = $1500.00
2026-08-11 10:11:25,777 INFO [gate:capital] LLY Put Debit Spread rejected — required $1800.00 > buying_power $1500.00 × 100% = $1500.00
2026-08-11 10:11:25,797 INFO [repair] ABBV Cash Secured Put — roi gate failed; injecting 2 variant(s) for full gate re-evaluation
2026-08-11 10:11:25,804 INFO [repair] ABBV Short Strangle — roi gate failed; injecting 2 variant(s) for full gate re-evaluation
2026-08-11 10:11:25,815 INFO [repair] ABBV Cash Secured Put — roi gate failed; injecting 4 variant(s) for full gate re-evaluation
2026-08-11 10:11:25,823 INFO [repair] ABBV Short Strangle — roi gate failed; injecting 3 variant(s) for full gate re-evaluation
2026-08-11 10:11:25,831 INFO [repair] ABBV Short Straddle — roi gate failed; injecting 5 variant(s) for full gate re-evaluation
2026-08-11 10:11:25,874 INFO [repair] GE Cash Secured Put — roi gate failed; injecting 13 variant(s) for full gate re-evaluation
2026-08-11 10:11:25,887 INFO [repair] VRT Cash Secured Put — roi gate failed; injecting 9 variant(s) for full gate re-evaluation
2026-08-11 10:11:25,887 INFO [repair] VRT Call Credit Spread — roi gate failed; injecting 2 variant(s) for full gate re-evaluation
2026-08-11 10:11:25,900 INFO [repair] VRT Short Strangle — roi gate failed; injecting 5 variant(s) for full gate re-evaluation
2026-08-11 10:11:25,909 INFO [repair] VRT Short Straddle — roi gate failed; injecting 5 variant(s) for full gate re-evaluation
2026-08-11 10:11:25,909 INFO [gate:capital] VRT Put Debit Spread rejected — required $1855.00 > buying_power $1500.00 × 100% = $1500.00
2026-08-11 10:11:25,922 INFO [repair] VRT Put Debit Spread — capital gate failed; injecting 7 variant(s) for full gate re-evaluation
2026-08-11 10:11:25,922 INFO [gate:capital] VRT Bear Combo rejected — required $2803.00 > buying_power $1500.00 × 100% = $1500.00
2026-08-11 10:11:25,935 INFO [gate:capital] VRT Short Strangle rejected — required $3458.30 > buying_power $1500.00 × 100% = $1500.00
2026-08-11 10:11:25,935 INFO [gate:capital] VRT Short Strangle rejected — required $2868.30 > buying_power $1500.00 × 100% = $1500.00
2026-08-11 10:11:25,935 INFO [gate:capital] VRT Short Strangle rejected — required $2296.30 > buying_power $1500.00 × 100% = $1500.00
2026-08-11 10:11:25,935 INFO [gate:capital] VRT Short Strangle rejected — required $1757.30 > buying_power $1500.00 × 100% = $1500.00
2026-08-11 10:11:25,935 INFO [gate:capital] VRT Short Strangle rejected — required $3766.30 > buying_power $1500.00 × 100% = $1500.00
2026-08-11 10:11:25,935 INFO [gate:capital] VRT Put Debit Spread rejected — required $1530.00 > buying_power $1500.00 × 100% = $1500.00
2026-08-11 10:11:25,948 INFO [repair] VRT Short Straddle — roi gate failed; injecting 5 variant(s) for full gate re-evaluation
2026-08-11 10:11:25,976 INFO [repair] XOM Cash Secured Put — roi gate failed; injecting 13 variant(s) for full gate re-evaluation
2026-08-11 10:11:25,989 INFO [repair] XOM Short Straddle — roi gate failed; injecting 5 variant(s) for full gate re-evaluation
2026-08-11 10:11:26,002 INFO [repair] XOM Cash Secured Put — roi gate failed; injecting 11 variant(s) for full gate re-evaluation
2026-08-11 10:11:26,011 INFO [repair] XOM Short Strangle — roi gate failed; injecting 4 variant(s) for full gate re-evaluation
2026-08-11 10:11:26,014 INFO [repair] XOM Short Straddle — roi gate failed; injecting 5 variant(s) for full gate re-evaluation
2026-08-11 10:11:26,027 INFO [repair] CVX Cash Secured Put — roi gate failed; injecting 3 variant(s) for full gate re-evaluation
2026-08-11 10:11:26,027 INFO [repair] CVX Short Strangle — roi gate failed; injecting 3 variant(s) for full gate re-evaluation
2026-08-11 10:11:26,040 INFO [repair] CVX Short Straddle — roi gate failed; injecting 5 variant(s) for full gate re-evaluation
2026-08-11 10:11:26,053 INFO [repair] CVX Cash Secured Put — roi gate failed; injecting 9 variant(s) for full gate re-evaluation
2026-08-11 10:11:26,066 INFO [repair] CVX Short Strangle — roi gate failed; injecting 4 variant(s) for full gate re-evaluation
2026-08-11 10:11:26,079 INFO [repair] CVX Short Straddle — roi gate failed; injecting 5 variant(s) for full gate re-evaluation
2026-08-11 10:11:26,101 INFO [repair] COP Cash Secured Put — roi gate failed; injecting 16 variant(s) for full gate re-evaluation
2026-08-11 10:11:26,117 INFO [repair] COP Cash Secured Put — roi gate failed; injecting 12 variant(s) for full gate re-evaluation
2026-08-11 10:11:26,130 INFO [repair] OXY Short Straddle — roi gate failed; injecting 5 variant(s) for full gate re-evaluation
2026-08-11 10:11:26,148 INFO [repair] CEG Cash Secured Put — roi gate failed; injecting 8 variant(s) for full gate re-evaluation
2026-08-11 10:11:26,163 INFO [repair] FCX Cash Secured Put — roi gate failed; injecting 9 variant(s) for full gate re-evaluation
2026-08-11 10:11:26,175 INFO [repair] FCX Short Strangle — roi gate failed; injecting 5 variant(s) for full gate re-evaluation
2026-08-11 10:11:26,189 INFO [repair] FCX Cash Secured Put — roi gate failed; injecting 10 variant(s) for full gate re-evaluation
2026-08-11 10:11:26,197 INFO [repair] FCX Short Strangle — roi gate failed; injecting 5 variant(s) for full gate re-evaluation
2026-08-11 10:11:26,197 INFO [gate:capital] FCX Short Straddle rejected — required $1623.80 > buying_power $1500.00 × 100% = $1500.00
2026-08-11 10:11:26,210 INFO [repair] FCX Short Straddle — capital gate failed; injecting 5 variant(s) for full gate re-evaluation
2026-08-11 10:11:26,226 INFO [repair] AMT Short Straddle — roi gate failed; injecting 3 variant(s) for full gate re-evaluation
2026-08-11 10:11:26,239 INFO [repair] AMT Short Straddle — roi gate failed; injecting 3 variant(s) for full gate re-evaluation
2026-08-11 10:11:26,301 INFO [repair] LOW Cash Secured Put — roi gate failed; injecting 3 variant(s) for full gate re-evaluation
2026-08-11 10:11:26,332 INFO [filter] 2256 rejected, 343 survived — gate breakdown: {'expected_roi': 785, 'no_ev_or_pop': 78, 'capital_feasibility': 277, 'iv_edge': 109, 'liquidity': 114, 'min_profit': 424, 'ml_confidence': 96, 'strikes_incomplete': 371, 'rel_volume': 2}
2026-08-11 10:11:26,333 INFO [filter] strikes_incomplete by structure: {'Jade Lizard': 52, 'Iron Condor': 41, 'Call Credit Spread': 36, 'Diagonal Spread': 35, 'Put Credit Spread': 35, 'Iron Butterfly': 21, 'Short Straddle': 19, 'Put Debit Spread': 18, 'Call Debit Spread': 17, 'Calendar Spread': 16, 'Bear Combo': 12, 'Ratio Put Backspread': 10, 'Short Strangle': 9, 'Risk Reversal': 9, 'Financed Long Put': 9, 'Long Strangle': 9, 'Ratio Call Backspread': 7, 'Financed Long Call': 6, 'Cash Secured Put': 5, 'Covered Call': 5}
2026-08-11 10:11:48,669 INFO [risk] Skip AAPL — net_delta would reach +18.671 (cap ±3.0; remarked=55/total=56)
2026-08-11 10:11:48,671 INFO [risk] Skip AVGO — net_delta would reach +19.432 (cap ±3.0; remarked=55/total=56)
2026-08-11 10:11:48,676 INFO [risk] Skip NVDA — already have 4 open position(s)
2026-08-11 10:11:48,676 INFO [risk] Skip MSFT — net_delta would reach +18.632 (cap ±3.0; remarked=55/total=56)
2026-08-11 10:11:48,678 INFO [risk] Skip QQQ — net_delta would reach +18.688 (cap ±3.0; remarked=55/total=56)
2026-08-11 10:11:48,678 INFO [risk] Skip AMD — net_delta would reach +19.278 (cap ±3.0; remarked=55/total=56)
2026-08-11 10:11:48,682 INFO [risk] Skip SPY — net_delta would reach +18.703 (cap ±3.0; remarked=55/total=56)
2026-08-11 10:11:48,683 INFO [risk] Skip TSM — net_delta would reach +19.386 (cap ±3.0; remarked=55/total=56)
2026-08-11 10:11:48,686 INFO [risk] Skip INTC — net_delta would reach +19.406 (cap ±3.0; remarked=55/total=56)
2026-08-11 10:11:48,688 INFO [risk] Skip MU — net_delta would reach +19.227 (cap ±3.0; remarked=55/total=56)
2026-08-11 10:11:48,688 INFO [risk] Skip QCOM — already have 3 open position(s)
2026-08-11 10:11:48,690 INFO [risk] Skip LRCX — net_delta would reach +19.342 (cap ±3.0; remarked=55/total=56)
2026-08-11 10:11:48,690 INFO [risk] Skip SNOW — net_delta would reach +19.408 (cap ±3.0; remarked=55/total=56)
2026-08-11 10:11:48,692 INFO [risk] Skip PLTR — net_delta would reach +19.412 (cap ±3.0; remarked=55/total=56)
2026-08-11 10:11:48,693 INFO [risk] Skip MDB — net_delta would reach +19.001 (cap ±3.0; remarked=55/total=56)
2026-08-11 10:11:48,693 INFO [risk] Skip ORCL — net_delta would reach +19.013 (cap ±3.0; remarked=55/total=56)
2026-08-11 10:11:48,693 INFO [risk] Skip CRM — net_delta would reach +19.456 (cap ±3.0; remarked=55/total=56)
2026-08-11 10:11:48,695 INFO [risk] Skip NOW — net_delta would reach +18.827 (cap ±3.0; remarked=55/total=56)
2026-08-11 10:11:48,695 INFO [risk] Skip ADBE — net_delta would reach +18.669 (cap ±3.0; remarked=55/total=56)
2026-08-11 10:11:48,695 INFO [risk] Skip NET — net_delta would reach +19.084 (cap ±3.0; remarked=55/total=56)
2026-08-11 10:11:48,695 INFO [risk] Skip RGTI — net_delta would reach +19.052 (cap ±3.0; remarked=55/total=56)
2026-08-11 10:11:48,697 INFO [risk] Skip GOOGL — net_delta would reach +19.410 (cap ±3.0; remarked=55/total=56)
2026-08-11 10:11:48,700 INFO [risk] Skip META — net_delta would reach +19.404 (cap ±3.0; remarked=55/total=56)
2026-08-11 10:11:48,701 INFO [risk] Skip NFLX — net_delta would reach +19.456 (cap ±3.0; remarked=55/total=56)
2026-08-11 10:11:48,701 INFO [risk] Skip DIS — net_delta would reach +19.468 (cap ±3.0; remarked=55/total=56)
2026-08-11 10:11:48,701 INFO [risk] Skip AMZN — net_delta would reach +19.138 (cap ±3.0; remarked=55/total=56)
2026-08-11 10:11:48,701 INFO [risk] Skip UBER — net_delta would reach +19.414 (cap ±3.0; remarked=55/total=56)
2026-08-11 10:11:48,703 INFO [risk] Skip TSLA — net_delta would reach +19.375 (cap ±3.0; remarked=55/total=56)
2026-08-11 10:11:48,703 INFO [risk] Skip APP — net_delta would reach +18.746 (cap ±3.0; remarked=55/total=56)
2026-08-11 10:11:48,703 INFO [risk] Skip NKE — net_delta would reach +19.431 (cap ±3.0; remarked=55/total=56)
2026-08-11 10:11:48,703 INFO [risk] Skip COST — net_delta would reach +19.374 (cap ±3.0; remarked=55/total=56)
2026-08-11 10:11:48,705 INFO [risk] Skip WMT — already have 4 open position(s)
2026-08-11 10:11:48,705 INFO [risk] Skip LLY — net_delta would reach +19.227 (cap ±3.0; remarked=55/total=56)
2026-08-11 10:11:48,705 INFO [risk] Skip NVO — net_delta would reach +19.454 (cap ±3.0; remarked=55/total=56)
2026-08-11 10:11:48,705 INFO [risk] Skip ABBV — net_delta would reach +18.693 (cap ±3.0; remarked=55/total=56)
2026-08-11 10:11:48,707 INFO [risk] Skip UNH — net_delta would reach +19.477 (cap ±3.0; remarked=55/total=56)
2026-08-11 10:11:48,707 INFO [risk] Skip VRT — net_delta would reach +19.042 (cap ±3.0; remarked=55/total=56)
2026-08-11 10:11:48,707 INFO [risk] Skip XOM — net_delta would reach +18.591 (cap ±3.0; remarked=55/total=56)
2026-08-11 10:11:48,707 INFO [risk] Skip CVX — net_delta would reach +18.820 (cap ±3.0; remarked=55/total=56)
2026-08-11 10:11:48,709 INFO [risk] Skip IWM — already have 3 open position(s)
2026-08-11 10:11:48,709 INFO [risk] Skip GLD — net_delta would reach +18.709 (cap ±3.0; remarked=55/total=56)
2026-08-11 10:11:48,709 INFO [risk] Skip SOFI — net_delta would reach +19.402 (cap ±3.0; remarked=55/total=56)
2026-08-11 10:11:48,709 INFO [risk] Skip XLE — already have 3 open position(s)
2026-08-11 10:11:48,711 INFO Ranking: composite score (XGBRanker not trained)
2026-08-11 10:11:48,766 INFO [capital_rejected] 1062 entries persisted to capital_rejected.jsonl
2026-08-12 10:01:07,276 WARNING [warmup] E*TRADE not authenticated — option chains will fall back to yfinance
2026-08-12 10:01:07,293 INFO ml_cache disk file is stale (245044s) — trying DuckDB
2026-08-12 10:01:07,968 INFO ml_cache loaded from DuckDB fallback: 83 tickers
2026-08-12 10:01:08,008 INFO [prefetch] step 1 — batch daily history for 102 tickers
2026-08-12 10:01:22,788 INFO [prefetch] daily history done: 102 ok, 0 fail  (14.8s)
2026-08-12 10:01:22,788 INFO [prefetch] step 2 — batch weekly history for 101 tickers
2026-08-12 10:01:37,998 INFO [prefetch] weekly history done: 101 ok, 0 fail  (30.0s)
2026-08-12 10:01:37,998 INFO [prefetch] step 3+4 — expirations + chains for 101 tickers (serial)
2026-08-12 10:03:58,868 INFO [prefetch] done in 171s — hist 102/102, weekly 101/101, exps 101/101, chains 486 (fail 0)
2026-08-12 10:03:58,868 INFO [scan] cache ready — 790 total keys, 486 chain keys
2026-08-12 10:04:00,523 ERROR HTTP Error 404: {"quoteSummary":{"result":null,"error":{"code":"Not Found","description":"No fundamentals data found for symbol: SPY"}}}
2026-08-12 10:04:00,528 ERROR HTTP Error 404: {"quoteSummary":{"result":null,"error":{"code":"Not Found","description":"No fundamentals data found for symbol: TQQQ"}}}
2026-08-12 10:04:00,848 ERROR HTTP Error 404: {"quoteSummary":{"result":null,"error":{"code":"Not Found","description":"No fundamentals data found for symbol: SPY"}}}
2026-08-12 10:04:00,993 ERROR HTTP Error 404: {"quoteSummary":{"result":null,"error":{"code":"Not Found","description":"No fundamentals data found for symbol: TQQQ"}}}
2026-08-12 10:04:01,418 WARNING analyze_ticker(TQQQ) failed: [WinError 5] Access is denied: 'C:\\Project Y\\data\\oi_cache.json.tmp' -> 'C:\\Project Y\\data\\oi_cache.json'
2026-08-12 10:04:02,058 ERROR HTTP Error 404: {"quoteSummary":{"result":null,"error":{"code":"Not Found","description":"No fundamentals data found for symbol: TQQQ"}}}
2026-08-12 10:04:02,163 ERROR HTTP Error 404: {"quoteSummary":{"result":null,"error":{"code":"Not Found","description":"No fundamentals data found for symbol: QQQ"}}}
2026-08-12 10:04:03,098 ERROR HTTP Error 404: {"quoteSummary":{"result":null,"error":{"code":"Not Found","description":"No fundamentals data found for symbol: QQQ"}}}
2026-08-12 10:04:03,109 ERROR HTTP Error 401: {"finance":{"result":null,"error":{"code":"Unauthorized","description":"Invalid Crumb"}}}
2026-08-12 10:04:03,123 ERROR HTTP Error 401: {"finance":{"result":null,"error":{"code":"Unauthorized","description":"User is unable to access this feature - https://bit.ly/yahoo-finance-api-feedback"}}}
2026-08-12 10:04:03,158 ERROR HTTP Error 401: {"finance":{"result":null,"error":{"code":"Unauthorized","description":"Invalid Crumb"}}}
2026-08-12 10:04:03,619 ERROR HTTP Error 401: {"finance":{"result":null,"error":{"code":"Unauthorized","description":"Invalid Crumb"}}}
2026-08-12 10:04:03,887 ERROR HTTP Error 401: {"finance":{"result":null,"error":{"code":"Unauthorized","description":"User is unable to access this feature - https://bit.ly/yahoo-finance-api-feedback"}}}
2026-08-12 10:04:09,508 WARNING persist_feature_snapshot failed for SPY: ConnectionException: Connection Error: Can't open a connection to same database file with a different configuration than existing connections
2026-08-12 10:04:13,938 ERROR HTTP Error 404: {"quoteSummary":{"result":null,"error":{"code":"Not Found","description":"No fundamentals data found for symbol: SPY"}}}
2026-08-12 10:04:14,382 ERROR HTTP Error 404: {"quoteSummary":{"result":null,"error":{"code":"Not Found","description":"No fundamentals data found for symbol: SPY"}}}
2026-08-12 10:04:16,710 ERROR HTTP Error 404: {"quoteSummary":{"result":null,"error":{"code":"Not Found","description":"No fundamentals data found for symbol: QQQ"}}}
2026-08-12 10:04:17,048 ERROR HTTP Error 404: {"quoteSummary":{"result":null,"error":{"code":"Not Found","description":"No fundamentals data found for symbol: QQQ"}}}
2026-08-12 10:05:02,898 ERROR HTTP Error 401: {"finance":{"result":null,"error":{"code":"Unauthorized","description":"User is unable to access this feature - https://bit.ly/yahoo-finance-api-feedback"}}}
2026-08-12 10:05:27,634 ERROR HTTP Error 401: {"finance":{"result":null,"error":{"code":"Unauthorized","description":"Invalid Crumb"}}}
2026-08-12 10:06:41,130 ERROR HTTP Error 401: {"finance":{"result":null,"error":{"code":"Unauthorized","description":"Invalid Crumb"}}}
2026-08-12 10:06:41,139 ERROR HTTP Error 401: {"finance":{"result":null,"error":{"code":"Unauthorized","description":"Invalid Crumb"}}}
2026-08-12 10:06:53,527 WARNING persist_feature_snapshot failed for ORCL: IOException: IO Error: Cannot open file "C:\Project Y\data\ml_training.duckdb": The process cannot access the file because it is being used by another process.

File is already open in 
C:\Python312\python\python.exe (PID 3028)
2026-08-12 10:06:53,958 ERROR HTTP Error 401: {"finance":{"result":null,"error":{"code":"Unauthorized","description":"Invalid Crumb"}}}
2026-08-12 10:06:54,037 ERROR HTTP Error 401: {"finance":{"result":null,"error":{"code":"Unauthorized","description":"Invalid Crumb"}}}
2026-08-12 10:08:23,513 ERROR $^VIX: possibly delisted; no price data found  (period=2d)
2026-08-12 10:08:23,523 ERROR 
1 Failed download:
2026-08-12 10:08:23,523 ERROR ['^VIX']: possibly delisted; no price data found  (period=2d)
2026-08-12 10:08:25,179 ERROR $^VIX3M: possibly delisted; no price data found  (period=2d)
2026-08-12 10:08:25,180 ERROR $^VVIX: possibly delisted; no price data found  (period=2d)
2026-08-12 10:08:25,192 ERROR 
2 Failed downloads:
2026-08-12 10:08:25,192 ERROR ['^VIX3M', '^VVIX']: possibly delisted; no price data found  (period=2d)
2026-08-12 10:08:26,197 ERROR HTTP Error 401: {"finance":{"result":null,"error":{"code":"Unauthorized","description":"Invalid Crumb"}}}
2026-08-12 10:09:07,627 ERROR HTTP Error 401: {"finance":{"result":null,"error":{"code":"Unauthorized","description":"Invalid Crumb"}}}
2026-08-12 10:09:07,637 ERROR HTTP Error 401: {"finance":{"result":null,"error":{"code":"Unauthorized","description":"Invalid Crumb"}}}
2026-08-12 10:09:17,971 ERROR HTTP Error 401: {"finance":{"result":null,"error":{"code":"Unauthorized","description":"Invalid Crumb"}}}
2026-08-12 10:09:38,957 WARNING analyze_ticker(BAC) failed: 'NoneType' object has no attribute 'copy'
2026-08-12 10:10:25,807 ERROR HTTP Error 401: {"finance":{"result":null,"error":{"code":"Unauthorized","description":"Invalid Crumb"}}}
2026-08-12 10:10:27,741 WARNING persist_feature_snapshot failed for COP: IOException: IO Error: Cannot open file "C:\Project Y\data\ml_training.duckdb": The process cannot access the file because it is being used by another process.

File is already open in 
C:\Python312\python\python.exe (PID 3028)
2026-08-12 10:10:57,032 ERROR HTTP Error 404: {"quoteSummary":{"result":null,"error":{"code":"Not Found","description":"No fundamentals data found for symbol: IWM"}}}
2026-08-12 10:10:57,380 ERROR HTTP Error 404: {"quoteSummary":{"result":null,"error":{"code":"Not Found","description":"No fundamentals data found for symbol: IWM"}}}
2026-08-12 10:11:06,237 ERROR HTTP Error 404: {"quoteSummary":{"result":null,"error":{"code":"Not Found","description":"No fundamentals data found for symbol: GLD"}}}
2026-08-12 10:11:06,620 ERROR HTTP Error 404: {"quoteSummary":{"result":null,"error":{"code":"Not Found","description":"No fundamentals data found for symbol: GLD"}}}
2026-08-12 10:11:11,143 ERROR HTTP Error 404: {"quoteSummary":{"result":null,"error":{"code":"Not Found","description":"No fundamentals data found for symbol: XLE"}}}
2026-08-12 10:11:11,587 ERROR HTTP Error 404: {"quoteSummary":{"result":null,"error":{"code":"Not Found","description":"No fundamentals data found for symbol: XLE"}}}
2026-08-12 10:11:22,497 ERROR HTTP Error 404: {"quoteSummary":{"result":null,"error":{"code":"Not Found","description":"No fundamentals data found for symbol: GLD"}}}
2026-08-12 10:11:22,976 ERROR HTTP Error 404: {"quoteSummary":{"result":null,"error":{"code":"Not Found","description":"No fundamentals data found for symbol: GLD"}}}
2026-08-12 10:11:27,577 ERROR HTTP Error 404: {"quoteSummary":{"result":null,"error":{"code":"Not Found","description":"No fundamentals data found for symbol: IWM"}}}
2026-08-12 10:11:28,058 ERROR HTTP Error 404: {"quoteSummary":{"result":null,"error":{"code":"Not Found","description":"No fundamentals data found for symbol: IWM"}}}
2026-08-12 10:11:30,047 ERROR HTTP Error 404: {"quoteSummary":{"result":null,"error":{"code":"Not Found","description":"No fundamentals data found for symbol: XLE"}}}
2026-08-12 10:11:30,397 ERROR HTTP Error 404: {"quoteSummary":{"result":null,"error":{"code":"Not Found","description":"No fundamentals data found for symbol: XLE"}}}
2026-08-12 10:11:44,028 ERROR HTTP Error 401: {"finance":{"result":null,"error":{"code":"Unauthorized","description":"Invalid Crumb"}}}
2026-08-12 10:11:44,034 ERROR HTTP Error 401: {"finance":{"result":null,"error":{"code":"Unauthorized","description":"Invalid Crumb"}}}
2026-08-12 10:12:04,680 WARNING analyze_ticker(FDX) failed: 'NoneType' object has no attribute 'copy'
2026-08-12 10:12:41,356 INFO [repair] AMD Cash Secured Put — roi gate failed; injecting 47 variant(s) for full gate re-evaluation
2026-08-12 10:12:41,387 INFO [repair] AMD Iron Butterfly — roi gate failed; injecting 9 variant(s) for full gate re-evaluation
2026-08-12 10:12:41,387 INFO [gate:capital] AMD Short Strangle rejected — required $7095.00 > buying_power $1500.00 × 100% = $1500.00
2026-08-12 10:12:41,397 INFO [repair] AMD Short Strangle — capital gate failed; injecting 5 variant(s) for full gate re-evaluation
2026-08-12 10:12:41,417 INFO [repair] AMD Short Straddle — roi gate failed; injecting 5 variant(s) for full gate re-evaluation
2026-08-12 10:12:41,417 INFO [gate:capital] AMD Call Debit Spread rejected — required $2170.00 > buying_power $1500.00 × 100% = $1500.00
2026-08-12 10:12:41,437 INFO [repair] AMD Call Debit Spread — capital gate failed; injecting 10 variant(s) for full gate re-evaluation
2026-08-12 10:12:41,437 INFO [gate:capital] AMD Bear Combo rejected — required $6190.00 > buying_power $1500.00 × 100% = $1500.00
2026-08-12 10:12:41,437 INFO [gate:capital] AMD Diagonal Spread rejected — required $4020.00 > buying_power $1500.00 × 100% = $1500.00
2026-08-12 10:12:41,437 INFO [gate:capital] AMD Short Strangle rejected — required $6485.00 > buying_power $1500.00 × 100% = $1500.00
2026-08-12 10:12:41,437 INFO [gate:capital] AMD Short Strangle rejected — required $5890.00 > buying_power $1500.00 × 100% = $1500.00
2026-08-12 10:12:41,437 INFO [gate:capital] AMD Short Strangle rejected — required $5290.00 > buying_power $1500.00 × 100% = $1500.00
2026-08-12 10:12:41,437 INFO [gate:capital] AMD Short Strangle rejected — required $4700.00 > buying_power $1500.00 × 100% = $1500.00
2026-08-12 10:12:41,437 INFO [gate:capital] AMD Short Strangle rejected — required $4102.50 > buying_power $1500.00 × 100% = $1500.00
2026-08-12 10:12:41,447 INFO [gate:capital] AMD Short Strangle rejected — required $9220.00 > buying_power $1500.00 × 100% = $1500.00
2026-08-12 10:12:41,449 INFO [gate:capital] AMD Short Strangle rejected — required $8525.00 > buying_power $1500.00 × 100% = $1500.00
2026-08-12 10:12:41,449 INFO [gate:capital] AMD Call Debit Spread rejected — required $2025.00 > buying_power $1500.00 × 100% = $1500.00
2026-08-12 10:12:41,449 INFO [gate:capital] AMD Call Debit Spread rejected — required $1695.00 > buying_power $1500.00 × 100% = $1500.00
2026-08-12 10:12:41,503 INFO [repair] AMD Iron Butterfly — roi gate failed; injecting 11 variant(s) for full gate re-evaluation
2026-08-12 10:12:41,503 INFO [gate:capital] AMD Short Strangle rejected — required $7695.00 > buying_power $1500.00 × 100% = $1500.00
2026-08-12 10:12:41,517 INFO [repair] AMD Short Strangle — capital gate failed; injecting 5 variant(s) for full gate re-evaluation
2026-08-12 10:12:41,527 INFO [repair] AMD Short Straddle — roi gate failed; injecting 5 variant(s) for full gate re-evaluation
2026-08-12 10:12:41,527 INFO [gate:capital] AMD Bear Combo rejected — required $3081.00 > buying_power $1500.00 × 100% = $1500.00
2026-08-12 10:12:41,537 INFO [gate:capital] AMD Diagonal Spread rejected — required $3395.00 > buying_power $1500.00 × 100% = $1500.00
2026-08-12 10:12:41,537 INFO [gate:capital] AMD Short Strangle rejected — required $7090.00 > buying_power $1500.00 × 100% = $1500.00
2026-08-12 10:12:41,537 INFO [gate:capital] AMD Short Strangle rejected — required $6500.00 > buying_power $1500.00 × 100% = $1500.00
2026-08-12 10:12:41,537 INFO [gate:capital] AMD Short Strangle rejected — required $5900.00 > buying_power $1500.00 × 100% = $1500.00
2026-08-12 10:12:41,537 INFO [gate:capital] AMD Short Strangle rejected — required $5330.00 > buying_power $1500.00 × 100% = $1500.00
2026-08-12 10:12:41,537 INFO [gate:capital] AMD Short Strangle rejected — required $4787.00 > buying_power $1500.00 × 100% = $1500.00
2026-08-12 10:12:41,537 INFO [gate:capital] AVGO Call Debit Spread rejected — required $1820.00 > buying_power $1500.00 × 100% = $1500.00
2026-08-12 10:12:41,559 INFO [repair] AVGO Call Debit Spread — capital gate failed; injecting 8 variant(s) for full gate re-evaluation
2026-08-12 10:12:41,563 INFO [gate:capital] AVGO Diagonal Spread rejected — required $1985.00 > buying_power $1500.00 × 100% = $1500.00
2026-08-12 10:12:41,565 INFO [gate:capital] AVGO Call Debit Spread rejected — required $1510.00 > buying_power $1500.00 × 100% = $1500.00
2026-08-12 10:12:41,570 INFO [gate:capital] MSFT Call Debit Spread rejected — required $1983.00 > buying_power $1500.00 × 100% = $1500.00
2026-08-12 10:12:41,582 INFO [repair] MSFT Call Debit Spread — capital gate failed; injecting 7 variant(s) for full gate re-evaluation
2026-08-12 10:12:41,587 INFO [gate:capital] MSFT Call Debit Spread rejected — required $1528.00 > buying_power $1500.00 × 100% = $1500.00
2026-08-12 10:12:41,617 INFO [gate:capital] KLAC Short Straddle rejected — required $4963.40 > buying_power $1500.00 × 100% = $1500.00
2026-08-12 10:12:41,627 INFO [repair] KLAC Short Straddle — capital gate failed; injecting 5 variant(s) for full gate re-evaluation
2026-08-12 10:12:41,627 INFO [gate:capital] KLAC Bear Combo rejected — required $1780.00 > buying_power $1500.00 × 100% = $1500.00
2026-08-12 10:12:41,720 INFO [repair] MU Cash Secured Put — roi gate failed; injecting 76 variant(s) for full gate re-evaluation
2026-08-12 10:12:41,721 INFO [gate:capital] MU Iron Condor rejected — required $4285.00 > buying_power $1500.00 × 100% = $1500.00
2026-08-12 10:12:41,727 INFO [gate:capital] MU Iron Butterfly rejected — required $4985.00 > buying_power $1500.00 × 100% = $1500.00
2026-08-12 10:12:41,787 INFO [repair] MU Iron Butterfly — capital gate failed; injecting 19 variant(s) for full gate re-evaluation
2026-08-12 10:12:41,787 INFO [gate:capital] MU Short Strangle rejected — required $13584.50 > buying_power $1500.00 × 100% = $1500.00
2026-08-12 10:12:41,815 INFO [repair] MU Short Strangle — capital gate failed; injecting 5 variant(s) for full gate re-evaluation
2026-08-12 10:12:41,817 INFO [gate:capital] MU Short Straddle rejected — required $23689.50 > buying_power $1500.00 × 100% = $1500.00
2026-08-12 10:12:41,830 INFO [repair] MU Short Straddle — capital gate failed; injecting 5 variant(s) for full gate re-evaluation
2026-08-12 10:12:41,832 INFO [gate:capital] MU Call Debit Spread rejected — required $4655.00 > buying_power $1500.00 × 100% = $1500.00
2026-08-12 10:12:41,869 INFO [repair] MU Call Debit Spread — capital gate failed; injecting 22 variant(s) for full gate re-evaluation
2026-08-12 10:12:41,869 INFO [gate:capital] MU Put Debit Spread rejected — required $4190.00 > buying_power $1500.00 × 100% = $1500.00
2026-08-12 10:12:41,897 INFO [repair] MU Put Debit Spread — capital gate failed; injecting 16 variant(s) for full gate re-evaluation
2026-08-12 10:12:41,897 INFO [gate:capital] MU Bear Combo rejected — required $10810.00 > buying_power $1500.00 × 100% = $1500.00
2026-08-12 10:12:41,908 INFO [gate:capital] MU Iron Butterfly rejected — required $4785.00 > buying_power $1500.00 × 100% = $1500.00
2026-08-12 10:12:41,908 INFO [gate:capital] MU Iron Butterfly rejected — required $4465.00 > buying_power $1500.00 × 100% = $1500.00
2026-08-12 10:12:41,909 INFO [gate:capital] MU Iron Butterfly rejected — required $4120.00 > buying_power $1500.00 × 100% = $1500.00
2026-08-12 10:12:41,913 INFO [gate:capital] MU Iron Butterfly rejected — required $3935.00 > buying_power $1500.00 × 100% = $1500.00
2026-08-12 10:12:41,916 INFO [gate:capital] MU Iron Butterfly rejected — required $3745.00 > buying_power $1500.00 × 100% = $1500.00
2026-08-12 10:12:41,917 INFO [gate:capital] MU Iron Butterfly rejected — required $3485.00 > buying_power $1500.00 × 100% = $1500.00
2026-08-12 10:12:41,918 INFO [gate:capital] MU Iron Butterfly rejected — required $3260.00 > buying_power $1500.00 × 100% = $1500.00
2026-08-12 10:12:41,920 INFO [gate:capital] MU Iron Butterfly rejected — required $3125.00 > buying_power $1500.00 × 100% = $1500.00
2026-08-12 10:12:41,921 INFO [gate:capital] MU Iron Butterfly rejected — required $2875.00 > buying_power $1500.00 × 100% = $1500.00
2026-08-12 10:12:41,922 INFO [gate:capital] MU Iron Butterfly rejected — required $2635.00 > buying_power $1500.00 × 100% = $1500.00
2026-08-12 10:12:41,926 INFO [gate:capital] MU Iron Butterfly rejected — required $2590.00 > buying_power $1500.00 × 100% = $1500.00
2026-08-12 10:12:41,927 INFO [gate:capital] MU Iron Butterfly rejected — required $2380.00 > buying_power $1500.00 × 100% = $1500.00
2026-08-12 10:12:41,928 INFO [gate:capital] MU Iron Butterfly rejected — required $2360.00 > buying_power $1500.00 × 100% = $1500.00
2026-08-12 10:12:41,929 INFO [gate:capital] MU Iron Butterfly rejected — required $2045.00 > buying_power $1500.00 × 100% = $1500.00
2026-08-12 10:12:41,930 INFO [gate:capital] MU Iron Butterfly rejected — required $1970.00 > buying_power $1500.00 × 100% = $1500.00
2026-08-12 10:12:41,931 INFO [gate:capital] MU Iron Butterfly rejected — required $1675.00 > buying_power $1500.00 × 100% = $1500.00
2026-08-12 10:12:41,932 INFO [gate:capital] MU Iron Butterfly rejected — required $1805.00 > buying_power $1500.00 × 100% = $1500.00
2026-08-12 10:12:41,933 INFO [gate:capital] MU Iron Butterfly rejected — required $2000.00 > buying_power $1500.00 × 100% = $1500.00
2026-08-12 10:12:41,934 INFO [gate:capital] MU Iron Butterfly rejected — required $1645.00 > buying_power $1500.00 × 100% = $1500.00
2026-08-12 10:12:41,934 INFO [gate:capital] MU Short Strangle rejected — required $12934.50 > buying_power $1500.00 × 100% = $1500.00
2026-08-12 10:12:41,935 INFO [gate:capital] MU Short Strangle rejected — required $12284.50 > buying_power $1500.00 × 100% = $1500.00
2026-08-12 10:12:41,936 INFO [gate:capital] MU Short Strangle rejected — required $11662.00 > buying_power $1500.00 × 100% = $1500.00
2026-08-12 10:12:41,936 INFO [gate:capital] MU Short Strangle rejected — required $11134.50 > buying_power $1500.00 × 100% = $1500.00
2026-08-12 10:12:41,937 INFO [gate:capital] MU Short Strangle rejected — required $10482.00 > buying_power $1500.00 × 100% = $1500.00
2026-08-12 10:12:41,938 INFO [gate:capital] MU Call Debit Spread rejected — required $4505.00 > buying_power $1500.00 × 100% = $1500.00
2026-08-12 10:12:41,942 INFO [gate:capital] MU Call Debit Spread rejected — required $4120.00 > buying_power $1500.00 × 100% = $1500.00
2026-08-12 10:12:41,942 INFO [gate:capital] MU Call Debit Spread rejected — required $3930.00 > buying_power $1500.00 × 100% = $1500.00
2026-08-12 10:12:41,943 INFO [gate:capital] MU Call Debit Spread rejected — required $3545.00 > buying_power $1500.00 × 100% = $1500.00
2026-08-12 10:12:41,943 INFO [gate:capital] MU Call Debit Spread rejected — required $3445.00 > buying_power $1500.00 × 100% = $1500.00
2026-08-12 10:12:41,943 INFO [gate:capital] MU Call Debit Spread rejected — required $3190.00 > buying_power $1500.00 × 100% = $1500.00
2026-08-12 10:12:41,943 INFO [gate:capital] MU Call Debit Spread rejected — required $2965.00 > buying_power $1500.00 × 100% = $1500.00
2026-08-12 10:12:41,943 INFO [gate:capital] MU Call Debit Spread rejected — required $2705.00 > buying_power $1500.00 × 100% = $1500.00
2026-08-12 10:12:41,943 INFO [gate:capital] MU Call Debit Spread rejected — required $2445.00 > buying_power $1500.00 × 100% = $1500.00
2026-08-12 10:12:41,947 INFO [gate:capital] MU Call Debit Spread rejected — required $2205.00 > buying_power $1500.00 × 100% = $1500.00
2026-08-12 10:12:41,947 INFO [gate:capital] MU Call Debit Spread rejected — required $2050.00 > buying_power $1500.00 × 100% = $1500.00
2026-08-12 10:12:41,947 INFO [gate:capital] MU Call Debit Spread rejected — required $2120.00 > buying_power $1500.00 × 100% = $1500.00
2026-08-12 10:12:41,947 INFO [gate:capital] MU Call Debit Spread rejected — required $1660.00 > buying_power $1500.00 × 100% = $1500.00
2026-08-12 10:12:41,947 INFO [gate:capital] MU Put Debit Spread rejected — required $3710.00 > buying_power $1500.00 × 100% = $1500.00
2026-08-12 10:12:41,947 INFO [gate:capital] MU Put Debit Spread rejected — required $3405.00 > buying_power $1500.00 × 100% = $1500.00
2026-08-12 10:12:41,947 INFO [gate:capital] MU Put Debit Spread rejected — required $3110.00 > buying_power $1500.00 × 100% = $1500.00
2026-08-12 10:12:41,947 INFO [gate:capital] MU Put Debit Spread rejected — required $2765.00 > buying_power $1500.00 × 100% = $1500.00
2026-08-12 10:12:41,947 INFO [gate:capital] MU Put Debit Spread rejected — required $2550.00 > buying_power $1500.00 × 100% = $1500.00
2026-08-12 10:12:41,947 INFO [gate:capital] MU Put Debit Spread rejected — required $2315.00 > buying_power $1500.00 × 100% = $1500.00
2026-08-12 10:12:41,955 INFO [gate:capital] MU Put Debit Spread rejected — required $2015.00 > buying_power $1500.00 × 100% = $1500.00
2026-08-12 10:12:41,957 INFO [gate:capital] MU Put Debit Spread rejected — required $1795.00 > buying_power $1500.00 × 100% = $1500.00
2026-08-12 10:12:41,957 INFO [gate:capital] MU Put Debit Spread rejected — required $1560.00 > buying_power $1500.00 × 100% = $1500.00
2026-08-12 10:12:41,967 INFO [repair] MU Short Straddle — roi gate failed; injecting 5 variant(s) for full gate re-evaluation
2026-08-12 10:12:41,967 INFO [gate:capital] MU Call Debit Spread rejected — required $2545.00 > buying_power $1500.00 × 100% = $1500.00
2026-08-12 10:12:42,002 INFO [repair] MU Call Debit Spread — capital gate failed; injecting 14 variant(s) for full gate re-evaluation
2026-08-12 10:12:42,002 INFO [gate:capital] MU Bear Combo rejected — required $7775.00 > buying_power $1500.00 × 100% = $1500.00
2026-08-12 10:12:42,012 INFO [gate:capital] MU Call Debit Spread rejected — required $2345.00 > buying_power $1500.00 × 100% = $1500.00
2026-08-12 10:12:42,013 INFO [gate:capital] MU Call Debit Spread rejected — required $2065.00 > buying_power $1500.00 × 100% = $1500.00
2026-08-12 10:12:42,016 INFO [gate:capital] MU Call Debit Spread rejected — required $1845.00 > buying_power $1500.00 × 100% = $1500.00
2026-08-12 10:12:42,016 INFO [gate:capital] MU Call Debit Spread rejected — required $1610.00 > buying_power $1500.00 × 100% = $1500.00
2026-08-12 10:12:42,031 INFO [repair] QCOM Short Strangle — roi gate failed; injecting 5 variant(s) for full gate re-evaluation
2026-08-12 10:12:42,032 INFO [gate:capital] QCOM Short Straddle rejected — required $3846.60 > buying_power $1500.00 × 100% = $1500.00
2026-08-12 10:12:42,043 INFO [repair] QCOM Short Straddle — capital gate failed; injecting 5 variant(s) for full gate re-evaluation
2026-08-12 10:12:42,057 INFO [repair] QCOM Cash Secured Put — roi gate failed; injecting 6 variant(s) for full gate re-evaluation
2026-08-12 10:12:42,067 INFO [repair] QCOM Iron Butterfly — roi gate failed; injecting 2 variant(s) for full gate re-evaluation
2026-08-12 10:12:42,082 INFO [repair] QCOM Short Strangle — roi gate failed; injecting 5 variant(s) for full gate re-evaluation
2026-08-12 10:12:42,097 INFO [repair] QCOM Short Straddle — roi gate failed; injecting 5 variant(s) for full gate re-evaluation
2026-08-12 10:12:42,127 INFO [repair] INTC Cash Secured Put — roi gate failed; injecting 23 variant(s) for full gate re-evaluation
2026-08-12 10:12:42,127 INFO [gate:capital] INTC Short Straddle rejected — required $2614.10 > buying_power $1500.00 × 100% = $1500.00
2026-08-12 10:12:42,142 INFO [repair] INTC Short Straddle — capital gate failed; injecting 5 variant(s) for full gate re-evaluation
2026-08-12 10:12:42,142 INFO [gate:capital] INTC Short Strangle rejected — required $2041.10 > buying_power $1500.00 × 100% = $1500.00
2026-08-12 10:12:42,175 INFO [repair] INTC Cash Secured Put — roi gate failed; injecting 22 variant(s) for full gate re-evaluation
2026-08-12 10:12:42,175 INFO [gate:capital] INTC Short Strangle rejected — required $1530.10 > buying_power $1500.00 × 100% = $1500.00
2026-08-12 10:12:42,189 INFO [repair] INTC Short Strangle — capital gate failed; injecting 5 variant(s) for full gate re-evaluation
2026-08-12 10:12:42,198 INFO [repair] INTC Short Straddle — roi gate failed; injecting 5 variant(s) for full gate re-evaluation
2026-08-12 10:12:42,207 INFO [gate:capital] INTC Short Strangle rejected — required $1861.60 > buying_power $1500.00 × 100% = $1500.00
2026-08-12 10:12:42,232 INFO [repair] LRCX Cash Secured Put — roi gate failed; injecting 11 variant(s) for full gate re-evaluation
2026-08-12 10:12:42,257 INFO [repair] LRCX Iron Butterfly — roi gate failed; injecting 5 variant(s) for full gate re-evaluation
2026-08-12 10:12:42,258 INFO [gate:capital] LRCX Short Strangle rejected — required $4517.10 > buying_power $1500.00 × 100% = $1500.00
2026-08-12 10:12:42,272 INFO [repair] LRCX Short Strangle — capital gate failed; injecting 5 variant(s) for full gate re-evaluation
2026-08-12 10:12:42,287 INFO [repair] LRCX Short Straddle — roi gate failed; injecting 5 variant(s) for full gate re-evaluation
2026-08-12 10:12:42,287 INFO [gate:capital] LRCX Bear Combo rejected — required $4114.00 > buying_power $1500.00 × 100% = $1500.00
2026-08-12 10:12:42,287 INFO [gate:capital] LRCX Short Strangle rejected — required $3924.60 > buying_power $1500.00 × 100% = $1500.00
2026-08-12 10:12:42,287 INFO [gate:capital] LRCX Short Strangle rejected — required $3284.60 > buying_power $1500.00 × 100% = $1500.00
2026-08-12 10:12:42,287 INFO [gate:capital] LRCX Short Strangle rejected — required $2704.60 > buying_power $1500.00 × 100% = $1500.00
2026-08-12 10:12:42,287 INFO [gate:capital] LRCX Short Strangle rejected — required $2149.60 > buying_power $1500.00 × 100% = $1500.00
2026-08-12 10:12:42,287 INFO [gate:capital] LRCX Short Strangle rejected — required $1619.60 > buying_power $1500.00 × 100% = $1500.00
2026-08-12 10:12:42,297 INFO [gate:capital] LRCX Short Strangle rejected — required $4517.10 > buying_power $1500.00 × 100% = $1500.00
2026-08-12 10:12:42,307 INFO [repair] LRCX Put Credit Spread — roi gate failed; injecting 3 variant(s) for full gate re-evaluation
2026-08-12 10:12:42,331 INFO [repair] LRCX Cash Secured Put — roi gate failed; injecting 17 variant(s) for full gate re-evaluation
2026-08-12 10:12:42,343 INFO [repair] LRCX Iron Condor — roi gate failed; injecting 3 variant(s) for full gate re-evaluation
2026-08-12 10:12:42,367 INFO [repair] LRCX Iron Butterfly — roi gate failed; injecting 7 variant(s) for full gate re-evaluation
2026-08-12 10:12:42,377 INFO [repair] LRCX Short Strangle — roi gate failed; injecting 5 variant(s) for full gate re-evaluation
2026-08-12 10:12:42,387 INFO [repair] LRCX Short Straddle — roi gate failed; injecting 5 variant(s) for full gate re-evaluation
2026-08-12 10:12:42,387 INFO [gate:capital] LRCX Bear Combo rejected — required $1735.00 > buying_power $1500.00 × 100% = $1500.00
2026-08-12 10:12:42,397 INFO [gate:capital] CDNS Diagonal Spread rejected — required $1540.00 > buying_power $1500.00 × 100% = $1500.00
2026-08-12 10:12:42,397 INFO [gate:capital] ASML Call Debit Spread rejected — required $4150.00 > buying_power $1500.00 × 100% = $1500.00
2026-08-12 10:12:42,421 INFO [repair] ASML Call Debit Spread — capital gate failed; injecting 12 variant(s) for full gate re-evaluation
2026-08-12 10:12:42,424 INFO [gate:capital] ASML Call Debit Spread rejected — required $3810.00 > buying_power $1500.00 × 100% = $1500.00
2026-08-12 10:12:42,425 INFO [gate:capital] ASML Call Debit Spread rejected — required $3720.00 > buying_power $1500.00 × 100% = $1500.00
2026-08-12 10:12:42,425 INFO [gate:capital] ASML Call Debit Spread rejected — required $3340.00 > buying_power $1500.00 × 100% = $1500.00
2026-08-12 10:12:42,428 INFO [gate:capital] ASML Call Debit Spread rejected — required $3110.00 > buying_power $1500.00 × 100% = $1500.00
2026-08-12 10:12:42,429 INFO [gate:capital] ASML Call Debit Spread rejected — required $2870.00 > buying_power $1500.00 × 100% = $1500.00
2026-08-12 10:12:42,430 INFO [gate:capital] ASML Call Debit Spread rejected — required $2560.00 > buying_power $1500.00 × 100% = $1500.00
2026-08-12 10:12:42,431 INFO [gate:capital] ASML Call Debit Spread rejected — required $2340.00 > buying_power $1500.00 × 100% = $1500.00
2026-08-12 10:12:42,431 INFO [gate:capital] ASML Call Debit Spread rejected — required $2100.00 > buying_power $1500.00 × 100% = $1500.00
2026-08-12 10:12:42,432 INFO [gate:capital] SNOW Put Credit Spread rejected — required $1740.00 > buying_power $1500.00 × 100% = $1500.00
2026-08-12 10:12:42,447 INFO [repair] SNOW Cash Secured Put — roi gate failed; injecting 13 variant(s) for full gate re-evaluation
2026-08-12 10:12:42,457 INFO [repair] SNOW Iron Butterfly — roi gate failed; injecting 4 variant(s) for full gate re-evaluation
2026-08-12 10:12:42,467 INFO [repair] SNOW Short Straddle — roi gate failed; injecting 5 variant(s) for full gate re-evaluation
2026-08-12 10:12:42,497 INFO [repair] MDB Cash Secured Put — roi gate failed; injecting 17 variant(s) for full gate re-evaluation
2026-08-12 10:12:42,522 INFO [repair] MDB Cash Secured Put — roi gate failed; injecting 7 variant(s) for full gate re-evaluation
2026-08-12 10:12:42,523 INFO [gate:capital] MDB Bear Combo rejected — required $2192.00 > buying_power $1500.00 × 100% = $1500.00
2026-08-12 10:12:42,567 INFO [repair] PLTR Cash Secured Put — roi gate failed; injecting 47 variant(s) for full gate re-evaluation
2026-08-12 10:12:42,567 INFO [gate:capital] PLTR Short Strangle rejected — required $2674.00 > buying_power $1500.00 × 100% = $1500.00
2026-08-12 10:12:42,587 INFO [repair] PLTR Short Strangle — capital gate failed; injecting 5 variant(s) for full gate re-evaluation
2026-08-12 10:12:42,587 INFO [gate:capital] PLTR Short Straddle rejected — required $4057.00 > buying_power $1500.00 × 100% = $1500.00
2026-08-12 10:12:42,597 INFO [repair] PLTR Short Straddle — capital gate failed; injecting 5 variant(s) for full gate re-evaluation
2026-08-12 10:12:42,597 INFO [gate:capital] PLTR Short Strangle rejected — required $2362.00 > buying_power $1500.00 × 100% = $1500.00
2026-08-12 10:12:42,597 INFO [gate:capital] PLTR Short Strangle rejected — required $2055.00 > buying_power $1500.00 × 100% = $1500.00
2026-08-12 10:12:42,597 INFO [gate:capital] PLTR Short Strangle rejected — required $2698.00 > buying_power $1500.00 × 100% = $1500.00
2026-08-12 10:12:42,607 INFO [gate:capital] PLTR Short Strangle rejected — required $2394.50 > buying_power $1500.00 × 100% = $1500.00
2026-08-12 10:12:42,609 INFO [gate:capital] PLTR Short Straddle rejected — required $3914.50 > buying_power $1500.00 × 100% = $1500.00
2026-08-12 10:12:42,624 INFO [repair] PLTR Short Straddle — capital gate failed; injecting 5 variant(s) for full gate re-evaluation
2026-08-12 10:12:42,652 INFO [repair] ORCL Cash Secured Put — roi gate failed; injecting 23 variant(s) for full gate re-evaluation
2026-08-12 10:12:42,657 INFO [gate:capital] ORCL Short Strangle rejected — required $2337.70 > buying_power $1500.00 × 100% = $1500.00
2026-08-12 10:12:42,667 INFO [repair] ORCL Short Strangle — capital gate failed; injecting 5 variant(s) for full gate re-evaluation
2026-08-12 10:12:42,667 INFO [gate:capital] ORCL Short Straddle rejected — required $3714.20 > buying_power $1500.00 × 100% = $1500.00
2026-08-12 10:12:42,677 INFO [repair] ORCL Short Straddle — capital gate failed; injecting 5 variant(s) for full gate re-evaluation
2026-08-12 10:12:42,677 INFO [gate:capital] ORCL Short Strangle rejected — required $2203.70 > buying_power $1500.00 × 100% = $1500.00
2026-08-12 10:12:42,677 INFO [gate:capital] ORCL Short Strangle rejected — required $2071.20 > buying_power $1500.00 × 100% = $1500.00
2026-08-12 10:12:42,688 INFO [gate:capital] ORCL Short Strangle rejected — required $1930.70 > buying_power $1500.00 × 100% = $1500.00
2026-08-12 10:12:42,688 INFO [gate:capital] ORCL Short Strangle rejected — required $1797.20 > buying_power $1500.00 × 100% = $1500.00
2026-08-12 10:12:42,688 INFO [gate:capital] ORCL Short Strangle rejected — required $1675.70 > buying_power $1500.00 × 100% = $1500.00
2026-08-12 10:12:42,688 INFO [gate:capital] ORCL Short Straddle rejected — required $3534.20 > buying_power $1500.00 × 100% = $1500.00
2026-08-12 10:12:42,707 INFO [repair] ORCL Short Straddle — capital gate failed; injecting 5 variant(s) for full gate re-evaluation
2026-08-12 10:12:42,713 INFO [gate:capital] ORCL Short Strangle rejected — required $2258.20 > buying_power $1500.00 × 100% = $1500.00
2026-08-12 10:12:42,730 INFO [repair] NOW Cash Secured Put — roi gate failed; injecting 19 variant(s) for full gate re-evaluation
2026-08-12 10:12:42,737 INFO [repair] NOW Call Credit Spread — roi gate failed; injecting 2 variant(s) for full gate re-evaluation
2026-08-12 10:12:42,766 INFO [repair] NOW Iron Butterfly — roi gate failed; injecting 6 variant(s) for full gate re-evaluation
2026-08-12 10:12:42,767 INFO [gate:capital] NOW Short Strangle rejected — required $1909.10 > buying_power $1500.00 × 100% = $1500.00
2026-08-12 10:12:42,778 INFO [repair] NOW Short Strangle — capital gate failed; injecting 4 variant(s) for full gate re-evaluation
2026-08-12 10:12:42,787 INFO [repair] NOW Short Straddle — roi gate failed; injecting 5 variant(s) for full gate re-evaluation
2026-08-12 10:12:42,787 INFO [gate:capital] NOW Bear Combo rejected — required $1589.00 > buying_power $1500.00 × 100% = $1500.00
2026-08-12 10:12:42,787 INFO [gate:capital] NOW Short Strangle rejected — required $1757.10 > buying_power $1500.00 × 100% = $1500.00
2026-08-12 10:12:42,787 INFO [gate:capital] NOW Short Strangle rejected — required $1628.10 > buying_power $1500.00 × 100% = $1500.00
2026-08-12 10:12:42,813 INFO [repair] NET Cash Secured Put — roi gate failed; injecting 9 variant(s) for full gate re-evaluation
2026-08-12 10:12:42,827 INFO [repair] NET Short Straddle — roi gate failed; injecting 5 variant(s) for full gate re-evaluation
2026-08-12 10:12:42,866 INFO [gate:capital] MELI Call Debit Spread rejected — required $5430.00 > buying_power $1500.00 × 100% = $1500.00
2026-08-12 10:12:42,892 INFO [repair] MELI Call Debit Spread — capital gate failed; injecting 14 variant(s) for full gate re-evaluation
2026-08-12 10:12:42,892 INFO [gate:capital] MELI Diagonal Spread rejected — required $7310.00 > buying_power $1500.00 × 100% = $1500.00
2026-08-12 10:12:42,893 INFO [gate:capital] MELI Call Debit Spread rejected — required $5570.00 > buying_power $1500.00 × 100% = $1500.00
2026-08-12 10:12:42,893 INFO [gate:capital] MELI Call Debit Spread rejected — required $5280.00 > buying_power $1500.00 × 100% = $1500.00
2026-08-12 10:12:42,894 INFO [gate:capital] MELI Call Debit Spread rejected — required $4710.00 > buying_power $1500.00 × 100% = $1500.00
2026-08-12 10:12:42,894 INFO [gate:capital] MELI Call Debit Spread rejected — required $4340.00 > buying_power $1500.00 × 100% = $1500.00
2026-08-12 10:12:42,894 INFO [gate:capital] MELI Call Debit Spread rejected — required $4510.00 > buying_power $1500.00 × 100% = $1500.00
2026-08-12 10:12:42,897 INFO [gate:capital] MELI Call Debit Spread rejected — required $3300.00 > buying_power $1500.00 × 100% = $1500.00
2026-08-12 10:12:42,897 INFO [gate:capital] MELI Call Debit Spread rejected — required $3340.00 > buying_power $1500.00 × 100% = $1500.00
2026-08-12 10:12:42,913 INFO [repair] APP Cash Secured Put — roi gate failed; injecting 5 variant(s) for full gate re-evaluation
2026-08-12 10:12:42,917 INFO [gate:capital] APP Short Strangle rejected — required $4960.20 > buying_power $1500.00 × 100% = $1500.00
2026-08-12 10:12:42,927 INFO [repair] APP Short Strangle — capital gate failed; injecting 5 variant(s) for full gate re-evaluation
2026-08-12 10:12:42,927 INFO [gate:capital] APP Short Straddle rejected — required $7681.20 > buying_power $1500.00 × 100% = $1500.00
2026-08-12 10:12:42,937 INFO [repair] APP Short Straddle — capital gate failed; injecting 5 variant(s) for full gate re-evaluation
2026-08-12 10:12:42,937 INFO [gate:capital] APP Bear Combo rejected — required $1910.00 > buying_power $1500.00 × 100% = $1500.00
2026-08-12 10:12:42,947 INFO [gate:capital] APP Short Strangle rejected — required $4295.20 > buying_power $1500.00 × 100% = $1500.00
2026-08-12 10:12:42,947 INFO [gate:capital] APP Short Strangle rejected — required $3720.20 > buying_power $1500.00 × 100% = $1500.00
2026-08-12 10:12:42,947 INFO [gate:capital] APP Short Strangle rejected — required $3130.20 > buying_power $1500.00 × 100% = $1500.00
2026-08-12 10:12:42,947 INFO [gate:capital] APP Short Strangle rejected — required $2055.20 > buying_power $1500.00 × 100% = $1500.00
2026-08-12 10:12:42,947 INFO [gate:capital] APP Short Strangle rejected — required $6865.20 > buying_power $1500.00 × 100% = $1500.00
2026-08-12 10:12:42,947 INFO [gate:capital] APP Short Strangle rejected — required $6145.20 > buying_power $1500.00 × 100% = $1500.00
2026-08-12 10:12:42,947 INFO [gate:capital] APP Short Strangle rejected — required $5540.20 > buying_power $1500.00 × 100% = $1500.00
2026-08-12 10:12:42,947 INFO [gate:capital] APP Short Strangle rejected — required $4870.20 > buying_power $1500.00 × 100% = $1500.00
2026-08-12 10:12:42,958 INFO [gate:capital] APP Bear Combo rejected — required $1720.00 > buying_power $1500.00 × 100% = $1500.00
2026-08-12 10:12:42,965 INFO [gate:capital] APP Diagonal Spread rejected — required $2160.00 > buying_power $1500.00 × 100% = $1500.00
2026-08-12 10:12:43,007 INFO [repair] ABBV Iron Butterfly — roi gate failed; injecting 1 variant(s) for full gate re-evaluation
2026-08-12 10:12:43,017 INFO [repair] ABBV Short Strangle — roi gate failed; injecting 1 variant(s) for full gate re-evaluation
2026-08-12 10:12:43,027 INFO [repair] ABBV Short Straddle — roi gate failed; injecting 3 variant(s) for full gate re-evaluation
2026-08-12 10:12:43,037 INFO [repair] ABBV Iron Butterfly — roi gate failed; injecting 1 variant(s) for full gate re-evaluation
2026-08-12 10:12:43,047 INFO [repair] ABBV Short Strangle — roi gate failed; injecting 4 variant(s) for full gate re-evaluation
2026-08-12 10:12:43,059 INFO [repair] ABBV Short Straddle — roi gate failed; injecting 5 variant(s) for full gate re-evaluation
2026-08-12 10:12:43,114 INFO [repair] XOM Iron Butterfly — roi gate failed; injecting 2 variant(s) for full gate re-evaluation
2026-08-12 10:12:43,127 INFO [repair] XOM Short Straddle — roi gate failed; injecting 5 variant(s) for full gate re-evaluation
2026-08-12 10:12:43,137 INFO [repair] XOM Cash Secured Put — roi gate failed; injecting 9 variant(s) for full gate re-evaluation
2026-08-12 10:12:43,147 INFO [repair] XOM Short Strangle — roi gate failed; injecting 5 variant(s) for full gate re-evaluation
2026-08-12 10:12:43,169 INFO [repair] VRT Cash Secured Put — roi gate failed; injecting 12 variant(s) for full gate re-evaluation
2026-08-12 10:12:43,186 INFO [repair] VRT Iron Butterfly — roi gate failed; injecting 4 variant(s) for full gate re-evaluation
2026-08-12 10:12:43,197 INFO [repair] VRT Short Strangle — roi gate failed; injecting 5 variant(s) for full gate re-evaluation
2026-08-12 10:12:43,207 INFO [repair] VRT Short Straddle — roi gate failed; injecting 5 variant(s) for full gate re-evaluation
2026-08-12 10:12:43,207 INFO [gate:capital] VRT Bear Combo rejected — required $2351.00 > buying_power $1500.00 × 100% = $1500.00
2026-08-12 10:12:43,227 INFO [repair] VRT Cash Secured Put — roi gate failed; injecting 14 variant(s) for full gate re-evaluation
2026-08-12 10:12:43,227 INFO [gate:capital] VRT Short Straddle rejected — required $7109.20 > buying_power $1500.00 × 100% = $1500.00
2026-08-12 10:12:43,247 INFO [repair] VRT Short Straddle — capital gate failed; injecting 5 variant(s) for full gate re-evaluation
2026-08-12 10:12:43,247 INFO [gate:capital] VRT Bear Combo rejected — required $2073.00 > buying_power $1500.00 × 100% = $1500.00
2026-08-12 10:12:43,275 INFO [repair] COP Cash Secured Put — roi gate failed; injecting 12 variant(s) for full gate re-evaluation
2026-08-12 10:12:43,294 INFO [repair] OXY Short Strangle — roi gate failed; injecting 3 variant(s) for full gate re-evaluation
2026-08-12 10:12:43,315 INFO [repair] OXY Short Strangle — roi gate failed; injecting 5 variant(s) for full gate re-evaluation
2026-08-12 10:12:43,327 INFO [repair] OXY Short Straddle — roi gate failed; injecting 5 variant(s) for full gate re-evaluation
2026-08-12 10:12:43,337 INFO [repair] CVX Cash Secured Put — roi gate failed; injecting 2 variant(s) for full gate re-evaluation
2026-08-12 10:12:43,347 INFO [repair] CVX Short Strangle — roi gate failed; injecting 2 variant(s) for full gate re-evaluation
2026-08-12 10:12:43,365 INFO [repair] CVX Cash Secured Put — roi gate failed; injecting 7 variant(s) for full gate re-evaluation
2026-08-12 10:12:43,377 INFO [repair] FCX Short Strangle — roi gate failed; injecting 5 variant(s) for full gate re-evaluation
2026-08-12 10:12:43,377 INFO [gate:capital] FCX Short Straddle rejected — required $1619.80 > buying_power $1500.00 × 100% = $1500.00
2026-08-12 10:12:43,387 INFO [repair] FCX Short Straddle — capital gate failed; injecting 5 variant(s) for full gate re-evaluation
2026-08-12 10:12:43,407 INFO [repair] FCX Cash Secured Put — roi gate failed; injecting 9 variant(s) for full gate re-evaluation
2026-08-12 10:12:43,417 INFO [repair] FCX Short Strangle — roi gate failed; injecting 5 variant(s) for full gate re-evaluation
2026-08-12 10:12:43,429 INFO [repair] FCX Short Straddle — roi gate failed; injecting 5 variant(s) for full gate re-evaluation
2026-08-12 10:12:43,437 INFO [repair] AMT Short Strangle — roi gate failed; injecting 1 variant(s) for full gate re-evaluation
2026-08-12 10:12:43,447 INFO [repair] AMT Short Straddle — roi gate failed; injecting 2 variant(s) for full gate re-evaluation
2026-08-12 10:12:43,458 INFO [repair] AMT Short Strangle — roi gate failed; injecting 1 variant(s) for full gate re-evaluation
2026-08-12 10:12:43,466 INFO [repair] AMT Short Straddle — roi gate failed; injecting 2 variant(s) for full gate re-evaluation
2026-08-12 10:12:43,527 INFO [filter] 2030 rejected, 172 survived — gate breakdown: {'strikes_incomplete': 341, 'expected_roi': 796, 'min_profit': 335, 'capital_feasibility': 159, 'reward_risk': 105, 'no_ev_or_pop': 77, 'iv_edge': 83, 'ml_confidence': 75, 'liquidity': 59}
2026-08-12 10:12:43,527 INFO [filter] strikes_incomplete by structure: {'Jade Lizard': 51, 'Iron Condor': 40, 'Put Credit Spread': 36, 'Diagonal Spread': 36, 'Call Credit Spread': 31, 'Calendar Spread': 18, 'Iron Butterfly': 17, 'Put Debit Spread': 16, 'Short Straddle': 15, 'Bear Combo': 12, 'Short Strangle': 9, 'Call Debit Spread': 8, 'Risk Reversal': 8, 'Financed Long Put': 8, 'Ratio Put Backspread': 8, 'Long Strangle': 8, 'Cash Secured Put': 6, 'Financed Long Call': 6, 'Covered Call': 4, 'Ratio Call Backspread': 4}
2026-08-12 10:13:01,167 INFO [risk] Skip NVDA — already have 4 open position(s)
2026-08-12 10:13:07,854 INFO [risk] Skip QCOM — already have 3 open position(s)
2026-08-12 10:13:32,357 INFO [risk] Skip WMT — already have 4 open position(s)
2026-08-12 10:13:46,447 INFO [risk] Skip IWM — already have 3 open position(s)
2026-08-12 10:13:46,447 INFO [risk] Skip XLE — already have 3 open position(s)
2026-08-12 10:13:46,447 INFO [risk] Skip MRK — already have 3 open position(s)
2026-08-12 10:13:46,447 INFO [risk] Skip TGT — already have 5 open position(s)
2026-08-12 10:13:46,459 INFO [risk] Skip VZ — already have 2 open position(s)
2026-08-12 10:13:46,460 INFO Ranking: composite score (XGBRanker not trained)
2026-08-12 10:13:46,507 INFO [capital_rejected] 955 entries persisted to capital_rejected.jsonl
2026-08-12 10:13:48,120 INFO Paper trade #1: 20260812AM_TSM_CDS_1  credit=11.875  expiry=2026-09-04
2026-08-12 10:13:53,352 INFO Training snapshot written for paper trade 20260812AM_TSM_CDS_1
2026-08-12 10:13:53,677 WARNING [capital] Skipping VRT Call Debit Spread — needs $1250.00 but only $160.00 buying power available.
2026-08-12 10:13:54,027 WARNING [capital] Skipping LRCX Call Debit Spread — needs $1240.00 but only $160.00 buying power available.
2026-08-12 10:13:54,357 WARNING [capital] Skipping PLTR Put Debit Spread — needs $585.00 but only $160.00 buying power available.
2026-08-12 10:13:54,617 WARNING [capital] Skipping AMD Call Debit Spread — needs $1470.00 but only $160.00 buying power available.
2026-08-12 10:13:54,949 WARNING [capital] Skipping APP Call Debit Spread — needs $1000.00 but only $160.00 buying power available.
2026-08-12 10:13:55,267 WARNING [capital] Skipping META Call Debit Spread — needs $1225.00 but only $160.00 buying power available.
2026-08-12 10:13:55,530 WARNING [capital] Skipping INTC Call Debit Spread — needs $457.00 but only $160.00 buying power available.
2026-08-12 10:13:55,877 WARNING [capital] Skipping TSLA Call Debit Spread — needs $800.00 but only $160.00 buying power available.
2026-08-12 10:13:56,167 WARNING [capital] Skipping CVX Call Debit Spread — needs $218.00 but only $160.00 buying power available.
2026-08-12 10:13:56,457 WARNING [capital] Skipping AVGO Call Debit Spread — needs $1240.00 but only $160.00 buying power available.
2026-08-12 10:13:56,716 WARNING [capital] Skipping CRM Call Debit Spread — needs $720.00 but only $160.00 buying power available.
2026-08-12 10:13:57,177 WARNING [capital] Skipping QQQ Put Debit Spread — needs $854.00 but only $160.00 buying power available.
2026-08-12 10:13:57,543 WARNING [capital] Skipping MSFT Call Debit Spread — needs $1198.00 but only $160.00 buying power available.
2026-08-12 10:13:57,887 WARNING [capital] Skipping SPY Put Debit Spread — needs $465.00 but only $160.00 buying power available.
2026-08-13 10:00:15,886 WARNING [warmup] E*TRADE not authenticated — option chains will fall back to yfinance
2026-08-13 10:00:15,992 INFO ml_cache disk file is stale (331393s) — trying DuckDB
2026-08-13 10:00:17,181 INFO ml_cache loaded from DuckDB fallback: 83 tickers
2026-08-13 10:00:17,238 INFO [prefetch] step 1 — batch daily history for 102 tickers
2026-08-13 10:00:52,364 ERROR $TGT: possibly delisted; no price data found  (period=1y)
2026-08-13 10:01:04,270 ERROR 
1 Failed download:
2026-08-13 10:01:04,271 ERROR ['TGT']: possibly delisted; no price data found  (period=1y)
2026-08-13 10:01:04,667 INFO [prefetch] daily history done: 101 ok, 1 fail  (47.4s)
2026-08-13 10:01:04,668 INFO [prefetch] step 2 — batch weekly history for 101 tickers
2026-08-13 10:01:27,642 INFO [prefetch] weekly history done: 101 ok, 0 fail  (70.4s)
2026-08-13 10:01:27,642 INFO [prefetch] step 3+4 — expirations + chains for 101 tickers (serial)
2026-08-13 10:03:11,595 INFO [prefetch] done in 174s — hist 101/102, weekly 101/101, exps 101/101, chains 405 (fail 0)
2026-08-13 10:03:11,599 INFO [scan] cache ready — 708 total keys, 405 chain keys
2026-08-13 10:03:12,719 ERROR HTTP Error 404: {"quoteSummary":{"result":null,"error":{"code":"Not Found","description":"No fundamentals data found for symbol: TQQQ"}}}
2026-08-13 10:03:13,007 ERROR HTTP Error 404: {"quoteSummary":{"result":null,"error":{"code":"Not Found","description":"No fundamentals data found for symbol: TQQQ"}}}
2026-08-13 10:03:13,445 ERROR HTTP Error 404: {"quoteSummary":{"result":null,"error":{"code":"Not Found","description":"No fundamentals data found for symbol: SPY"}}}
2026-08-13 10:03:13,457 ERROR HTTP Error 404: {"quoteSummary":{"result":null,"error":{"code":"Not Found","description":"No fundamentals data found for symbol: QQQ"}}}
2026-08-13 10:03:13,885 ERROR HTTP Error 404: {"quoteSummary":{"result":null,"error":{"code":"Not Found","description":"No fundamentals data found for symbol: QQQ"}}}
2026-08-13 10:03:13,885 ERROR HTTP Error 404: {"quoteSummary":{"result":null,"error":{"code":"Not Found","description":"No fundamentals data found for symbol: SPY"}}}
2026-08-13 10:03:17,030 ERROR HTTP Error 401: {"finance":{"result":null,"error":{"code":"Unauthorized","description":"Invalid Crumb"}}}
2026-08-13 10:03:31,427 ERROR HTTP Error 404: {"quoteSummary":{"result":null,"error":{"code":"Not Found","description":"No fundamentals data found for symbol: QQQ"}}}
2026-08-13 10:03:32,041 ERROR HTTP Error 404: {"quoteSummary":{"result":null,"error":{"code":"Not Found","description":"No fundamentals data found for symbol: QQQ"}}}
2026-08-13 10:03:33,358 ERROR HTTP Error 404: {"quoteSummary":{"result":null,"error":{"code":"Not Found","description":"No fundamentals data found for symbol: SPY"}}}
2026-08-13 10:03:33,871 ERROR HTTP Error 404: {"quoteSummary":{"result":null,"error":{"code":"Not Found","description":"No fundamentals data found for symbol: SPY"}}}
2026-08-13 10:03:36,545 ERROR HTTP Error 404: {"quoteSummary":{"result":null,"error":{"code":"Not Found","description":"No fundamentals data found for symbol: TQQQ"}}}
2026-08-13 10:03:36,937 ERROR HTTP Error 404: {"quoteSummary":{"result":null,"error":{"code":"Not Found","description":"No fundamentals data found for symbol: TQQQ"}}}
2026-08-13 10:04:32,179 WARNING persist_feature_snapshot failed for TXN: IOException: IO Error: Cannot open file "C:\Project Y\data\ml_training.duckdb": The process cannot access the file because it is being used by another process.

File is already open in 
C:\Python312\python\python.exe (PID 9288)
2026-08-13 10:04:32,893 WARNING persist_feature_snapshot failed for SPY: ConnectionException: Connection Error: Can't open a connection to same database file with a different configuration than existing connections
2026-08-13 10:04:37,830 ERROR HTTP Error 401: {"finance":{"result":null,"error":{"code":"Unauthorized","description":"Invalid Crumb"}}}
2026-08-13 10:04:37,842 ERROR HTTP Error 401: {"finance":{"result":null,"error":{"code":"Unauthorized","description":"Invalid Crumb"}}}
2026-08-13 10:04:44,118 ERROR HTTP Error 401: {"finance":{"result":null,"error":{"code":"Unauthorized","description":"Invalid Crumb"}}}
2026-08-13 10:04:44,502 ERROR HTTP Error 401: {"finance":{"result":null,"error":{"code":"Unauthorized","description":"User is unable to access this feature - https://bit.ly/yahoo-finance-api-feedback"}}}
2026-08-13 10:05:27,196 ERROR HTTP Error 401: {"finance":{"result":null,"error":{"code":"Unauthorized","description":"Invalid Crumb"}}}
2026-08-13 10:05:27,196 ERROR HTTP Error 401: {"finance":{"result":null,"error":{"code":"Unauthorized","description":"Invalid Crumb"}}}
2026-08-13 10:05:32,342 WARNING persist_feature_snapshot failed for MDB: ConnectionException: Connection Error: Can't open a connection to same database file with a different configuration than existing connections
2026-08-13 10:06:07,251 ERROR HTTP Error 401: {"finance":{"result":null,"error":{"code":"Unauthorized","description":"Invalid Crumb"}}}
2026-08-13 10:06:07,273 ERROR HTTP Error 401: {"finance":{"result":null,"error":{"code":"Unauthorized","description":"Invalid Crumb"}}}
2026-08-13 10:06:44,686 WARNING persist_feature_snapshot failed for SPOT: IOException: IO Error: Cannot open file "C:\Project Y\data\ml_training.duckdb": The process cannot access the file because it is being used by another process.

File is already open in 
C:\Python312\python\python.exe (PID 9288)
2026-08-13 10:06:44,804 ERROR HTTP Error 401: {"finance":{"result":null,"error":{"code":"Unauthorized","description":"Invalid Crumb"}}}
2026-08-13 10:06:44,871 ERROR HTTP Error 401: {"finance":{"result":null,"error":{"code":"Unauthorized","description":"Invalid Crumb"}}}
2026-08-13 10:06:45,257 ERROR HTTP Error 401: {"finance":{"result":null,"error":{"code":"Unauthorized","description":"User is unable to access this feature - https://bit.ly/yahoo-finance-api-feedback"}}}
2026-08-13 10:06:46,799 ERROR HTTP Error 401: {"finance":{"result":null,"error":{"code":"Unauthorized","description":"Invalid Crumb"}}}
2026-08-13 10:06:46,801 ERROR HTTP Error 401: {"finance":{"result":null,"error":{"code":"Unauthorized","description":"Invalid Crumb"}}}
2026-08-13 10:06:47,201 ERROR HTTP Error 401: {"finance":{"result":null,"error":{"code":"Unauthorized","description":"User is unable to access this feature - https://bit.ly/yahoo-finance-api-feedback"}}}
2026-08-13 10:07:03,865 ERROR HTTP Error 401: {"finance":{"result":null,"error":{"code":"Unauthorized","description":"Invalid Crumb"}}}
2026-08-13 10:07:07,693 ERROR HTTP Error 401: {"finance":{"result":null,"error":{"code":"Unauthorized","description":"Invalid Crumb"}}}
2026-08-13 10:07:33,893 ERROR HTTP Error 401: {"finance":{"result":null,"error":{"code":"Unauthorized","description":"Invalid Crumb"}}}
2026-08-13 10:07:33,950 ERROR HTTP Error 401: {"finance":{"result":null,"error":{"code":"Unauthorized","description":"Invalid Crumb"}}}
2026-08-13 10:07:44,693 WARNING persist_feature_snapshot failed for LLY: ConnectionException: Connection Error: Can't open a connection to same database file with a different configuration than existing connections
2026-08-13 10:07:45,885 ERROR HTTP Error 401: {"finance":{"result":null,"error":{"code":"Unauthorized","description":"Invalid Crumb"}}}
2026-08-13 10:07:45,890 ERROR HTTP Error 401: {"finance":{"result":null,"error":{"code":"Unauthorized","description":"Invalid Crumb"}}}
2026-08-13 10:08:17,898 ERROR HTTP Error 401: {"finance":{"result":null,"error":{"code":"Unauthorized","description":"Invalid Crumb"}}}
2026-08-13 10:08:17,913 ERROR HTTP Error 401: {"finance":{"result":null,"error":{"code":"Unauthorized","description":"Invalid Crumb"}}}
2026-08-13 10:08:53,068 WARNING analyze_ticker(ETN) failed: 'NoneType' object has no attribute 'copy'
2026-08-13 10:08:57,628 WARNING persist_feature_snapshot failed for DE: IOException: IO Error: Cannot open file "C:\Project Y\data\ml_training.duckdb": The process cannot access the file because it is being used by another process.

File is already open in 
C:\Python312\python\python.exe (PID 9288)
2026-08-13 10:08:57,793 WARNING persist_feature_snapshot failed for MS: IOException: IO Error: Cannot open file "C:\Project Y\data\ml_training.duckdb": The process cannot access the file because it is being used by another process.

File is already open in 
C:\Python312\python\python.exe (PID 9288)
2026-08-13 10:08:58,329 WARNING persist_feature_snapshot failed for GE: IOException: IO Error: Cannot open file "C:\Project Y\data\ml_training.duckdb": The process cannot access the file because it is being used by another process.

File is already open in 
C:\Python312\python\python.exe (PID 9288)
2026-08-13 10:08:58,497 WARNING persist_feature_snapshot failed for BAC: IOException: IO Error: Cannot open file "C:\Project Y\data\ml_training.duckdb": The process cannot access the file because it is being used by another process.

File is already open in 
C:\Python312\python\python.exe (PID 9288)
2026-08-13 10:09:18,114 WARNING analyze_ticker(RTX) failed: 'NoneType' object has no attribute 'copy'
2026-08-13 10:09:48,137 ERROR HTTP Error 404: {"quoteSummary":{"result":null,"error":{"code":"Not Found","description":"No fundamentals data found for symbol: IWM"}}}
2026-08-13 10:09:48,500 ERROR HTTP Error 404: {"quoteSummary":{"result":null,"error":{"code":"Not Found","description":"No fundamentals data found for symbol: IWM"}}}
2026-08-13 10:10:01,992 ERROR HTTP Error 404: {"quoteSummary":{"result":null,"error":{"code":"Not Found","description":"No fundamentals data found for symbol: GLD"}}}
2026-08-13 10:10:02,497 ERROR HTTP Error 404: {"quoteSummary":{"result":null,"error":{"code":"Not Found","description":"No fundamentals data found for symbol: GLD"}}}
2026-08-13 10:10:06,657 ERROR HTTP Error 404: {"quoteSummary":{"result":null,"error":{"code":"Not Found","description":"No fundamentals data found for symbol: XLE"}}}
2026-08-13 10:10:07,032 ERROR HTTP Error 401: {"finance":{"result":null,"error":{"code":"Unauthorized","description":"Invalid Crumb"}}}
2026-08-13 10:10:07,140 ERROR HTTP Error 401: {"finance":{"result":null,"error":{"code":"Unauthorized","description":"Invalid Crumb"}}}
2026-08-13 10:10:14,913 ERROR HTTP Error 404: {"quoteSummary":{"result":null,"error":{"code":"Not Found","description":"No fundamentals data found for symbol: IWM"}}}
2026-08-13 10:10:15,282 ERROR HTTP Error 404: {"quoteSummary":{"result":null,"error":{"code":"Not Found","description":"No fundamentals data found for symbol: IWM"}}}
2026-08-13 10:10:16,844 ERROR HTTP Error 404: {"quoteSummary":{"result":null,"error":{"code":"Not Found","description":"No fundamentals data found for symbol: GLD"}}}
2026-08-13 10:10:17,496 ERROR HTTP Error 404: {"quoteSummary":{"result":null,"error":{"code":"Not Found","description":"No fundamentals data found for symbol: GLD"}}}
2026-08-13 10:10:24,591 ERROR HTTP Error 404: {"quoteSummary":{"result":null,"error":{"code":"Not Found","description":"No fundamentals data found for symbol: XLE"}}}
2026-08-13 10:10:24,957 ERROR HTTP Error 404: {"quoteSummary":{"result":null,"error":{"code":"Not Found","description":"No fundamentals data found for symbol: XLE"}}}
2026-08-13 10:10:26,165 ERROR HTTP Error 401: {"finance":{"result":null,"error":{"code":"Unauthorized","description":"Invalid Crumb"}}}
2026-08-13 10:10:32,550 ERROR HTTP Error 401: {"finance":{"result":null,"error":{"code":"Unauthorized","description":"User is unable to access this feature - https://bit.ly/yahoo-finance-api-feedback"}}}
2026-08-13 10:11:12,089 WARNING persist_feature_snapshot failed for UPS: IOException: IO Error: Cannot open file "C:\Project Y\data\ml_training.duckdb": The process cannot access the file because it is being used by another process.

File is already open in 
C:\Python312\python\python.exe (PID 9288)
2026-08-13 10:11:12,206 WARNING persist_feature_snapshot failed for FDX: IOException: IO Error: Cannot open file "C:\Project Y\data\ml_training.duckdb": The process cannot access the file because it is being used by another process.

File is already open in 
C:\Python312\python\python.exe (PID 9288)
2026-08-13 10:11:12,344 WARNING persist_feature_snapshot failed for LOW: IOException: IO Error: Cannot open file "C:\Project Y\data\ml_training.duckdb": The process cannot access the file because it is being used by another process.

File is already open in 
C:\Python312\python\python.exe (PID 9288)
2026-08-13 10:11:25,080 INFO [gate:capital] MSFT Bear Combo rejected — required $1722.00 > buying_power $1500.00 × 100% = $1500.00
2026-08-13 10:11:25,130 INFO [repair] AMD Cash Secured Put — roi gate failed; injecting 45 variant(s) for full gate re-evaluation
2026-08-13 10:11:25,130 INFO [repair] AMD Call Credit Spread — roi gate failed; injecting 5 variant(s) for full gate re-evaluation
2026-08-13 10:11:25,142 INFO [gate:capital] AMD Short Strangle rejected — required $7191.00 > buying_power $1500.00 × 100% = $1500.00
2026-08-13 10:11:25,153 INFO [repair] AMD Short Strangle — capital gate failed; injecting 5 variant(s) for full gate re-evaluation
2026-08-13 10:11:25,154 INFO [gate:capital] AMD Short Straddle rejected — required $12118.50 > buying_power $1500.00 × 100% = $1500.00
2026-08-13 10:11:25,164 INFO [repair] AMD Short Straddle — capital gate failed; injecting 5 variant(s) for full gate re-evaluation
2026-08-13 10:11:25,166 INFO [gate:capital] AMD Call Debit Spread rejected — required $1685.00 > buying_power $1500.00 × 100% = $1500.00
2026-08-13 10:11:25,185 INFO [repair] AMD Call Debit Spread — capital gate failed; injecting 7 variant(s) for full gate re-evaluation
2026-08-13 10:11:25,186 INFO [gate:capital] AMD Bear Combo rejected — required $5985.00 > buying_power $1500.00 × 100% = $1500.00
2026-08-13 10:11:25,190 INFO [gate:capital] AMD Short Strangle rejected — required $6603.50 > buying_power $1500.00 × 100% = $1500.00
2026-08-13 10:11:25,191 INFO [gate:capital] AMD Short Strangle rejected — required $5996.00 > buying_power $1500.00 × 100% = $1500.00
2026-08-13 10:11:25,191 INFO [gate:capital] AMD Short Strangle rejected — required $5416.00 > buying_power $1500.00 × 100% = $1500.00
2026-08-13 10:11:25,192 INFO [gate:capital] AMD Short Strangle rejected — required $4838.50 > buying_power $1500.00 × 100% = $1500.00
2026-08-13 10:11:25,194 INFO [gate:capital] AMD Short Strangle rejected — required $4281.50 > buying_power $1500.00 × 100% = $1500.00
2026-08-13 10:11:25,221 INFO [gate:capital] AMD Short Straddle rejected — required $11576.00 > buying_power $1500.00 × 100% = $1500.00
2026-08-13 10:11:25,237 INFO [repair] AMD Short Straddle — capital gate failed; injecting 5 variant(s) for full gate re-evaluation
2026-08-13 10:11:25,241 INFO [gate:capital] AMD Bear Combo rejected — required $2640.00 > buying_power $1500.00 × 100% = $1500.00
2026-08-13 10:11:25,288 INFO [gate:capital] TSM Call Debit Spread rejected — required $1610.00 > buying_power $1500.00 × 100% = $1500.00
2026-08-13 10:11:25,298 INFO [repair] TSM Call Debit Spread — capital gate failed; injecting 6 variant(s) for full gate re-evaluation
2026-08-13 10:11:25,323 INFO [repair] QCOM Cash Secured Put — roi gate failed; injecting 6 variant(s) for full gate re-evaluation
2026-08-13 10:11:25,333 INFO [repair] QCOM Short Strangle — roi gate failed; injecting 4 variant(s) for full gate re-evaluation
2026-08-13 10:11:25,333 INFO [gate:capital] QCOM Short Straddle rejected — required $3887.00 > buying_power $1500.00 × 100% = $1500.00
2026-08-13 10:11:25,343 INFO [repair] QCOM Short Straddle — capital gate failed; injecting 5 variant(s) for full gate re-evaluation
2026-08-13 10:11:25,360 INFO [repair] QCOM Iron Butterfly — roi gate failed; injecting 2 variant(s) for full gate re-evaluation
2026-08-13 10:11:25,363 INFO [repair] QCOM Short Straddle — roi gate failed; injecting 5 variant(s) for full gate re-evaluation
2026-08-13 10:11:25,375 INFO [gate:capital] INTC Short Strangle rejected — required $1571.80 > buying_power $1500.00 × 100% = $1500.00
2026-08-13 10:11:25,375 INFO [repair] INTC Short Strangle — capital gate failed; injecting 5 variant(s) for full gate re-evaluation
2026-08-13 10:11:25,387 INFO [repair] INTC Short Straddle — roi gate failed; injecting 5 variant(s) for full gate re-evaluation
2026-08-13 10:11:25,411 INFO [gate:capital] INTC Short Strangle rejected — required $2108.30 > buying_power $1500.00 × 100% = $1500.00
2026-08-13 10:11:25,411 INFO [gate:capital] INTC Short Strangle rejected — required $1998.30 > buying_power $1500.00 × 100% = $1500.00
2026-08-13 10:11:25,441 INFO [repair] INTC Iron Butterfly — roi gate failed; injecting 7 variant(s) for full gate re-evaluation
2026-08-13 10:11:25,452 INFO [repair] INTC Short Straddle — roi gate failed; injecting 5 variant(s) for full gate re-evaluation
2026-08-13 10:11:25,457 INFO [gate:capital] INTC Short Strangle rejected — required $1875.30 > buying_power $1500.00 × 100% = $1500.00
2026-08-13 10:11:25,484 INFO [repair] KLAC Iron Butterfly — roi gate failed; injecting 7 variant(s) for full gate re-evaluation
2026-08-13 10:11:25,500 INFO [repair] KLAC Short Straddle — roi gate failed; injecting 5 variant(s) for full gate re-evaluation
2026-08-13 10:11:25,501 INFO [gate:capital] KLAC Bear Combo rejected — required $1870.00 > buying_power $1500.00 × 100% = $1500.00
2026-08-13 10:11:25,501 INFO [gate:capital] MU Short Strangle rejected — required $13614.50 > buying_power $1500.00 × 100% = $1500.00
2026-08-13 10:11:25,518 INFO [repair] MU Short Strangle — capital gate failed; injecting 5 variant(s) for full gate re-evaluation
2026-08-13 10:11:25,534 INFO [repair] MU Short Straddle — roi gate failed; injecting 5 variant(s) for full gate re-evaluation
2026-08-13 10:11:25,534 INFO [gate:capital] MU Call Debit Spread rejected — required $3325.00 > buying_power $1500.00 × 100% = $1500.00
2026-08-13 10:11:25,559 INFO [repair] MU Call Debit Spread — capital gate failed; injecting 16 variant(s) for full gate re-evaluation
2026-08-13 10:11:25,560 INFO [gate:capital] MU Bear Combo rejected — required $9685.00 > buying_power $1500.00 × 100% = $1500.00
2026-08-13 10:11:25,564 INFO [gate:capital] MU Short Strangle rejected — required $12984.50 > buying_power $1500.00 × 100% = $1500.00
2026-08-13 10:11:25,565 INFO [gate:capital] MU Short Strangle rejected — required $12357.00 > buying_power $1500.00 × 100% = $1500.00
2026-08-13 10:11:25,566 INFO [gate:capital] MU Short Strangle rejected — required $11792.00 > buying_power $1500.00 × 100% = $1500.00
2026-08-13 10:11:25,568 INFO [gate:capital] MU Short Strangle rejected — required $11184.50 > buying_power $1500.00 × 100% = $1500.00
2026-08-13 10:11:25,568 INFO [gate:capital] MU Short Strangle rejected — required $10597.00 > buying_power $1500.00 × 100% = $1500.00
2026-08-13 10:11:25,568 INFO [gate:capital] MU Short Strangle rejected — required $20279.50 > buying_power $1500.00 × 100% = $1500.00
2026-08-13 10:11:25,568 INFO [gate:capital] MU Call Debit Spread rejected — required $2950.00 > buying_power $1500.00 × 100% = $1500.00
2026-08-13 10:11:25,568 INFO [gate:capital] MU Call Debit Spread rejected — required $2685.00 > buying_power $1500.00 × 100% = $1500.00
2026-08-13 10:11:25,568 INFO [gate:capital] MU Call Debit Spread rejected — required $2450.00 > buying_power $1500.00 × 100% = $1500.00
2026-08-13 10:11:25,568 INFO [gate:capital] MU Call Debit Spread rejected — required $2490.00 > buying_power $1500.00 × 100% = $1500.00
2026-08-13 10:11:25,568 INFO [gate:capital] MU Call Debit Spread rejected — required $2110.00 > buying_power $1500.00 × 100% = $1500.00
2026-08-13 10:11:25,568 INFO [gate:capital] MU Call Debit Spread rejected — required $1895.00 > buying_power $1500.00 × 100% = $1500.00
2026-08-13 10:11:25,568 INFO [gate:capital] MU Call Debit Spread rejected — required $1750.00 > buying_power $1500.00 × 100% = $1500.00
2026-08-13 10:11:25,601 INFO [gate:capital] MU Short Strangle rejected — required $14657.00 > buying_power $1500.00 × 100% = $1500.00
2026-08-13 10:11:25,618 INFO [repair] MU Short Strangle — capital gate failed; injecting 5 variant(s) for full gate re-evaluation
2026-08-13 10:11:25,634 INFO [repair] MU Short Straddle — roi gate failed; injecting 5 variant(s) for full gate re-evaluation
2026-08-13 10:11:25,635 INFO [gate:capital] MU Call Debit Spread rejected — required $2375.00 > buying_power $1500.00 × 100% = $1500.00
2026-08-13 10:11:25,655 INFO [repair] MU Call Debit Spread — capital gate failed; injecting 14 variant(s) for full gate re-evaluation
2026-08-13 10:11:25,656 INFO [gate:capital] MU Bear Combo rejected — required $6725.00 > buying_power $1500.00 × 100% = $1500.00
2026-08-13 10:11:25,662 INFO [gate:capital] MU Short Strangle rejected — required $14074.50 > buying_power $1500.00 × 100% = $1500.00
2026-08-13 10:11:25,663 INFO [gate:capital] MU Short Strangle rejected — required $13474.50 > buying_power $1500.00 × 100% = $1500.00
2026-08-13 10:11:25,664 INFO [gate:capital] MU Short Strangle rejected — required $12787.00 > buying_power $1500.00 × 100% = $1500.00
2026-08-13 10:11:25,664 INFO [gate:capital] MU Short Strangle rejected — required $12189.50 > buying_power $1500.00 × 100% = $1500.00
2026-08-13 10:11:25,665 INFO [gate:capital] MU Short Strangle rejected — required $11584.50 > buying_power $1500.00 × 100% = $1500.00
2026-08-13 10:11:25,666 INFO [gate:capital] MU Short Strangle rejected — required $18544.50 > buying_power $1500.00 × 100% = $1500.00
2026-08-13 10:11:25,667 INFO [gate:capital] MU Call Debit Spread rejected — required $2220.00 > buying_power $1500.00 × 100% = $1500.00
2026-08-13 10:11:25,668 INFO [gate:capital] MU Call Debit Spread rejected — required $1880.00 > buying_power $1500.00 × 100% = $1500.00
2026-08-13 10:11:25,668 INFO [gate:capital] MU Call Debit Spread rejected — required $1670.00 > buying_power $1500.00 × 100% = $1500.00
2026-08-13 10:11:25,711 INFO [repair] LRCX Cash Secured Put — roi gate failed; injecting 20 variant(s) for full gate re-evaluation
2026-08-13 10:11:25,725 INFO [repair] LRCX Iron Butterfly — roi gate failed; injecting 5 variant(s) for full gate re-evaluation
2026-08-13 10:11:25,737 INFO [repair] LRCX Short Strangle — roi gate failed; injecting 5 variant(s) for full gate re-evaluation
2026-08-13 10:11:25,749 INFO [repair] LRCX Short Straddle — roi gate failed; injecting 5 variant(s) for full gate re-evaluation
2026-08-13 10:11:25,749 INFO [gate:capital] LRCX Bear Combo rejected — required $3274.00 > buying_power $1500.00 × 100% = $1500.00
2026-08-13 10:11:25,749 INFO [gate:capital] LRCX Short Strangle rejected — required $4174.20 > buying_power $1500.00 × 100% = $1500.00
2026-08-13 10:11:25,761 INFO [gate:capital] LRCX Short Strangle rejected — required $3556.70 > buying_power $1500.00 × 100% = $1500.00
2026-08-13 10:11:25,761 INFO [gate:capital] LRCX Short Strangle rejected — required $2961.70 > buying_power $1500.00 × 100% = $1500.00
2026-08-13 10:11:25,761 INFO [gate:capital] LRCX Short Strangle rejected — required $2431.70 > buying_power $1500.00 × 100% = $1500.00
2026-08-13 10:11:25,761 INFO [gate:capital] LRCX Short Strangle rejected — required $1869.70 > buying_power $1500.00 × 100% = $1500.00
2026-08-13 10:11:25,785 INFO [repair] LRCX Cash Secured Put — roi gate failed; injecting 19 variant(s) for full gate re-evaluation
2026-08-13 10:11:25,785 INFO [repair] LRCX Short Strangle — roi gate failed; injecting 5 variant(s) for full gate re-evaluation
2026-08-13 10:11:25,785 INFO [gate:capital] LRCX Short Straddle rejected — required $7897.70 > buying_power $1500.00 × 100% = $1500.00
2026-08-13 10:11:25,807 INFO [repair] LRCX Short Straddle — capital gate failed; injecting 5 variant(s) for full gate re-evaluation
2026-08-13 10:11:25,809 INFO [gate:capital] LRCX Bear Combo rejected — required $1838.00 > buying_power $1500.00 × 100% = $1500.00
2026-08-13 10:11:25,813 INFO [gate:capital] ASML Call Debit Spread rejected — required $7840.00 > buying_power $1500.00 × 100% = $1500.00
2026-08-13 10:11:25,850 INFO [repair] ASML Call Debit Spread — capital gate failed; injecting 31 variant(s) for full gate re-evaluation
2026-08-13 10:11:25,850 INFO [gate:capital] ASML Call Debit Spread rejected — required $7600.00 > buying_power $1500.00 × 100% = $1500.00
2026-08-13 10:11:25,850 INFO [gate:capital] ASML Call Debit Spread rejected — required $7640.00 > buying_power $1500.00 × 100% = $1500.00
2026-08-13 10:11:25,868 INFO [gate:capital] ASML Call Debit Spread rejected — required $7100.00 > buying_power $1500.00 × 100% = $1500.00
2026-08-13 10:11:25,872 INFO [gate:capital] ASML Call Debit Spread rejected — required $6550.00 > buying_power $1500.00 × 100% = $1500.00
2026-08-13 10:11:25,874 INFO [gate:capital] ASML Call Debit Spread rejected — required $6570.00 > buying_power $1500.00 × 100% = $1500.00
2026-08-13 10:11:25,879 INFO [gate:capital] ASML Call Debit Spread rejected — required $6240.00 > buying_power $1500.00 × 100% = $1500.00
2026-08-13 10:11:25,882 INFO [gate:capital] ASML Call Debit Spread rejected — required $5760.00 > buying_power $1500.00 × 100% = $1500.00
2026-08-13 10:11:25,882 INFO [gate:capital] ASML Call Debit Spread rejected — required $5720.00 > buying_power $1500.00 × 100% = $1500.00
2026-08-13 10:11:25,883 INFO [gate:capital] ASML Call Debit Spread rejected — required $5660.00 > buying_power $1500.00 × 100% = $1500.00
2026-08-13 10:11:25,885 INFO [gate:capital] ASML Call Debit Spread rejected — required $4780.00 > buying_power $1500.00 × 100% = $1500.00
2026-08-13 10:11:25,885 INFO [gate:capital] ASML Call Debit Spread rejected — required $4760.00 > buying_power $1500.00 × 100% = $1500.00
2026-08-13 10:11:25,885 INFO [gate:capital] ASML Call Debit Spread rejected — required $4500.00 > buying_power $1500.00 × 100% = $1500.00
2026-08-13 10:11:25,885 INFO [gate:capital] ASML Call Debit Spread rejected — required $4190.00 > buying_power $1500.00 × 100% = $1500.00
2026-08-13 10:11:25,885 INFO [gate:capital] ASML Call Debit Spread rejected — required $4280.00 > buying_power $1500.00 × 100% = $1500.00
2026-08-13 10:11:25,885 INFO [gate:capital] ASML Call Debit Spread rejected — required $3540.00 > buying_power $1500.00 × 100% = $1500.00
2026-08-13 10:11:25,885 INFO [gate:capital] ASML Call Debit Spread rejected — required $3660.00 > buying_power $1500.00 × 100% = $1500.00
2026-08-13 10:11:25,885 INFO [gate:capital] ASML Call Debit Spread rejected — required $3090.00 > buying_power $1500.00 × 100% = $1500.00
2026-08-13 10:11:25,885 INFO [gate:capital] ASML Call Debit Spread rejected — required $3570.00 > buying_power $1500.00 × 100% = $1500.00
2026-08-13 10:11:25,899 INFO [repair] ASML Call Debit Spread — capital gate failed; injecting 10 variant(s) for full gate re-evaluation
2026-08-13 10:11:25,899 INFO [gate:capital] ASML Call Debit Spread rejected — required $3120.00 > buying_power $1500.00 × 100% = $1500.00
2026-08-13 10:11:25,899 INFO [gate:capital] ASML Call Debit Spread rejected — required $3160.00 > buying_power $1500.00 × 100% = $1500.00
2026-08-13 10:11:25,899 INFO [gate:capital] ASML Call Debit Spread rejected — required $2480.00 > buying_power $1500.00 × 100% = $1500.00
2026-08-13 10:11:25,899 INFO [gate:capital] ASML Call Debit Spread rejected — required $1970.00 > buying_power $1500.00 × 100% = $1500.00
2026-08-13 10:11:25,899 INFO [gate:capital] ASML Call Debit Spread rejected — required $1620.00 > buying_power $1500.00 × 100% = $1500.00
2026-08-13 10:11:25,916 INFO [gate:capital] SNOW Short Strangle rejected — required $4148.30 > buying_power $1500.00 × 100% = $1500.00
2026-08-13 10:11:25,919 INFO [repair] SNOW Short Strangle — capital gate failed; injecting 5 variant(s) for full gate re-evaluation
2026-08-13 10:11:25,919 INFO [gate:capital] SNOW Call Debit Spread rejected — required $2105.00 > buying_power $1500.00 × 100% = $1500.00
2026-08-13 10:11:25,938 INFO [repair] SNOW Call Debit Spread — capital gate failed; injecting 9 variant(s) for full gate re-evaluation
2026-08-13 10:11:25,938 INFO [gate:capital] SNOW Bear Combo rejected — required $4900.00 > buying_power $1500.00 × 100% = $1500.00
2026-08-13 10:11:25,947 INFO [gate:capital] SNOW Diagonal Spread rejected — required $1690.00 > buying_power $1500.00 × 100% = $1500.00
2026-08-13 10:11:25,948 INFO [gate:capital] SNOW Short Strangle rejected — required $3530.80 > buying_power $1500.00 × 100% = $1500.00
2026-08-13 10:11:25,948 INFO [gate:capital] SNOW Short Strangle rejected — required $2890.80 > buying_power $1500.00 × 100% = $1500.00
2026-08-13 10:11:25,950 INFO [gate:capital] SNOW Short Strangle rejected — required $2288.30 > buying_power $1500.00 × 100% = $1500.00
2026-08-13 10:11:25,950 INFO [gate:capital] SNOW Short Strangle rejected — required $1718.30 > buying_power $1500.00 × 100% = $1500.00
2026-08-13 10:11:25,950 INFO [gate:capital] SNOW Call Debit Spread rejected — required $1905.00 > buying_power $1500.00 × 100% = $1500.00
2026-08-13 10:11:25,950 INFO [gate:capital] SNOW Call Debit Spread rejected — required $1550.00 > buying_power $1500.00 × 100% = $1500.00
2026-08-13 10:11:25,989 INFO [repair] SNOW Cash Secured Put — roi gate failed; injecting 12 variant(s) for full gate re-evaluation
2026-08-13 10:11:25,996 INFO [repair] SNOW Short Strangle — roi gate failed; injecting 5 variant(s) for full gate re-evaluation
2026-08-13 10:11:25,996 INFO [gate:capital] SNOW Short Straddle rejected — required $7652.30 > buying_power $1500.00 × 100% = $1500.00
2026-08-13 10:11:26,008 INFO [repair] SNOW Short Straddle — capital gate failed; injecting 5 variant(s) for full gate re-evaluation
2026-08-13 10:11:26,008 INFO [gate:capital] SNOW Bear Combo rejected — required $2067.00 > buying_power $1500.00 × 100% = $1500.00
2026-08-13 10:11:26,038 INFO [repair] MDB Cash Secured Put — roi gate failed; injecting 17 variant(s) for full gate re-evaluation
2026-08-13 10:11:26,050 INFO [repair] MDB Cash Secured Put — roi gate failed; injecting 9 variant(s) for full gate re-evaluation
2026-08-13 10:11:26,055 INFO [repair] MDB Short Strangle — roi gate failed; injecting 4 variant(s) for full gate re-evaluation
2026-08-13 10:11:26,091 INFO [repair] PLTR Cash Secured Put — roi gate failed; injecting 49 variant(s) for full gate re-evaluation
2026-08-13 10:11:26,115 INFO [repair] PLTR Iron Butterfly — roi gate failed; injecting 3 variant(s) for full gate re-evaluation
2026-08-13 10:11:26,115 INFO [gate:capital] PLTR Short Strangle rejected — required $2622.80 > buying_power $1500.00 × 100% = $1500.00
2026-08-13 10:11:26,127 INFO [repair] PLTR Short Strangle — capital gate failed; injecting 5 variant(s) for full gate re-evaluation
2026-08-13 10:11:26,138 INFO [repair] PLTR Short Straddle — roi gate failed; injecting 5 variant(s) for full gate re-evaluation
2026-08-13 10:11:26,138 INFO [gate:capital] PLTR Short Strangle rejected — required $2909.30 > buying_power $1500.00 × 100% = $1500.00
2026-08-13 10:11:26,179 INFO [repair] PLTR Cash Secured Put — roi gate failed; injecting 43 variant(s) for full gate re-evaluation
2026-08-13 10:11:26,201 INFO [repair] PLTR Iron Butterfly — roi gate failed; injecting 3 variant(s) for full gate re-evaluation
2026-08-13 10:11:26,210 INFO [repair] PLTR Short Strangle — roi gate failed; injecting 5 variant(s) for full gate re-evaluation
2026-08-13 10:11:26,221 INFO [repair] PLTR Short Straddle — roi gate failed; injecting 5 variant(s) for full gate re-evaluation
2026-08-13 10:11:26,228 INFO [gate:capital] NET Short Strangle rejected — required $4760.20 > buying_power $1500.00 × 100% = $1500.00
2026-08-13 10:11:26,230 INFO [repair] NET Short Strangle — capital gate failed; injecting 5 variant(s) for full gate re-evaluation
2026-08-13 10:11:26,238 INFO [gate:capital] NET Diagonal Spread rejected — required $1860.00 > buying_power $1500.00 × 100% = $1500.00
2026-08-13 10:11:26,250 INFO [repair] NET Cash Secured Put — roi gate failed; injecting 23 variant(s) for full gate re-evaluation
2026-08-13 10:11:26,271 INFO [repair] NET Iron Butterfly — roi gate failed; injecting 3 variant(s) for full gate re-evaluation
2026-08-13 10:11:26,287 INFO [repair] NET Short Strangle — roi gate failed; injecting 4 variant(s) for full gate re-evaluation
2026-08-13 10:11:26,307 INFO [repair] NET Short Straddle — roi gate failed; injecting 5 variant(s) for full gate re-evaluation
2026-08-13 10:11:26,308 INFO [gate:capital] NET Bear Combo rejected — required $2471.00 > buying_power $1500.00 × 100% = $1500.00
2026-08-13 10:11:26,352 INFO [repair] ORCL Cash Secured Put — roi gate failed; injecting 31 variant(s) for full gate re-evaluation
2026-08-13 10:11:26,387 INFO [repair] ORCL Iron Butterfly — roi gate failed; injecting 4 variant(s) for full gate re-evaluation
2026-08-13 10:11:26,387 INFO [gate:capital] ORCL Short Strangle rejected — required $2195.00 > buying_power $1500.00 × 100% = $1500.00
2026-08-13 10:11:26,404 INFO [repair] ORCL Short Strangle — capital gate failed; injecting 5 variant(s) for full gate re-evaluation
2026-08-13 10:11:26,420 INFO [repair] ORCL Short Straddle — roi gate failed; injecting 5 variant(s) for full gate re-evaluation
2026-08-13 10:11:26,434 INFO [gate:capital] ORCL Short Strangle rejected — required $2049.50 > buying_power $1500.00 × 100% = $1500.00
2026-08-13 10:11:26,434 INFO [gate:capital] ORCL Short Strangle rejected — required $1891.00 > buying_power $1500.00 × 100% = $1500.00
2026-08-13 10:11:26,434 INFO [gate:capital] ORCL Short Strangle rejected — required $1761.00 > buying_power $1500.00 × 100% = $1500.00
2026-08-13 10:11:26,434 INFO [gate:capital] ORCL Short Strangle rejected — required $1633.50 > buying_power $1500.00 × 100% = $1500.00
2026-08-13 10:11:26,438 INFO [gate:capital] ORCL Short Strangle rejected — required $1520.00 > buying_power $1500.00 × 100% = $1500.00
2026-08-13 10:11:26,438 INFO [gate:capital] ORCL Short Strangle rejected — required $2811.50 > buying_power $1500.00 × 100% = $1500.00
2026-08-13 10:11:26,438 INFO [gate:capital] ORCL Short Strangle rejected — required $2656.50 > buying_power $1500.00 × 100% = $1500.00
2026-08-13 10:11:26,438 INFO [gate:capital] ORCL Short Strangle rejected — required $2507.50 > buying_power $1500.00 × 100% = $1500.00
2026-08-13 10:11:26,464 INFO [repair] TEAM Cash Secured Put — roi gate failed; injecting 3 variant(s) for full gate re-evaluation
2026-08-13 10:11:26,516 INFO [repair] NOW Cash Secured Put — roi gate failed; injecting 17 variant(s) for full gate re-evaluation
2026-08-13 10:11:26,537 INFO [repair] NOW Iron Butterfly — roi gate failed; injecting 5 variant(s) for full gate re-evaluation
2026-08-13 10:11:26,538 INFO [gate:capital] NOW Short Strangle rejected — required $1977.20 > buying_power $1500.00 × 100% = $1500.00
2026-08-13 10:11:26,551 INFO [repair] NOW Short Strangle — capital gate failed; injecting 4 variant(s) for full gate re-evaluation
2026-08-13 10:11:26,572 INFO [repair] NOW Short Straddle — roi gate failed; injecting 5 variant(s) for full gate re-evaluation
2026-08-13 10:11:26,581 INFO [gate:capital] NOW Short Strangle rejected — required $1820.70 > buying_power $1500.00 × 100% = $1500.00
2026-08-13 10:11:26,581 INFO [gate:capital] NOW Short Strangle rejected — required $1682.70 > buying_power $1500.00 × 100% = $1500.00
2026-08-13 10:11:26,581 INFO [gate:capital] NOW Short Strangle rejected — required $1561.70 > buying_power $1500.00 × 100% = $1500.00
2026-08-13 10:11:26,581 INFO [gate:capital] NOW Short Strangle rejected — required $2211.20 > buying_power $1500.00 × 100% = $1500.00
2026-08-13 10:11:26,581 INFO [gate:capital] NOW Short Straddle rejected — required $2863.20 > buying_power $1500.00 × 100% = $1500.00
2026-08-13 10:11:26,596 INFO [repair] NOW Short Straddle — capital gate failed; injecting 5 variant(s) for full gate re-evaluation
2026-08-13 10:11:26,612 INFO [gate:capital] META Diagonal Spread rejected — required $2520.00 > buying_power $1500.00 × 100% = $1500.00
2026-08-13 10:11:26,659 INFO [repair] RGTI Iron Butterfly — roi gate failed; injecting 3 variant(s) for full gate re-evaluation
2026-08-13 10:11:26,676 INFO [repair] RGTI Short Straddle — roi gate failed; injecting 5 variant(s) for full gate re-evaluation
2026-08-13 10:11:26,711 INFO [repair] RGTI Short Straddle — roi gate failed; injecting 5 variant(s) for full gate re-evaluation
2026-08-13 10:11:26,796 INFO [repair] APP Cash Secured Put — roi gate failed; injecting 5 variant(s) for full gate re-evaluation
2026-08-13 10:11:26,796 INFO [gate:capital] APP Short Strangle rejected — required $4912.60 > buying_power $1500.00 × 100% = $1500.00
2026-08-13 10:11:26,810 INFO [repair] APP Short Strangle — capital gate failed; injecting 5 variant(s) for full gate re-evaluation
2026-08-13 10:11:26,810 INFO [gate:capital] APP Short Straddle rejected — required $7575.60 > buying_power $1500.00 × 100% = $1500.00
2026-08-13 10:11:26,824 INFO [repair] APP Short Straddle — capital gate failed; injecting 5 variant(s) for full gate re-evaluation
2026-08-13 10:11:26,831 INFO [gate:capital] APP Diagonal Spread rejected — required $2420.00 > buying_power $1500.00 × 100% = $1500.00
2026-08-13 10:11:26,832 INFO [gate:capital] APP Short Strangle rejected — required $4282.60 > buying_power $1500.00 × 100% = $1500.00
2026-08-13 10:11:26,833 INFO [gate:capital] APP Short Strangle rejected — required $3692.60 > buying_power $1500.00 × 100% = $1500.00
2026-08-13 10:11:26,833 INFO [gate:capital] APP Short Strangle rejected — required $3140.10 > buying_power $1500.00 × 100% = $1500.00
2026-08-13 10:11:26,834 INFO [gate:capital] APP Short Strangle rejected — required $2062.60 > buying_power $1500.00 × 100% = $1500.00
2026-08-13 10:11:26,834 INFO [gate:capital] APP Short Strangle rejected — required $1515.10 > buying_power $1500.00 × 100% = $1500.00
2026-08-13 10:11:26,835 INFO [gate:capital] APP Short Strangle rejected — required $6272.60 > buying_power $1500.00 × 100% = $1500.00
2026-08-13 10:11:26,836 INFO [gate:capital] APP Short Strangle rejected — required $5622.60 > buying_power $1500.00 × 100% = $1500.00
2026-08-13 10:11:26,836 INFO [gate:capital] APP Short Strangle rejected — required $4967.60 > buying_power $1500.00 × 100% = $1500.00
2026-08-13 10:11:26,837 INFO [gate:capital] APP Short Strangle rejected — required $4332.60 > buying_power $1500.00 × 100% = $1500.00
2026-08-13 10:11:26,840 INFO [gate:capital] APP Bear Combo rejected — required $2045.00 > buying_power $1500.00 × 100% = $1500.00
2026-08-13 10:11:26,844 INFO [gate:capital] APP Diagonal Spread rejected — required $2230.00 > buying_power $1500.00 × 100% = $1500.00
2026-08-13 10:11:26,870 INFO [gate:capital] LLY Call Debit Spread rejected — required $4275.00 > buying_power $1500.00 × 100% = $1500.00
2026-08-13 10:11:26,894 INFO [repair] LLY Call Debit Spread — capital gate failed; injecting 19 variant(s) for full gate re-evaluation
2026-08-13 10:11:26,894 INFO [gate:capital] LLY Diagonal Spread rejected — required $5100.00 > buying_power $1500.00 × 100% = $1500.00
2026-08-13 10:11:26,894 INFO [gate:capital] LLY Call Debit Spread rejected — required $3600.00 > buying_power $1500.00 × 100% = $1500.00
2026-08-13 10:11:26,894 INFO [gate:capital] LLY Call Debit Spread rejected — required $3400.00 > buying_power $1500.00 × 100% = $1500.00
2026-08-13 10:11:26,894 INFO [gate:capital] LLY Call Debit Spread rejected — required $3300.00 > buying_power $1500.00 × 100% = $1500.00
2026-08-13 10:11:26,906 INFO [gate:capital] LLY Call Debit Spread rejected — required $2900.00 > buying_power $1500.00 × 100% = $1500.00
2026-08-13 10:11:26,908 INFO [gate:capital] LLY Call Debit Spread rejected — required $2700.00 > buying_power $1500.00 × 100% = $1500.00
2026-08-13 10:11:26,908 INFO [gate:capital] LLY Call Debit Spread rejected — required $2400.00 > buying_power $1500.00 × 100% = $1500.00
2026-08-13 10:11:26,912 INFO [gate:capital] LLY Call Debit Spread rejected — required $2300.00 > buying_power $1500.00 × 100% = $1500.00
2026-08-13 10:11:26,912 INFO [gate:capital] LLY Call Debit Spread rejected — required $2100.00 > buying_power $1500.00 × 100% = $1500.00
2026-08-13 10:11:26,913 INFO [gate:capital] LLY Call Debit Spread rejected — required $1900.00 > buying_power $1500.00 × 100% = $1500.00
2026-08-13 10:11:26,914 INFO [gate:capital] LLY Call Debit Spread rejected — required $1700.00 > buying_power $1500.00 × 100% = $1500.00
2026-08-13 10:11:26,915 INFO [gate:capital] LLY Call Debit Spread rejected — required $1600.00 > buying_power $1500.00 × 100% = $1500.00
2026-08-13 10:11:26,952 INFO [repair] ABBV Short Straddle — roi gate failed; injecting 2 variant(s) for full gate re-evaluation
2026-08-13 10:11:26,964 INFO [repair] ABBV Short Strangle — roi gate failed; injecting 4 variant(s) for full gate re-evaluation
2026-08-13 10:11:26,974 INFO [repair] ABBV Short Straddle — roi gate failed; injecting 5 variant(s) for full gate re-evaluation
2026-08-13 10:11:27,014 INFO [repair] XOM Cash Secured Put — roi gate failed; injecting 9 variant(s) for full gate re-evaluation
2026-08-13 10:11:27,024 INFO [repair] XOM Short Straddle — roi gate failed; injecting 5 variant(s) for full gate re-evaluation
2026-08-13 10:11:27,042 INFO [repair] XOM Short Straddle — roi gate failed; injecting 5 variant(s) for full gate re-evaluation
2026-08-13 10:11:27,055 INFO [repair] COP Short Strangle — roi gate failed; injecting 4 variant(s) for full gate re-evaluation
2026-08-13 10:11:27,070 INFO [repair] COP Short Strangle — roi gate failed; injecting 5 variant(s) for full gate re-evaluation
2026-08-13 10:11:27,083 INFO [repair] COP Short Straddle — roi gate failed; injecting 5 variant(s) for full gate re-evaluation
2026-08-13 10:11:27,103 INFO [repair] VRT Cash Secured Put — roi gate failed; injecting 10 variant(s) for full gate re-evaluation
2026-08-13 10:11:27,121 INFO [repair] VRT Iron Butterfly — roi gate failed; injecting 4 variant(s) for full gate re-evaluation
2026-08-13 10:11:27,121 INFO [gate:capital] VRT Short Strangle rejected — required $4410.50 > buying_power $1500.00 × 100% = $1500.00
2026-08-13 10:11:27,132 INFO [repair] VRT Short Strangle — capital gate failed; injecting 5 variant(s) for full gate re-evaluation
2026-08-13 10:11:27,143 INFO [repair] VRT Short Straddle — roi gate failed; injecting 5 variant(s) for full gate re-evaluation
2026-08-13 10:11:27,144 INFO [gate:capital] VRT Bear Combo rejected — required $2460.00 > buying_power $1500.00 × 100% = $1500.00
2026-08-13 10:11:27,149 INFO [gate:capital] VRT Short Strangle rejected — required $3790.50 > buying_power $1500.00 × 100% = $1500.00
2026-08-13 10:11:27,149 INFO [gate:capital] VRT Short Strangle rejected — required $3195.00 > buying_power $1500.00 × 100% = $1500.00
2026-08-13 10:11:27,150 INFO [gate:capital] VRT Short Strangle rejected — required $2629.00 > buying_power $1500.00 × 100% = $1500.00
2026-08-13 10:11:27,152 INFO [gate:capital] VRT Short Strangle rejected — required $2081.00 > buying_power $1500.00 × 100% = $1500.00
2026-08-13 10:11:27,153 INFO [gate:capital] VRT Short Strangle rejected — required $1526.00 > buying_power $1500.00 × 100% = $1500.00
2026-08-13 10:11:27,154 INFO [gate:capital] VRT Short Strangle rejected — required $5053.00 > buying_power $1500.00 × 100% = $1500.00
2026-08-13 10:11:27,156 INFO [gate:capital] VRT Short Strangle rejected — required $4410.50 > buying_power $1500.00 × 100% = $1500.00
2026-08-13 10:11:27,156 INFO [gate:capital] VRT Short Strangle rejected — required $3790.50 > buying_power $1500.00 × 100% = $1500.00
2026-08-13 10:11:27,172 INFO [repair] VRT Cash Secured Put — roi gate failed; injecting 14 variant(s) for full gate re-evaluation
2026-08-13 10:11:27,176 INFO [gate:capital] VRT Short Straddle rejected — required $6808.00 > buying_power $1500.00 × 100% = $1500.00
2026-08-13 10:11:27,190 INFO [repair] VRT Short Straddle — capital gate failed; injecting 5 variant(s) for full gate re-evaluation
2026-08-13 10:11:27,190 INFO [gate:capital] VRT Bear Combo rejected — required $1978.00 > buying_power $1500.00 × 100% = $1500.00
2026-08-13 10:11:27,201 INFO [repair] CVX Cash Secured Put — roi gate failed; injecting 2 variant(s) for full gate re-evaluation
2026-08-13 10:11:27,213 INFO [repair] CVX Short Straddle — roi gate failed; injecting 3 variant(s) for full gate re-evaluation
2026-08-13 10:11:27,225 INFO [repair] CVX Cash Secured Put — roi gate failed; injecting 6 variant(s) for full gate re-evaluation
2026-08-13 10:11:27,231 INFO [repair] CVX Call Credit Spread — roi gate failed; injecting 1 variant(s) for full gate re-evaluation
2026-08-13 10:11:27,237 INFO [repair] CVX Iron Butterfly — roi gate failed; injecting 1 variant(s) for full gate re-evaluation
2026-08-13 10:11:27,248 INFO [repair] CVX Short Strangle — roi gate failed; injecting 5 variant(s) for full gate re-evaluation
2026-08-13 10:11:27,258 INFO [repair] CVX Short Straddle — roi gate failed; injecting 5 variant(s) for full gate re-evaluation
2026-08-13 10:11:27,272 INFO [repair] OXY Iron Butterfly — roi gate failed; injecting 2 variant(s) for full gate re-evaluation
2026-08-13 10:11:27,278 INFO [repair] OXY Short Strangle — roi gate failed; injecting 1 variant(s) for full gate re-evaluation
2026-08-13 10:11:27,287 INFO [repair] OXY Short Straddle — roi gate failed; injecting 4 variant(s) for full gate re-evaluation
2026-08-13 10:11:27,296 INFO [repair] OXY Short Straddle — roi gate failed; injecting 5 variant(s) for full gate re-evaluation
2026-08-13 10:11:27,308 INFO [repair] FCX Short Strangle — roi gate failed; injecting 4 variant(s) for full gate re-evaluation
2026-08-13 10:11:27,320 INFO [repair] FCX Short Straddle — roi gate failed; injecting 5 variant(s) for full gate re-evaluation
2026-08-13 10:11:27,340 INFO [repair] FCX Short Straddle — roi gate failed; injecting 5 variant(s) for full gate re-evaluation
2026-08-13 10:11:27,352 INFO [repair] AMT Cash Secured Put — roi gate failed; injecting 2 variant(s) for full gate re-evaluation
2026-08-13 10:11:27,352 INFO [repair] AMT Cash Secured Put — roi gate failed; injecting 2 variant(s) for full gate re-evaluation
2026-08-13 10:11:27,440 INFO [filter] 2017 rejected, 163 survived — gate breakdown: {'liquidity': 57, 'capital_feasibility': 151, 'expected_roi': 755, 'iv_edge': 110, 'reward_risk': 107, 'strikes_incomplete': 333, 'min_profit': 340, 'no_ev_or_pop': 79, 'ml_confidence': 85}
2026-08-13 10:11:27,440 INFO [filter] strikes_incomplete by structure: {'Jade Lizard': 51, 'Iron Condor': 40, 'Call Credit Spread': 37, 'Put Credit Spread': 33, 'Diagonal Spread': 32, 'Iron Butterfly': 17, 'Put Debit Spread': 15, 'Short Straddle': 14, 'Calendar Spread': 11, 'Risk Reversal': 10, 'Bear Combo': 10, 'Long Strangle': 10, 'Short Strangle': 9, 'Ratio Put Backspread': 9, 'Financed Long Call': 7, 'Covered Call': 6, 'Call Debit Spread': 6, 'Financed Long Put': 6, 'Cash Secured Put': 5, 'Ratio Call Backspread': 5}
2026-08-13 10:11:41,241 INFO [risk] Skip NVDA — already have 4 open position(s)
2026-08-13 10:11:45,457 INFO [risk] Skip QCOM — already have 3 open position(s)
2026-08-13 10:12:09,785 INFO [risk] Skip NKE — already have 2 open position(s)
2026-08-13 10:12:09,785 INFO [risk] Skip WMT — already have 4 open position(s)
2026-08-13 10:12:27,484 INFO [risk] Skip IWM — already have 3 open position(s)
2026-08-13 10:12:28,978 INFO Ranking: composite score (XGBRanker not trained)
2026-08-13 10:12:29,054 INFO [capital_rejected] 906 entries persisted to capital_rejected.jsonl
2026-08-13 10:12:30,402 INFO Paper trade #1: 20260813AM_SPY_CDS_1  credit=2.860  expiry=2026-08-21
2026-08-13 10:12:34,242 INFO Training snapshot written for paper trade 20260813AM_SPY_CDS_1
2026-08-13 10:12:34,726 INFO Paper trade #2: 20260813AM_META_CDS_2  credit=11.625  expiry=2026-08-28
2026-08-13 10:12:37,624 INFO Training snapshot written for paper trade 20260813AM_META_CDS_2
2026-08-13 10:12:37,959 INFO Paper trade #3: 20260813AM_APP_COV_3  credit=4.050  expiry=2026-08-28
2026-08-13 10:12:41,834 INFO Training snapshot written for paper trade 20260813AM_APP_COV_3
2026-08-13 10:22:55,082 INFO [scan_morning] scan snapshots: 194 saved, 6 skipped (opened), 0 errors
2026-08-13 10:22:55,091 INFO Scan snapshots: 194 saved, 6 skipped
2026-08-14 10:00:05,604 WARNING [warmup] E*TRADE not authenticated — option chains will fall back to yfinance
2026-08-14 10:00:05,618 INFO ml_cache disk file is stale (417782s) — trying DuckDB
2026-08-14 10:00:12,337 INFO ml_cache loaded from DuckDB fallback: 83 tickers
2026-08-14 10:00:12,348 INFO [prefetch] step 1 — batch daily history for 102 tickers
2026-08-14 10:00:29,425 INFO [prefetch] daily history done: 102 ok, 0 fail  (17.1s)
2026-08-14 10:00:29,425 INFO [prefetch] step 2 — batch weekly history for 101 tickers
2026-08-14 10:00:45,262 INFO [prefetch] weekly history done: 101 ok, 0 fail  (32.9s)
2026-08-14 10:00:45,273 INFO [prefetch] step 3+4 — expirations + chains for 101 tickers (serial)
2026-08-14 10:02:40,358 INFO [prefetch] done in 148s — hist 102/102, weekly 101/101, exps 101/101, chains 407 (fail 0)
2026-08-14 10:02:40,361 INFO [scan] cache ready — 711 total keys, 407 chain keys
2026-08-14 10:02:42,557 ERROR HTTP Error 404: {"quoteSummary":{"result":null,"error":{"code":"Not Found","description":"No fundamentals data found for symbol: QQQ"}}}
2026-08-14 10:02:42,575 ERROR HTTP Error 404: {"quoteSummary":{"result":null,"error":{"code":"Not Found","description":"No fundamentals data found for symbol: TQQQ"}}}
2026-08-14 10:02:42,821 ERROR HTTP Error 404: {"quoteSummary":{"result":null,"error":{"code":"Not Found","description":"No fundamentals data found for symbol: SPY"}}}
2026-08-14 10:02:42,827 ERROR HTTP Error 404: {"quoteSummary":{"result":null,"error":{"code":"Not Found","description":"No fundamentals data found for symbol: TQQQ"}}}
2026-08-14 10:02:42,943 ERROR HTTP Error 404: {"quoteSummary":{"result":null,"error":{"code":"Not Found","description":"No fundamentals data found for symbol: QQQ"}}}
2026-08-14 10:02:43,403 ERROR HTTP Error 404: {"quoteSummary":{"result":null,"error":{"code":"Not Found","description":"No fundamentals data found for symbol: SPY"}}}
2026-08-14 10:03:10,583 ERROR HTTP Error 401: {"finance":{"result":null,"error":{"code":"Unauthorized","description":"Invalid Crumb"}}}
2026-08-14 10:03:10,583 ERROR HTTP Error 401: {"finance":{"result":null,"error":{"code":"Unauthorized","description":"Invalid Crumb"}}}
2026-08-14 10:03:14,246 ERROR HTTP Error 401: {"finance":{"result":null,"error":{"code":"Unauthorized","description":"Invalid Crumb"}}}
2026-08-14 10:03:17,050 ERROR HTTP Error 404: {"quoteSummary":{"result":null,"error":{"code":"Not Found","description":"No fundamentals data found for symbol: SPY"}}}
2026-08-14 10:03:17,426 ERROR HTTP Error 404: {"quoteSummary":{"result":null,"error":{"code":"Not Found","description":"No fundamentals data found for symbol: SPY"}}}
2026-08-14 10:03:18,664 ERROR HTTP Error 404: {"quoteSummary":{"result":null,"error":{"code":"Not Found","description":"No fundamentals data found for symbol: TQQQ"}}}
2026-08-14 10:03:19,034 ERROR HTTP Error 404: {"quoteSummary":{"result":null,"error":{"code":"Not Found","description":"No fundamentals data found for symbol: TQQQ"}}}
2026-08-14 10:03:21,126 ERROR HTTP Error 404: {"quoteSummary":{"result":null,"error":{"code":"Not Found","description":"No fundamentals data found for symbol: QQQ"}}}
2026-08-14 10:03:21,641 ERROR HTTP Error 404: {"quoteSummary":{"result":null,"error":{"code":"Not Found","description":"No fundamentals data found for symbol: QQQ"}}}
2026-08-14 10:04:19,256 ERROR HTTP Error 401: {"finance":{"result":null,"error":{"code":"Unauthorized","description":"Invalid Crumb"}}}
2026-08-14 10:06:47,902 ERROR HTTP Error 401: {"finance":{"result":null,"error":{"code":"Unauthorized","description":"Invalid Crumb"}}}
2026-08-14 10:07:04,500 ERROR HTTP Error 401: {"finance":{"result":null,"error":{"code":"Unauthorized","description":"User is unable to access this feature - https://bit.ly/yahoo-finance-api-feedback"}}}
2026-08-14 10:07:22,104 WARNING persist_feature_snapshot failed for SHOP: ConnectionException: Connection Error: Can't open a connection to same database file with a different configuration than existing connections
2026-08-14 10:07:22,256 WARNING persist_feature_snapshot failed for AMZN: ConnectionException: Connection Error: Can't open a connection to same database file with a different configuration than existing connections
2026-08-14 10:08:05,510 WARNING persist_feature_snapshot failed for COST: ConnectionException: Connection Error: Can't open a connection to same database file with a different configuration than existing connections
2026-08-14 10:08:20,149 ERROR HTTP Error 401: {"finance":{"result":null,"error":{"code":"Unauthorized","description":"Invalid Crumb"}}}
2026-08-14 10:08:20,172 ERROR HTTP Error 401: {"finance":{"result":null,"error":{"code":"Unauthorized","description":"Invalid Crumb"}}}
2026-08-14 10:08:45,314 ERROR HTTP Error 401: {"finance":{"result":null,"error":{"code":"Unauthorized","description":"Invalid Crumb"}}}
2026-08-14 10:08:45,330 ERROR HTTP Error 401: {"finance":{"result":null,"error":{"code":"Unauthorized","description":"Invalid Crumb"}}}
2026-08-14 10:08:55,520 WARNING persist_feature_snapshot failed for MA: IOException: IO Error: Cannot open file "C:\Project Y\data\ml_training.duckdb": The process cannot access the file because it is being used by another process.

File is already open in 
C:\Python312\python\python.exe (PID 4104)
2026-08-14 10:08:56,473 WARNING persist_feature_snapshot failed for UNH: IOException: IO Error: Cannot open file "C:\Project Y\data\ml_training.duckdb": The process cannot access the file because it is being used by another process.

File is already open in 
C:\Python312\python\python.exe (PID 4104)
2026-08-14 10:08:57,439 ERROR HTTP Error 401: {"finance":{"result":null,"error":{"code":"Unauthorized","description":"User is unable to access this feature - https://bit.ly/yahoo-finance-api-feedback"}}}
2026-08-14 10:09:23,772 ERROR HTTP Error 401: {"finance":{"result":null,"error":{"code":"Unauthorized","description":"Invalid Crumb"}}}
2026-08-14 10:09:23,850 ERROR HTTP Error 401: {"finance":{"result":null,"error":{"code":"Unauthorized","description":"Invalid Crumb"}}}
2026-08-14 10:10:00,176 ERROR HTTP Error 401: {"finance":{"result":null,"error":{"code":"Unauthorized","description":"Invalid Crumb"}}}
2026-08-14 10:10:54,597 ERROR HTTP Error 404: {"quoteSummary":{"result":null,"error":{"code":"Not Found","description":"No fundamentals data found for symbol: IWM"}}}
2026-08-14 10:10:54,965 ERROR HTTP Error 404: {"quoteSummary":{"result":null,"error":{"code":"Not Found","description":"No fundamentals data found for symbol: IWM"}}}
2026-08-14 10:10:56,985 ERROR HTTP Error 404: {"quoteSummary":{"result":null,"error":{"code":"Not Found","description":"No fundamentals data found for symbol: GLD"}}}
2026-08-14 10:10:57,599 ERROR HTTP Error 404: {"quoteSummary":{"result":null,"error":{"code":"Not Found","description":"No fundamentals data found for symbol: GLD"}}}
2026-08-14 10:11:01,990 ERROR HTTP Error 401: {"finance":{"result":null,"error":{"code":"Unauthorized","description":"Invalid Crumb"}}}
2026-08-14 10:11:19,919 ERROR HTTP Error 404: {"quoteSummary":{"result":null,"error":{"code":"Not Found","description":"No fundamentals data found for symbol: XLE"}}}
2026-08-14 10:11:20,253 ERROR HTTP Error 404: {"quoteSummary":{"result":null,"error":{"code":"Not Found","description":"No fundamentals data found for symbol: XLE"}}}
2026-08-14 10:11:30,508 ERROR HTTP Error 404: {"quoteSummary":{"result":null,"error":{"code":"Not Found","description":"No fundamentals data found for symbol: IWM"}}}
2026-08-14 10:11:30,758 WARNING persist_feature_snapshot failed for GLD: IOException: IO Error: Cannot open file "C:\Project Y\data\ml_training.duckdb": The process cannot access the file because it is being used by another process.

File is already open in 
C:\Python312\python\python.exe (PID 4104)
2026-08-14 10:11:30,875 ERROR HTTP Error 404: {"quoteSummary":{"result":null,"error":{"code":"Not Found","description":"No fundamentals data found for symbol: IWM"}}}
2026-08-14 10:11:30,891 WARNING persist_feature_snapshot failed for FCX: IOException: IO Error: Cannot open file "C:\Project Y\data\ml_training.duckdb": The process cannot access the file because it is being used by another process.

File is already open in 
C:\Python312\python\python.exe (PID 4104)
2026-08-14 10:11:37,218 ERROR HTTP Error 404: {"quoteSummary":{"result":null,"error":{"code":"Not Found","description":"No fundamentals data found for symbol: GLD"}}}
2026-08-14 10:11:37,735 ERROR HTTP Error 404: {"quoteSummary":{"result":null,"error":{"code":"Not Found","description":"No fundamentals data found for symbol: GLD"}}}
2026-08-14 10:11:42,808 ERROR HTTP Error 404: {"quoteSummary":{"result":null,"error":{"code":"Not Found","description":"No fundamentals data found for symbol: XLE"}}}
2026-08-14 10:11:43,583 ERROR HTTP Error 404: {"quoteSummary":{"result":null,"error":{"code":"Not Found","description":"No fundamentals data found for symbol: XLE"}}}
2026-08-17 10:00:16,449 WARNING [warmup] E*TRADE not authenticated — option chains will fall back to yfinance
2026-08-17 10:00:16,466 INFO ml_cache disk file is stale (676993s) — trying DuckDB
2026-08-17 10:00:17,515 INFO ml_cache loaded from DuckDB fallback: 83 tickers
2026-08-17 10:00:17,518 INFO [prefetch] step 1 — batch daily history for 102 tickers
2026-08-17 10:00:38,159 INFO [prefetch] daily history done: 102 ok, 0 fail  (20.6s)
2026-08-17 10:00:38,159 INFO [prefetch] step 2 — batch weekly history for 101 tickers
2026-08-17 10:00:57,838 INFO [prefetch] weekly history done: 101 ok, 0 fail  (40.3s)
2026-08-17 10:00:57,841 INFO [prefetch] step 3+4 — expirations + chains for 101 tickers (serial)
2026-08-17 10:02:56,388 INFO [prefetch] done in 159s — hist 102/102, weekly 101/101, exps 101/101, chains 234 (fail 0)
2026-08-17 10:02:56,405 INFO [scan] cache ready — 538 total keys, 234 chain keys
2026-08-17 10:02:59,086 ERROR HTTP Error 404: {"quoteSummary":{"result":null,"error":{"code":"Not Found","description":"No fundamentals data found for symbol: TQQQ"}}}
2026-08-17 10:02:59,603 ERROR HTTP Error 404: {"quoteSummary":{"result":null,"error":{"code":"Not Found","description":"No fundamentals data found for symbol: TQQQ"}}}
2026-08-17 10:03:00,989 ERROR HTTP Error 404: {"quoteSummary":{"result":null,"error":{"code":"Not Found","description":"No fundamentals data found for symbol: SPY"}}}
2026-08-17 10:03:02,304 ERROR HTTP Error 404: {"quoteSummary":{"result":null,"error":{"code":"Not Found","description":"No fundamentals data found for symbol: QQQ"}}}
2026-08-17 10:03:02,666 ERROR HTTP Error 404: {"quoteSummary":{"result":null,"error":{"code":"Not Found","description":"No fundamentals data found for symbol: SPY"}}}
2026-08-17 10:03:03,881 ERROR HTTP Error 404: {"quoteSummary":{"result":null,"error":{"code":"Not Found","description":"No fundamentals data found for symbol: QQQ"}}}
2026-08-17 10:03:36,162 ERROR HTTP Error 404: {"quoteSummary":{"result":null,"error":{"code":"Not Found","description":"No fundamentals data found for symbol: QQQ"}}}
2026-08-17 10:03:36,701 ERROR HTTP Error 404: {"quoteSummary":{"result":null,"error":{"code":"Not Found","description":"No fundamentals data found for symbol: QQQ"}}}
2026-08-17 10:03:38,693 ERROR HTTP Error 404: {"quoteSummary":{"result":null,"error":{"code":"Not Found","description":"No fundamentals data found for symbol: SPY"}}}
2026-08-17 10:03:39,099 ERROR HTTP Error 404: {"quoteSummary":{"result":null,"error":{"code":"Not Found","description":"No fundamentals data found for symbol: SPY"}}}
2026-08-17 10:03:41,907 ERROR HTTP Error 404: {"quoteSummary":{"result":null,"error":{"code":"Not Found","description":"No fundamentals data found for symbol: TQQQ"}}}
2026-08-17 10:03:42,574 ERROR HTTP Error 404: {"quoteSummary":{"result":null,"error":{"code":"Not Found","description":"No fundamentals data found for symbol: TQQQ"}}}
2026-08-17 10:03:48,608 ERROR HTTP Error 401: {"finance":{"result":null,"error":{"code":"Unauthorized","description":"Invalid Crumb"}}}
2026-08-17 10:03:49,344 ERROR HTTP Error 401: {"finance":{"result":null,"error":{"code":"Unauthorized","description":"User is unable to access this feature - https://bit.ly/yahoo-finance-api-feedback"}}}
2026-08-17 10:03:58,793 WARNING analyze_ticker(MU) failed: 'NoneType' object has no attribute 'copy'
2026-08-17 10:04:44,844 ERROR HTTP Error 401: {"finance":{"result":null,"error":{"code":"Unauthorized","description":"User is unable to access this feature - https://bit.ly/yahoo-finance-api-feedback"}}}
2026-08-17 10:05:09,718 ERROR HTTP Error 401: {"finance":{"result":null,"error":{"code":"Unauthorized","description":"Invalid Crumb"}}}
2026-08-17 10:06:17,267 WARNING analyze_ticker(SPOT) failed: 'NoneType' object has no attribute 'copy'
2026-08-18 10:00:52,233 WARNING [warmup] E*TRADE not authenticated — option chains will fall back to yfinance
2026-08-18 10:00:52,313 INFO ml_cache disk file is stale (763429s) — trying DuckDB
2026-08-18 10:00:55,293 INFO ml_cache loaded from DuckDB fallback: 83 tickers
2026-08-18 10:00:55,332 INFO [prefetch] step 1 — batch daily history for 102 tickers
2026-08-18 10:01:12,732 INFO [prefetch] daily history done: 102 ok, 0 fail  (17.4s)
2026-08-18 10:01:12,732 INFO [prefetch] step 2 — batch weekly history for 101 tickers
2026-08-18 10:01:30,549 INFO [prefetch] weekly history done: 101 ok, 0 fail  (35.2s)
2026-08-18 10:01:30,565 INFO [prefetch] step 3+4 — expirations + chains for 101 tickers (serial)
2026-08-18 10:03:20,542 INFO [prefetch] done in 145s — hist 102/102, weekly 101/101, exps 101/101, chains 471 (fail 0)
2026-08-18 10:03:20,545 INFO [scan] cache ready — 775 total keys, 471 chain keys
2026-08-18 10:03:21,910 ERROR HTTP Error 404: {"quoteSummary":{"result":null,"error":{"code":"Not Found","description":"No fundamentals data found for symbol: TQQQ"}}}
2026-08-18 10:03:22,342 ERROR HTTP Error 404: {"quoteSummary":{"result":null,"error":{"code":"Not Found","description":"No fundamentals data found for symbol: TQQQ"}}}
2026-08-18 10:03:22,830 ERROR HTTP Error 404: {"quoteSummary":{"result":null,"error":{"code":"Not Found","description":"No fundamentals data found for symbol: QQQ"}}}
2026-08-18 10:03:23,037 ERROR HTTP Error 404: {"quoteSummary":{"result":null,"error":{"code":"Not Found","description":"No fundamentals data found for symbol: SPY"}}}
2026-08-18 10:03:23,445 ERROR HTTP Error 404: {"quoteSummary":{"result":null,"error":{"code":"Not Found","description":"No fundamentals data found for symbol: SPY"}}}
2026-08-18 10:03:23,531 ERROR HTTP Error 404: {"quoteSummary":{"result":null,"error":{"code":"Not Found","description":"No fundamentals data found for symbol: QQQ"}}}
2026-08-18 10:03:43,108 ERROR HTTP Error 404: {"quoteSummary":{"result":null,"error":{"code":"Not Found","description":"No fundamentals data found for symbol: TQQQ"}}}
2026-08-18 10:03:43,417 ERROR HTTP Error 404: {"quoteSummary":{"result":null,"error":{"code":"Not Found","description":"No fundamentals data found for symbol: TQQQ"}}}
2026-08-18 10:03:46,039 WARNING persist_feature_snapshot failed for AMD: IOException: IO Error: Cannot open file "C:\Project Y\data\ml_training.duckdb": The process cannot access the file because it is being used by another process.

File is already open in 
C:\Python312\python\python.exe (PID 13188)
2026-08-18 10:03:48,922 ERROR HTTP Error 404: {"quoteSummary":{"result":null,"error":{"code":"Not Found","description":"No fundamentals data found for symbol: SPY"}}}
2026-08-18 10:03:49,240 ERROR HTTP Error 404: {"quoteSummary":{"result":null,"error":{"code":"Not Found","description":"No fundamentals data found for symbol: SPY"}}}
2026-08-18 10:04:00,850 ERROR HTTP Error 404: {"quoteSummary":{"result":null,"error":{"code":"Not Found","description":"No fundamentals data found for symbol: QQQ"}}}
2026-08-18 10:04:01,144 ERROR HTTP Error 404: {"quoteSummary":{"result":null,"error":{"code":"Not Found","description":"No fundamentals data found for symbol: QQQ"}}}
2026-08-18 10:04:26,943 ERROR HTTP Error 401: {"finance":{"result":null,"error":{"code":"Unauthorized","description":"Invalid Crumb"}}}
2026-08-18 10:04:27,031 ERROR HTTP Error 401: {"finance":{"result":null,"error":{"code":"Unauthorized","description":"Invalid Crumb"}}}
2026-08-18 10:05:03,416 ERROR HTTP Error 401: {"finance":{"result":null,"error":{"code":"Unauthorized","description":"User is unable to access this feature - https://bit.ly/yahoo-finance-api-feedback"}}}
2026-08-18 10:05:31,782 WARNING persist_feature_snapshot failed for ASML: ConnectionException: Connection Error: Can't open a connection to same database file with a different configuration than existing connections
2026-08-18 10:05:33,057 ERROR HTTP Error 401: {"finance":{"result":null,"error":{"code":"Unauthorized","description":"User is unable to access this feature - https://bit.ly/yahoo-finance-api-feedback"}}}
2026-08-18 10:05:43,758 ERROR HTTP Error 401: {"finance":{"result":null,"error":{"code":"Unauthorized","description":"Invalid Crumb"}}}
2026-08-18 10:05:46,386 ERROR HTTP Error 401: {"finance":{"result":null,"error":{"code":"Unauthorized","description":"User is unable to access this feature - https://bit.ly/yahoo-finance-api-feedback"}}}
2026-08-18 10:05:58,377 ERROR HTTP Error 401: {"finance":{"result":null,"error":{"code":"Unauthorized","description":"User is unable to access this feature - https://bit.ly/yahoo-finance-api-feedback"}}}
2026-08-18 10:06:21,300 WARNING persist_feature_snapshot failed for SPOT: IOException: IO Error: Cannot open file "C:\Project Y\data\ml_training.duckdb": The process cannot access the file because it is being used by another process.

File is already open in 
C:\Python312\python\python.exe (PID 13188)
2026-08-18 10:06:22,572 WARNING persist_feature_snapshot failed for NFLX: IOException: IO Error: Cannot open file "C:\Project Y\data\ml_training.duckdb": The process cannot access the file because it is being used by another process.

File is already open in 
C:\Python312\python\python.exe (PID 13188)
2026-08-18 10:06:23,340 WARNING persist_feature_snapshot failed for DIS: IOException: IO Error: Cannot open file "C:\Project Y\data\ml_training.duckdb": The process cannot access the file because it is being used by another process.

File is already open in 
C:\Python312\python\python.exe (PID 13188)
2026-08-18 10:06:24,062 ERROR HTTP Error 401: {"finance":{"result":null,"error":{"code":"Unauthorized","description":"Invalid Crumb"}}}
2026-08-18 10:06:24,071 ERROR HTTP Error 401: {"finance":{"result":null,"error":{"code":"Unauthorized","description":"Invalid Crumb"}}}
2026-08-18 10:06:24,086 ERROR HTTP Error 401: {"finance":{"result":null,"error":{"code":"Unauthorized","description":"Invalid Crumb"}}}
2026-08-18 10:06:24,125 ERROR HTTP Error 401: {"finance":{"result":null,"error":{"code":"Unauthorized","description":"Invalid Crumb"}}}
2026-08-18 10:06:24,187 ERROR HTTP Error 401: {"finance":{"result":null,"error":{"code":"Unauthorized","description":"User is unable to access this feature - https://bit.ly/yahoo-finance-api-feedback"}}}
2026-08-18 10:06:32,018 WARNING persist_feature_snapshot failed for SPOT: IOException: IO Error: Cannot open file "C:\Project Y\data\ml_training.duckdb": The process cannot access the file because it is being used by another process.

File is already open in 
C:\Python312\python\python.exe (PID 13188)
2026-08-18 10:06:32,334 WARNING persist_feature_snapshot failed for RGTI: IOException: IO Error: Cannot open file "C:\Project Y\data\ml_training.duckdb": The process cannot access the file because it is being used by another process.

File is already open in 
C:\Python312\python\python.exe (PID 13188)
2026-08-18 10:06:32,458 WARNING persist_feature_snapshot failed for DIS: IOException: IO Error: Cannot open file "C:\Project Y\data\ml_training.duckdb": The process cannot access the file because it is being used by another process.

File is already open in 
C:\Python312\python\python.exe (PID 13188)
2026-08-18 10:06:33,838 WARNING analyze_ticker(AMZN) failed: 'NoneType' object has no attribute 'copy'
2026-08-18 10:06:35,268 ERROR HTTP Error 401: {"finance":{"result":null,"error":{"code":"Unauthorized","description":"Invalid Crumb"}}}
2026-08-18 10:07:33,720 ERROR HTTP Error 401: {"finance":{"result":null,"error":{"code":"Unauthorized","description":"Invalid Crumb"}}}
2026-08-18 10:07:42,696 ERROR HTTP Error 401: {"finance":{"result":null,"error":{"code":"Unauthorized","description":"Invalid Crumb"}}}
2026-08-18 10:07:42,712 ERROR HTTP Error 401: {"finance":{"result":null,"error":{"code":"Unauthorized","description":"Invalid Crumb"}}}
2026-08-18 10:07:46,832 ERROR HTTP Error 401: {"finance":{"result":null,"error":{"code":"Unauthorized","description":"Invalid Crumb"}}}
2026-08-18 10:07:58,775 WARNING persist_feature_snapshot failed for BSX: ConnectionException: Connection Error: Can't open a connection to same database file with a different configuration than existing connections
2026-08-20 10:01:11,167 WARNING [warmup] E*TRADE not authenticated — option chains will fall back to yfinance
2026-08-20 10:01:11,270 INFO ml_cache disk file is stale (936248s) — trying DuckDB
2026-08-20 10:01:13,112 INFO ml_cache loaded from DuckDB fallback: 83 tickers
2026-08-20 10:01:13,161 INFO [prefetch] step 1 — batch daily history for 102 tickers
2026-08-20 10:01:54,468 INFO [prefetch] daily history done: 102 ok, 0 fail  (41.3s)
2026-08-20 10:01:54,468 INFO [prefetch] step 2 — batch weekly history for 101 tickers
2026-08-20 10:02:10,562 INFO [prefetch] weekly history done: 101 ok, 0 fail  (57.4s)
2026-08-20 10:02:10,566 INFO [prefetch] step 3+4 — expirations + chains for 101 tickers (serial)
2026-08-20 10:03:57,403 INFO [prefetch] done in 164s — hist 102/102, weekly 101/101, exps 101/101, chains 486 (fail 0)
2026-08-20 10:03:57,404 INFO [scan] cache ready — 790 total keys, 486 chain keys
2026-08-20 10:03:58,796 ERROR HTTP Error 404: {"quoteSummary":{"result":null,"error":{"code":"Not Found","description":"No fundamentals data found for symbol: TQQQ"}}}
2026-08-20 10:03:59,143 ERROR HTTP Error 404: {"quoteSummary":{"result":null,"error":{"code":"Not Found","description":"No fundamentals data found for symbol: TQQQ"}}}
2026-08-20 10:03:59,437 ERROR HTTP Error 404: {"quoteSummary":{"result":null,"error":{"code":"Not Found","description":"No fundamentals data found for symbol: SPY"}}}
2026-08-20 10:03:59,683 ERROR HTTP Error 404: {"quoteSummary":{"result":null,"error":{"code":"Not Found","description":"No fundamentals data found for symbol: QQQ"}}}
2026-08-20 10:03:59,712 ERROR HTTP Error 404: {"quoteSummary":{"result":null,"error":{"code":"Not Found","description":"No fundamentals data found for symbol: SPY"}}}
2026-08-20 10:04:00,111 ERROR HTTP Error 404: {"quoteSummary":{"result":null,"error":{"code":"Not Found","description":"No fundamentals data found for symbol: QQQ"}}}
2026-08-20 10:04:09,698 WARNING persist_feature_snapshot failed for SPY: ConnectionException: Connection Error: Can't open a connection to same database file with a different configuration than existing connections
2026-08-20 10:04:12,704 ERROR HTTP Error 404: {"quoteSummary":{"result":null,"error":{"code":"Not Found","description":"No fundamentals data found for symbol: SPY"}}}
2026-08-20 10:04:13,118 ERROR HTTP Error 404: {"quoteSummary":{"result":null,"error":{"code":"Not Found","description":"No fundamentals data found for symbol: SPY"}}}
2026-08-20 10:04:23,606 ERROR HTTP Error 404: {"quoteSummary":{"result":null,"error":{"code":"Not Found","description":"No fundamentals data found for symbol: QQQ"}}}
2026-08-20 10:04:23,979 ERROR HTTP Error 404: {"quoteSummary":{"result":null,"error":{"code":"Not Found","description":"No fundamentals data found for symbol: QQQ"}}}
2026-08-20 10:04:27,969 ERROR HTTP Error 404: {"quoteSummary":{"result":null,"error":{"code":"Not Found","description":"No fundamentals data found for symbol: TQQQ"}}}
2026-08-20 10:04:28,326 ERROR HTTP Error 404: {"quoteSummary":{"result":null,"error":{"code":"Not Found","description":"No fundamentals data found for symbol: TQQQ"}}}
2026-08-20 10:04:58,716 ERROR HTTP Error 401: {"finance":{"result":null,"error":{"code":"Unauthorized","description":"User is unable to access this feature - https://bit.ly/yahoo-finance-api-feedback"}}}
2026-08-20 10:05:06,959 ERROR HTTP Error 401: {"finance":{"result":null,"error":{"code":"Unauthorized","description":"Invalid Crumb"}}}
2026-08-20 10:06:13,561 WARNING persist_feature_snapshot failed for SNOW: IOException: IO Error: Cannot open file "C:\Project Y\data\ml_training.duckdb": The process cannot access the file because it is being used by another process.

File is already open in 
C:\Python312\python\python.exe (PID 12936)
2026-08-20 10:06:14,422 ERROR HTTP Error 401: {"finance":{"result":null,"error":{"code":"Unauthorized","description":"Invalid Crumb"}}}
2026-08-20 10:06:14,433 ERROR HTTP Error 401: {"finance":{"result":null,"error":{"code":"Unauthorized","description":"Invalid Crumb"}}}
2026-08-21 10:01:03,033 WARNING [warmup] E*TRADE not authenticated — option chains will fall back to yfinance
2026-08-21 10:01:03,166 INFO ml_cache disk file is stale (1022640s) — trying DuckDB
2026-08-21 10:01:07,983 INFO ml_cache loaded from DuckDB fallback: 83 tickers
2026-08-21 10:01:08,048 INFO [prefetch] step 1 — batch daily history for 102 tickers
2026-08-21 10:01:24,436 INFO [prefetch] daily history done: 102 ok, 0 fail  (16.4s)
2026-08-21 10:01:24,438 INFO [prefetch] step 2 — batch weekly history for 101 tickers
2026-08-21 10:01:40,460 INFO [prefetch] weekly history done: 101 ok, 0 fail  (32.4s)
2026-08-21 10:01:40,468 INFO [prefetch] step 3+4 — expirations + chains for 101 tickers (serial)
2026-08-21 10:03:24,656 INFO [prefetch] done in 137s — hist 102/102, weekly 101/101, exps 101/101, chains 486 (fail 0)
2026-08-21 10:03:24,658 INFO [scan] cache ready — 790 total keys, 486 chain keys
2026-08-21 10:03:26,979 ERROR HTTP Error 404: {"quoteSummary":{"result":null,"error":{"code":"Not Found","description":"No fundamentals data found for symbol: QQQ"}}}
2026-08-21 10:03:26,999 ERROR HTTP Error 404: {"quoteSummary":{"result":null,"error":{"code":"Not Found","description":"No fundamentals data found for symbol: SPY"}}}
2026-08-21 10:03:27,117 ERROR HTTP Error 404: {"quoteSummary":{"result":null,"error":{"code":"Not Found","description":"No fundamentals data found for symbol: TQQQ"}}}
2026-08-21 10:03:28,675 ERROR HTTP Error 404: {"quoteSummary":{"result":null,"error":{"code":"Not Found","description":"No fundamentals data found for symbol: QQQ"}}}
2026-08-21 10:03:28,687 ERROR HTTP Error 404: {"quoteSummary":{"result":null,"error":{"code":"Not Found","description":"No fundamentals data found for symbol: SPY"}}}
2026-08-21 10:03:29,423 ERROR HTTP Error 404: {"quoteSummary":{"result":null,"error":{"code":"Not Found","description":"No fundamentals data found for symbol: TQQQ"}}}
2026-08-21 10:03:53,016 WARNING persist_feature_snapshot failed for SPY: ConnectionException: Connection Error: Can't open a connection to same database file with a different configuration than existing connections
2026-08-21 10:03:56,303 ERROR HTTP Error 404: {"quoteSummary":{"result":null,"error":{"code":"Not Found","description":"No fundamentals data found for symbol: SPY"}}}
2026-08-21 10:03:56,591 ERROR HTTP Error 404: {"quoteSummary":{"result":null,"error":{"code":"Not Found","description":"No fundamentals data found for symbol: SPY"}}}
2026-08-21 10:04:02,845 ERROR HTTP Error 404: {"quoteSummary":{"result":null,"error":{"code":"Not Found","description":"No fundamentals data found for symbol: QQQ"}}}
2026-08-21 10:04:03,263 ERROR HTTP Error 404: {"quoteSummary":{"result":null,"error":{"code":"Not Found","description":"No fundamentals data found for symbol: QQQ"}}}
2026-08-21 10:04:09,831 ERROR HTTP Error 404: {"quoteSummary":{"result":null,"error":{"code":"Not Found","description":"No fundamentals data found for symbol: TQQQ"}}}
2026-08-21 10:04:10,205 ERROR HTTP Error 404: {"quoteSummary":{"result":null,"error":{"code":"Not Found","description":"No fundamentals data found for symbol: TQQQ"}}}
2026-08-21 10:04:41,940 WARNING persist_feature_snapshot failed for INTC: ConnectionException: Connection Error: Can't open a connection to same database file with a different configuration than existing connections
2026-08-21 10:04:53,668 ERROR HTTP Error 401: {"finance":{"result":null,"error":{"code":"Unauthorized","description":"Invalid Crumb"}}}
